outcome_id,ticket_id,recorded_at,status,resolution_code,csat
O-00001,T-10002,2026-01-05 15:29:21,resolved,replacement,
O-00002,T-10008,2026-01-06 12:38:38,escalated,,
O-00003,T-10009,2026-01-06 14:03:50,resolved,information,5
O-00004,T-10006,2026-01-06 17:57:51,resolved,refund,4
O-00005,T-10001,2026-01-06 17:58:45,resolved,refund,4
O-00006,T-10007,2026-01-07 03:10:46,resolved,no_action,2
O-00007,T-10012,2026-01-07 05:03:36,resolved,information,3
O-00008,T-10011,2026-01-07 06:17:22,resolved,refund,3
O-00009,T-10004,2026-01-07 08:37:30,resolved,no_action,5
O-00010,T-10016,2026-01-07 09:58:23,escalated,,
O-00011,T-10013,2026-01-07 12:24:28,resolved,information,
O-00012,T-10010,2026-01-07 14:38:19,resolved,refund,5
O-00013,T-10008,2026-01-07 19:16:51,resolved,refund,2
O-00014,T-10005,2026-01-07 21:05:05,resolved,information,3
O-00015,T-10016,2026-01-07 21:44:09,resolved,no_action,
O-00016,T-10022,2026-01-07 23:57:47,escalated,,
O-00017,T-10017,2026-01-08 09:34:42,resolved,replacement,4
O-00018,T-10022,2026-01-08 15:41:19,resolved,information,
O-00019,T-10014,2026-01-08 16:03:30,resolved,information,4
O-00020,T-10023,2026-01-08 17:16:44,resolved,replacement,3
O-00021,T-10029,2026-01-08 23:14:30,resolved,replacement,
O-00022,T-10024,2026-01-09 05:24:49,resolved,refund,3
O-00023,T-10030,2026-01-09 07:43:51,resolved,information,4
O-00024,T-10027,2026-01-09 08:35:28,resolved,information,3
O-00025,T-10025,2026-01-09 09:24:58,resolved,refund,5
O-00026,T-10033,2026-01-09 10:45:45,escalated,,
O-00027,T-10021,2026-01-09 13:58:00,resolved,information,4
O-00028,T-10014,2026-01-09 17:26:31,reopened,,
O-00029,T-10039,2026-01-09 18:42:14,resolved,information,3
O-00030,T-10038,2026-01-09 19:12:48,resolved,no_action,5
O-00031,T-10022,2026-01-09 21:38:00,reopened,,
O-00032,T-10031,2026-01-09 21:57:39,escalated,,
O-00033,T-10033,2026-01-09 22:32:02,resolved,refund,
O-00034,T-10044,2026-01-10 03:31:05,resolved,no_action,5
O-00035,T-10026,2026-01-10 04:33:07,resolved,replacement,4
O-00036,T-10014,2026-01-10 09:17:41,resolved,information,3
O-00037,T-10036,2026-01-10 09:20:27,resolved,refund,4
O-00038,T-10041,2026-01-10 12:44:22,resolved,replacement,
O-00039,T-10032,2026-01-10 14:59:14,resolved,no_action,3
O-00040,T-10039,2026-01-10 16:40:42,reopened,,
O-00041,T-10049,2026-01-10 17:19:00,escalated,,
O-00042,T-10015,2026-01-10 17:43:39,resolved,information,
O-00043,T-10028,2026-01-10 18:59:44,resolved,replacement,5
O-00044,T-10051,2026-01-10 23:50:47,resolved,replacement,
O-00045,T-10045,2026-01-11 00:00:33,resolved,information,
O-00046,T-10039,2026-01-11 04:21:24,resolved,refund,
O-00047,T-10040,2026-01-11 05:22:22,resolved,replacement,5
O-00048,T-10048,2026-01-11 06:26:45,resolved,information,
O-00049,T-10020,2026-01-11 07:58:55,resolved,information,4
O-00050,T-10034,2026-01-11 09:50:07,resolved,replacement,
O-00051,T-10042,2026-01-11 10:24:15,resolved,information,4
O-00052,T-10019,2026-01-11 13:15:43,resolved,refund,
O-00053,T-10053,2026-01-11 14:24:43,resolved,replacement,3
O-00054,T-10037,2026-01-11 14:55:51,resolved,replacement,
O-00055,T-10022,2026-01-11 21:03:52,resolved,replacement,2
O-00056,T-10050,2026-01-11 23:43:59,resolved,replacement,4
O-00057,T-10056,2026-01-12 01:29:36,resolved,information,
O-00058,T-10036,2026-01-12 02:46:18,reopened,,
O-00059,T-10047,2026-01-12 07:59:29,resolved,no_action,5
O-00060,T-10031,2026-01-12 08:12:37,resolved,information,4
O-00061,T-10046,2026-01-12 10:38:49,resolved,refund,4
O-00062,T-10018,2026-01-12 16:54:21,escalated,,
O-00063,T-10052,2026-01-12 18:34:30,resolved,refund,
O-00064,T-10049,2026-01-12 20:03:08,resolved,replacement,
O-00065,T-10043,2026-01-12 22:18:23,resolved,replacement,3
O-00066,T-10035,2026-01-12 22:23:10,escalated,,
O-00067,T-10059,2026-01-12 22:27:06,resolved,information,
O-00068,T-10003,2026-01-13 00:18:42,escalated,,
O-00069,T-10055,2026-01-13 00:19:13,resolved,information,4
O-00070,T-10058,2026-01-13 06:46:40,resolved,refund,
O-00071,T-10024,2026-01-13 11:08:11,reopened,,
O-00072,T-10036,2026-01-13 12:26:46,resolved,information,
O-00073,T-10066,2026-01-13 14:15:26,escalated,,
O-00074,T-10062,2026-01-13 16:43:08,resolved,no_action,
O-00075,T-10003,2026-01-13 18:56:26,resolved,information,
O-00076,T-10035,2026-01-13 20:36:02,resolved,replacement,
O-00077,T-10065,2026-01-13 21:23:02,resolved,information,5
O-00078,T-10069,2026-01-13 23:51:28,escalated,,
O-00079,T-10066,2026-01-14 04:06:18,resolved,information,4
O-00080,T-10057,2026-01-14 05:44:20,resolved,information,2
O-00081,T-10064,2026-01-14 08:08:38,resolved,refund,3
O-00082,T-10060,2026-01-14 14:15:55,resolved,information,
O-00083,T-10024,2026-01-14 16:05:38,resolved,refund,5
O-00084,T-10067,2026-01-14 17:34:47,resolved,refund,
O-00085,T-10053,2026-01-14 20:21:48,reopened,,
O-00086,T-10068,2026-01-14 20:48:44,resolved,replacement,5
O-00087,T-10043,2026-01-14 22:02:01,reopened,,
O-00088,T-10072,2026-01-14 23:21:16,resolved,information,
O-00089,T-10075,2026-01-15 03:17:14,resolved,replacement,4
O-00090,T-10063,2026-01-15 05:03:24,resolved,information,5
O-00091,T-10071,2026-01-15 06:12:09,resolved,refund,4
O-00092,T-10053,2026-01-15 08:42:33,resolved,information,3
O-00093,T-10080,2026-01-15 11:17:25,resolved,information,4
O-00094,T-10081,2026-01-15 13:56:34,resolved,refund,5
O-00095,T-10078,2026-01-15 14:51:52,resolved,no_action,
O-00096,T-10018,2026-01-15 16:17:53,resolved,information,
O-00097,T-10076,2026-01-15 16:46:31,resolved,refund,
O-00098,T-10074,2026-01-16 01:38:26,resolved,information,
O-00099,T-10087,2026-01-16 04:24:32,escalated,,
O-00100,T-10043,2026-01-16 07:40:21,resolved,refund,5
O-00101,T-10088,2026-01-16 10:24:02,resolved,information,
O-00102,T-10084,2026-01-16 11:08:05,resolved,refund,
O-00103,T-10079,2026-01-16 11:52:16,resolved,refund,3
O-00104,T-10073,2026-01-16 14:17:32,resolved,replacement,2
O-00105,T-10090,2026-01-16 15:14:45,resolved,replacement,
O-00106,T-10095,2026-01-16 18:51:53,escalated,,
O-00107,T-10092,2026-01-16 19:51:35,resolved,information,5
O-00108,T-10094,2026-01-16 21:01:42,escalated,,
O-00109,T-10091,2026-01-16 22:57:15,resolved,information,5
O-00110,T-10086,2026-01-17 00:23:47,resolved,replacement,
O-00111,T-10077,2026-01-17 03:32:23,resolved,information,3
O-00112,T-10083,2026-01-17 04:18:15,resolved,information,3
O-00113,T-10072,2026-01-17 08:26:37,reopened,,
O-00114,T-10093,2026-01-17 10:43:09,resolved,no_action,4
O-00115,T-10085,2026-01-17 12:09:41,resolved,no_action,
O-00116,T-10094,2026-01-17 16:11:12,resolved,no_action,3
O-00117,T-10072,2026-01-17 18:42:05,resolved,information,4
O-00118,T-10095,2026-01-17 19:12:06,resolved,information,
O-00119,T-10061,2026-01-17 23:25:54,resolved,refund,4
O-00120,T-10070,2026-01-18 01:14:58,resolved,information,
O-00121,T-10087,2026-01-18 09:14:44,resolved,no_action,5
O-00122,T-10099,2026-01-18 12:11:55,resolved,refund,
O-00123,T-10096,2026-01-18 15:43:39,resolved,replacement,5
O-00124,T-10082,2026-01-18 17:13:15,resolved,information,
O-00125,T-10089,2026-01-18 17:58:57,resolved,information,3
O-00126,T-10100,2026-01-18 21:53:39,escalated,,
O-00127,T-10098,2026-01-19 00:19:02,resolved,replacement,
O-00128,T-10097,2026-01-19 06:51:03,resolved,refund,5
O-00129,T-10067,2026-01-19 15:27:23,reopened,,
O-00130,T-10101,2026-01-19 22:05:09,resolved,refund,2
O-00131,T-10102,2026-01-19 23:55:09,escalated,,
O-00132,T-10104,2026-01-20 00:28:21,resolved,information,5
O-00133,T-10103,2026-01-20 02:59:12,resolved,replacement,4
O-00134,T-10103,2026-01-20 02:59:12,resolved,replacement,4
O-00135,T-10054,2026-01-20 11:42:50,escalated,,
O-00136,T-10106,2026-01-20 12:46:06,escalated,,
O-00137,T-10091,2026-01-20 14:15:19,reopened,,
O-00138,T-10054,2026-01-20 15:11:25,resolved,no_action,2
O-00139,T-10061,2026-01-20 18:04:47,reopened,,
O-00140,T-10090,2026-01-20 19:16:57,reopened,,
O-00141,T-10091,2026-01-20 19:59:08,resolved,information,5
O-00142,T-10100,2026-01-21 02:36:19,resolved,information,
O-00143,T-10115,2026-01-21 03:18:43,escalated,,
O-00144,T-10115,2026-01-21 03:18:43,escalated,,
O-00145,T-10102,2026-01-21 03:36:48,resolved,no_action,4
O-00146,T-10109,2026-01-21 06:52:09,resolved,refund,
O-00147,T-10067,2026-01-21 07:19:20,resolved,information,5
O-00148,T-10113,2026-01-21 07:59:40,resolved,refund,
O-00149,T-10105,2026-01-21 08:11:02,resolved,replacement,5
O-00150,T-10106,2026-01-21 09:04:52,resolved,information,3
O-00151,T-10061,2026-01-21 11:49:24,resolved,refund,3
O-00152,T-10090,2026-01-21 13:02:59,resolved,replacement,4
O-00153,T-10112,2026-01-21 14:05:08,resolved,refund,3
O-00154,T-10107,2026-01-21 17:45:28,resolved,refund,3
O-00155,T-10120,2026-01-21 21:26:23,escalated,,
O-00156,T-10116,2026-01-22 01:02:21,resolved,refund,5
O-00157,T-10119,2026-01-22 01:17:50,resolved,replacement,
O-00158,T-10069,2026-01-22 02:13:11,resolved,information,
O-00159,T-10118,2026-01-22 06:19:37,resolved,information,5
O-00160,T-10111,2026-01-22 08:35:29,resolved,replacement,5
O-00161,T-10108,2026-01-22 09:15:07,resolved,replacement,
O-00162,T-10125,2026-01-22 13:39:19,resolved,no_action,3
O-00163,T-10121,2026-01-22 15:03:42,resolved,information,4
O-00164,T-10128,2026-01-22 17:49:28,escalated,,
O-00165,T-10129,2026-01-22 18:31:42,resolved,replacement,3
O-00166,T-10117,2026-01-22 18:41:32,resolved,information,5
O-00167,T-10123,2026-01-22 23:15:17,resolved,no_action,
O-00168,T-10118,2026-01-23 02:51:31,reopened,,
O-00169,T-10122,2026-01-23 04:39:03,resolved,refund,3
O-00170,T-10115,2026-01-23 05:38:14,resolved,replacement,
O-00171,T-10124,2026-01-23 11:11:40,resolved,information,5
O-00172,T-10126,2026-01-23 12:28:14,resolved,information,4
O-00173,T-10114,2026-01-23 13:13:55,resolved,refund,4
O-00174,T-10140,2026-01-23 16:04:39,resolved,replacement,
O-00175,T-10128,2026-01-23 19:54:48,resolved,refund,4
O-00176,T-10130,2026-01-23 22:26:35,resolved,replacement,3
O-00177,T-10138,2026-01-23 22:55:22,resolved,refund,
O-00178,T-10133,2026-01-23 23:10:28,resolved,refund,
O-00179,T-10131,2026-01-24 02:20:22,resolved,refund,4
O-00180,T-10105,2026-01-24 04:04:20,reopened,,
O-00181,T-10110,2026-01-24 04:43:58,resolved,replacement,
O-00182,T-10135,2026-01-24 05:13:30,resolved,refund,
O-00183,T-10136,2026-01-24 08:26:29,resolved,no_action,
O-00184,T-10143,2026-01-24 09:28:45,resolved,no_action,
O-00185,T-10118,2026-01-24 22:29:42,resolved,replacement,4
O-00186,T-10127,2026-01-25 04:25:08,resolved,no_action,4
O-00187,T-10137,2026-01-25 05:21:19,resolved,refund,
O-00188,T-10105,2026-01-25 11:41:51,resolved,information,5
O-00189,T-10132,2026-01-25 12:04:45,resolved,information,3
O-00190,T-10142,2026-01-25 12:13:39,resolved,refund,4
O-00191,T-10151,2026-01-25 14:57:10,resolved,no_action,5
O-00192,T-10149,2026-01-25 17:04:48,resolved,information,
O-00193,T-10147,2026-01-25 18:11:28,resolved,information,5
O-00194,T-10134,2026-01-25 20:44:47,resolved,refund,4
O-00195,T-10152,2026-01-25 23:57:48,resolved,refund,
O-00196,T-10144,2026-01-26 04:37:42,resolved,refund,4
O-00197,T-10139,2026-01-26 11:08:31,resolved,refund,4
O-00198,T-10158,2026-01-26 16:09:54,escalated,,
O-00199,T-10157,2026-01-26 16:30:14,resolved,refund,4
O-00200,T-10141,2026-01-26 18:55:57,resolved,replacement,4
O-00201,T-10162,2026-01-26 18:59:29,resolved,replacement,5
O-00202,T-10146,2026-01-26 21:49:59,resolved,replacement,
O-00203,T-10159,2026-01-26 22:26:13,escalated,,
O-00204,T-10155,2026-01-27 00:43:53,resolved,replacement,
O-00205,T-10160,2026-01-27 01:16:21,resolved,information,
O-00206,T-10161,2026-01-27 01:42:39,escalated,,
O-00207,T-10156,2026-01-27 02:57:41,resolved,replacement,3
O-00208,T-10154,2026-01-27 05:50:08,escalated,,
O-00209,T-10150,2026-01-27 10:41:28,resolved,replacement,1
O-00210,T-10170,2026-01-27 11:57:48,resolved,no_action,5
O-00211,T-10174,2026-01-27 18:35:48,resolved,no_action,4
O-00212,T-10148,2026-01-27 20:26:57,resolved,no_action,3
O-00213,T-10164,2026-01-27 22:56:39,resolved,replacement,4
O-00214,T-10145,2026-01-28 02:29:34,resolved,no_action,4
O-00215,T-10143,2026-01-28 03:33:02,reopened,,
O-00216,T-10143,2026-01-28 03:33:02,resolved,refund,1
O-00217,T-10171,2026-01-28 04:28:50,resolved,information,
O-00218,T-10153,2026-01-28 07:55:48,resolved,refund,
O-00219,T-10182,2026-01-28 10:30:16,resolved,information,
O-00220,T-10158,2026-01-28 11:02:51,resolved,refund,
O-00221,T-10179,2026-01-28 11:31:31,resolved,replacement,5
O-00222,T-10146,2026-01-28 15:49:44,reopened,,
O-00223,T-10173,2026-01-28 16:14:05,escalated,,
O-00224,T-10167,2026-01-28 16:17:09,resolved,information,5
O-00225,T-10165,2026-01-28 17:19:01,resolved,replacement,5
O-00226,T-10172,2026-01-28 18:02:26,resolved,no_action,
O-00227,T-10163,2026-01-28 19:02:06,resolved,no_action,3
O-00228,T-10136,2026-01-28 19:46:52,reopened,,
O-00229,T-10136,2026-01-28 19:46:52,resolved,information,3
O-00230,T-10183,2026-01-28 19:56:34,resolved,refund,4
O-00231,T-10166,2026-01-28 21:22:25,resolved,information,
O-00232,T-10189,2026-01-28 22:00:56,resolved,refund,
O-00233,T-10154,2026-01-28 22:19:52,resolved,no_action,2
O-00234,T-10184,2026-01-28 22:43:29,resolved,no_action,3
O-00235,T-10180,2026-01-29 00:39:29,resolved,information,4
O-00236,T-10146,2026-01-29 01:31:04,resolved,information,
O-00237,T-10185,2026-01-29 01:50:39,resolved,information,
O-00238,T-10177,2026-01-29 02:46:18,resolved,refund,4
O-00239,T-10168,2026-01-29 03:41:49,resolved,replacement,2
O-00240,T-10161,2026-01-29 04:00:20,resolved,refund,3
O-00241,T-10188,2026-01-29 04:25:33,resolved,replacement,5
O-00242,T-10176,2026-01-29 04:40:19,resolved,no_action,4
O-00243,T-10175,2026-01-29 04:40:50,resolved,refund,2
O-00244,T-10191,2026-01-29 05:50:53,resolved,refund,4
O-00245,T-10192,2026-01-29 13:03:33,escalated,,
O-00246,T-10120,2026-01-29 19:41:19,resolved,information,3
O-00247,T-10159,2026-01-29 23:09:23,resolved,refund,4
O-00248,T-10181,2026-01-30 01:47:07,resolved,refund,4
O-00249,T-10187,2026-01-30 04:41:37,resolved,information,
O-00250,T-10178,2026-01-30 05:45:06,resolved,information,
O-00251,T-10194,2026-01-30 08:32:59,resolved,information,
O-00252,T-10186,2026-01-30 13:40:11,resolved,replacement,5
O-00253,T-10188,2026-01-30 15:29:34,reopened,,
O-00254,T-10197,2026-01-30 17:25:28,resolved,no_action,4
O-00255,T-10169,2026-01-30 20:23:26,resolved,refund,5
O-00256,T-10190,2026-01-30 20:31:58,resolved,replacement,4
O-00257,T-10193,2026-01-30 23:08:29,resolved,refund,3
O-00258,T-10199,2026-01-30 23:53:41,resolved,refund,4
O-00259,T-10201,2026-01-31 04:29:10,resolved,refund,
O-00260,T-10173,2026-01-31 05:46:12,resolved,information,3
O-00261,T-10200,2026-01-31 06:59:16,resolved,information,3
O-00262,T-10192,2026-01-31 09:32:07,resolved,refund,
O-00263,T-10195,2026-01-31 10:51:34,resolved,information,4
O-00264,T-10198,2026-01-31 12:53:36,resolved,information,3
O-00265,T-10188,2026-01-31 15:41:13,resolved,replacement,5
O-00266,T-10163,2026-01-31 18:35:15,reopened,,
O-00267,T-10208,2026-01-31 22:18:52,resolved,information,
O-00268,T-10196,2026-01-31 22:33:07,resolved,replacement,5
O-00269,T-10205,2026-02-01 03:14:26,resolved,replacement,3
O-00270,T-10210,2026-02-01 03:34:00,resolved,replacement,5
O-00271,T-10202,2026-02-01 08:39:19,resolved,no_action,4
O-00272,T-10212,2026-02-01 15:29:24,resolved,refund,4
O-00273,T-10163,2026-02-01 17:39:57,resolved,no_action,4
O-00274,T-10207,2026-02-01 22:09:40,resolved,refund,4
O-00275,T-10171,2026-02-01 23:27:51,reopened,,
O-00276,T-10215,2026-02-02 10:17:41,resolved,information,4
O-00277,T-10171,2026-02-02 10:53:59,resolved,replacement,5
O-00278,T-10206,2026-02-02 13:05:38,resolved,refund,5
O-00279,T-10172,2026-02-02 13:16:49,reopened,,
O-00280,T-10172,2026-02-02 16:11:08,resolved,no_action,4
O-00281,T-10211,2026-02-02 16:40:31,resolved,information,3
O-00282,T-10213,2026-02-02 18:09:12,resolved,information,
O-00283,T-10219,2026-02-02 19:50:25,resolved,information,
O-00284,T-10204,2026-02-02 20:15:07,resolved,no_action,
O-00285,T-10218,2026-02-02 22:00:51,resolved,information,
O-00286,T-10223,2026-02-02 22:56:09,resolved,replacement,
O-00287,T-10214,2026-02-03 00:55:15,resolved,information,4
O-00288,T-10224,2026-02-03 01:37:48,escalated,,
O-00289,T-10225,2026-02-03 06:21:50,resolved,refund,5
O-00290,T-10217,2026-02-03 11:18:21,resolved,information,
O-00291,T-10229,2026-02-03 11:22:30,escalated,,
O-00292,T-10216,2026-02-03 18:14:46,resolved,no_action,
O-00293,T-10229,2026-02-03 21:04:38,resolved,information,
O-00294,T-10208,2026-02-04 01:27:01,reopened,,
O-00295,T-10221,2026-02-04 01:56:04,resolved,refund,
O-00296,T-10202,2026-02-04 02:33:44,reopened,,
O-00297,T-10236,2026-02-04 02:58:42,resolved,replacement,3
O-00298,T-10208,2026-02-04 04:28:06,resolved,information,
O-00299,T-10209,2026-02-04 05:55:47,resolved,information,
O-00300,T-10220,2026-02-04 06:07:32,resolved,information,
O-00301,T-10222,2026-02-04 06:32:50,resolved,no_action,
O-00302,T-10234,2026-02-04 10:34:57,resolved,information,2
O-00303,T-10226,2026-02-04 13:00:14,resolved,information,5
O-00304,T-10240,2026-02-04 14:44:30,resolved,replacement,4
O-00305,T-10235,2026-02-04 18:35:27,resolved,information,4
O-00306,T-10231,2026-02-04 19:17:29,resolved,refund,3
O-00307,T-10228,2026-02-04 19:59:51,resolved,information,4
O-00308,T-10238,2026-02-04 21:47:08,resolved,information,5
O-00309,T-10239,2026-02-05 00:58:19,resolved,information,3
O-00310,T-10202,2026-02-05 02:14:22,resolved,no_action,
O-00311,T-10237,2026-02-05 03:16:55,resolved,refund,
O-00312,T-10230,2026-02-05 04:05:37,resolved,replacement,
O-00313,T-10232,2026-02-05 04:37:15,resolved,refund,
O-00314,T-10227,2026-02-05 12:13:59,resolved,information,4
O-00315,T-10233,2026-02-05 21:29:02,resolved,information,
O-00316,T-10203,2026-02-05 21:45:14,escalated,,
O-00317,T-10224,2026-02-06 00:01:27,resolved,information,2
O-00318,T-10249,2026-02-06 00:14:16,escalated,,
O-00319,T-10244,2026-02-06 07:53:31,resolved,replacement,4
O-00320,T-10251,2026-02-06 12:24:27,resolved,information,5
O-00321,T-10241,2026-02-06 12:35:45,resolved,information,
O-00322,T-10247,2026-02-06 14:48:44,resolved,refund,4
O-00323,T-10243,2026-02-06 15:09:15,resolved,information,5
O-00324,T-10248,2026-02-06 16:43:46,resolved,no_action,4
O-00325,T-10253,2026-02-06 18:33:05,resolved,information,3
O-00326,T-10250,2026-02-07 02:14:16,resolved,refund,4
O-00327,T-10242,2026-02-07 03:14:39,resolved,information,
O-00328,T-10256,2026-02-07 05:26:29,resolved,information,
O-00329,T-10259,2026-02-07 05:29:30,resolved,information,5
O-00330,T-10257,2026-02-07 08:10:02,resolved,information,
O-00331,T-10260,2026-02-07 10:55:21,escalated,,
O-00332,T-10249,2026-02-07 13:28:47,resolved,no_action,4
O-00333,T-10263,2026-02-07 13:33:12,resolved,information,5
O-00334,T-10261,2026-02-07 13:46:17,resolved,refund,
O-00335,T-10255,2026-02-07 15:03:11,resolved,information,
O-00336,T-10254,2026-02-07 18:57:04,resolved,information,
O-00337,T-10203,2026-02-07 19:18:01,resolved,refund,
O-00338,T-10260,2026-02-08 05:29:04,resolved,refund,3
O-00339,T-10265,2026-02-08 10:29:59,resolved,information,5
O-00340,T-10246,2026-02-08 12:06:34,resolved,replacement,4
O-00341,T-10245,2026-02-08 14:03:43,resolved,information,3
O-00342,T-10271,2026-02-08 15:11:37,resolved,information,4
O-00343,T-10267,2026-02-08 19:12:28,resolved,refund,3
O-00344,T-10252,2026-02-08 19:26:35,resolved,refund,4
O-00345,T-10266,2026-02-08 22:50:16,resolved,replacement,
O-00346,T-10258,2026-02-08 23:59:56,resolved,information,3
O-00347,T-10269,2026-02-09 01:47:45,resolved,no_action,
O-00348,T-10272,2026-02-09 01:56:24,resolved,information,4
O-00349,T-10264,2026-02-09 02:48:33,resolved,replacement,
O-00350,T-10268,2026-02-09 06:02:15,resolved,refund,4
O-00351,T-10275,2026-02-09 15:48:49,resolved,information,5
O-00352,T-10262,2026-02-09 16:59:32,resolved,refund,
O-00353,T-10276,2026-02-09 18:04:53,resolved,replacement,
O-00354,T-10278,2026-02-09 20:24:51,resolved,information,
O-00355,T-10279,2026-02-09 21:00:39,resolved,refund,5
O-00356,T-10274,2026-02-10 01:21:43,escalated,,
O-00357,T-10273,2026-02-10 01:47:54,resolved,no_action,
O-00358,T-10280,2026-02-10 08:06:23,escalated,,
O-00359,T-10283,2026-02-10 10:18:01,escalated,,
O-00360,T-10280,2026-02-10 15:08:49,resolved,refund,3
O-00361,T-10282,2026-02-10 15:18:00,resolved,refund,4
O-00362,T-10270,2026-02-10 18:18:23,resolved,no_action,
O-00363,T-10284,2026-02-10 19:01:25,resolved,refund,5
O-00364,T-10277,2026-02-10 22:31:33,resolved,information,5
O-00365,T-10291,2026-02-10 23:28:54,resolved,information,
O-00366,T-10285,2026-02-11 03:43:38,resolved,information,
O-00367,T-10283,2026-02-11 04:34:01,resolved,information,3
O-00368,T-10281,2026-02-11 07:12:31,resolved,replacement,
O-00369,T-10274,2026-02-11 07:55:35,resolved,information,3
O-00370,T-10276,2026-02-11 08:59:20,reopened,,
O-00371,T-9990,2026-02-11 10:14:09,resolved,no_action,
O-00372,T-10293,2026-02-11 14:55:10,resolved,information,5
O-00373,T-10289,2026-02-11 15:41:32,resolved,no_action,
O-00374,T-10292,2026-02-11 18:22:02,resolved,refund,5
O-00375,T-10287,2026-02-11 20:10:04,resolved,replacement,5
O-00376,T-10298,2026-02-12 02:08:12,escalated,,
O-00377,T-10294,2026-02-12 08:25:01,resolved,replacement,
O-00378,T-10307,2026-02-12 15:00:14,escalated,,
O-00379,T-10302,2026-02-12 16:00:18,resolved,refund,
O-00380,T-10295,2026-02-12 17:12:44,resolved,replacement,3
O-00381,T-10276,2026-02-12 17:30:03,resolved,replacement,5
O-00382,T-10298,2026-02-12 17:35:08,resolved,information,3
O-00383,T-10304,2026-02-12 19:07:45,resolved,information,5
O-00384,T-10301,2026-02-12 20:01:46,resolved,replacement,5
O-00385,T-10306,2026-02-12 22:31:42,resolved,refund,4
O-00386,T-10303,2026-02-13 02:46:08,resolved,replacement,4
O-00387,T-10270,2026-02-13 03:00:34,reopened,,
O-00388,T-10299,2026-02-13 03:17:23,resolved,no_action,3
O-00389,T-10305,2026-02-13 05:11:03,resolved,information,
O-00390,T-10286,2026-02-13 05:59:24,resolved,information,
O-00391,T-10309,2026-02-13 08:15:52,resolved,refund,5
O-00392,T-10308,2026-02-13 11:13:07,resolved,replacement,
O-00393,T-10297,2026-02-13 11:22:06,resolved,no_action,5
O-00394,T-10290,2026-02-13 12:24:12,resolved,refund,5
O-00395,T-10296,2026-02-13 13:28:05,resolved,information,
O-00396,T-10311,2026-02-13 18:21:29,resolved,information,5
O-00397,T-10313,2026-02-13 20:51:09,resolved,no_action,4
O-00398,T-10312,2026-02-14 00:17:22,escalated,,
O-00399,T-10314,2026-02-14 02:30:53,resolved,refund,5
O-00400,T-10319,2026-02-14 08:29:04,resolved,refund,
O-00401,T-10316,2026-02-14 08:30:15,resolved,refund,4
O-00402,T-10318,2026-02-14 09:12:43,resolved,information,3
O-00403,T-10270,2026-02-14 15:52:38,resolved,no_action,
O-00404,T-10315,2026-02-14 19:03:24,resolved,refund,
O-00405,T-10317,2026-02-15 03:13:31,resolved,replacement,
O-00406,T-10323,2026-02-15 04:05:27,escalated,,
O-00407,T-10324,2026-02-15 09:55:38,escalated,,
O-00408,T-10322,2026-02-15 20:15:48,resolved,refund,4
O-00409,T-10327,2026-02-15 20:54:44,resolved,refund,2
O-00410,T-10328,2026-02-15 21:03:05,resolved,no_action,5
O-00411,T-10313,2026-02-15 22:08:28,reopened,,
O-00412,T-10312,2026-02-15 23:52:56,resolved,replacement,3
O-00413,T-10313,2026-02-16 00:05:53,resolved,information,4
O-00414,T-10330,2026-02-16 03:22:57,resolved,refund,4
O-00415,T-10310,2026-02-16 09:45:47,resolved,information,3
O-00416,T-10323,2026-02-16 10:16:21,resolved,no_action,4
O-00417,T-10326,2026-02-16 11:41:36,resolved,replacement,3
O-00418,T-10321,2026-02-16 12:26:49,resolved,information,4
O-00419,T-10320,2026-02-16 15:11:32,resolved,information,5
O-00420,T-10288,2026-02-16 17:13:48,escalated,,
O-00421,T-10329,2026-02-16 20:41:17,resolved,information,4
O-00422,T-10332,2026-02-17 01:10:00,resolved,refund,5
O-00423,T-10307,2026-02-17 05:07:21,resolved,refund,
O-00424,T-10325,2026-02-17 15:08:36,resolved,information,4
O-00425,T-10335,2026-02-17 16:23:57,resolved,replacement,5
O-00426,T-10324,2026-02-17 20:08:47,resolved,replacement,3
O-00427,T-10316,2026-02-17 20:28:40,reopened,,
O-00428,T-10316,2026-02-18 04:04:56,resolved,information,
O-00429,T-10311,2026-02-18 06:15:00,reopened,,
O-00430,T-10288,2026-02-18 10:16:20,resolved,no_action,
O-00431,T-10333,2026-02-18 14:32:10,resolved,information,5
O-00432,T-10342,2026-02-18 15:33:00,resolved,refund,
O-00433,T-10311,2026-02-18 17:15:11,resolved,information,
O-00434,T-10338,2026-02-18 19:38:52,resolved,information,5
O-00435,T-10343,2026-02-18 20:03:25,resolved,information,2
O-00436,T-10334,2026-02-18 22:51:48,resolved,information,4
O-00437,T-10340,2026-02-19 07:06:22,resolved,refund,
O-00438,T-10349,2026-02-19 10:05:48,resolved,refund,5
O-00439,T-10344,2026-02-19 10:11:40,resolved,replacement,
O-00440,T-10341,2026-02-19 12:05:29,resolved,no_action,
O-00441,T-10339,2026-02-19 15:33:08,resolved,replacement,3
O-00442,T-10331,2026-02-19 15:51:06,resolved,no_action,3
O-00443,T-10345,2026-02-19 19:31:48,resolved,replacement,
O-00444,T-10336,2026-02-19 20:20:40,resolved,refund,4
O-00445,T-10337,2026-02-19 21:11:54,resolved,information,
O-00446,T-10300,2026-02-20 00:12:22,escalated,,
O-00447,T-10346,2026-02-20 05:21:15,resolved,no_action,5
O-00448,T-10355,2026-02-20 06:57:38,resolved,information,4
O-00449,T-10348,2026-02-20 11:11:53,resolved,refund,
O-00450,T-10359,2026-02-20 13:10:50,resolved,replacement,
O-00451,T-10362,2026-02-20 14:40:16,resolved,refund,4
O-00452,T-10364,2026-02-20 14:58:37,resolved,refund,
O-00453,T-10361,2026-02-20 15:06:40,resolved,information,5
O-00454,T-10354,2026-02-20 16:52:34,resolved,replacement,4
O-00455,T-10360,2026-02-20 17:10:20,resolved,no_action,3
O-00456,T-10353,2026-02-20 19:18:48,resolved,information,
O-00457,T-10367,2026-02-21 04:16:24,resolved,refund,5
O-00458,T-10351,2026-02-21 05:19:16,resolved,refund,
O-00459,T-10347,2026-02-21 05:36:24,resolved,refund,5
O-00460,T-10369,2026-02-21 06:30:59,escalated,,
O-00461,T-10358,2026-02-21 11:34:45,resolved,information,3
O-00462,T-10358,2026-02-21 11:34:45,resolved,information,3
O-00463,T-10350,2026-02-21 13:04:29,resolved,refund,5
O-00464,T-10357,2026-02-21 15:41:05,resolved,replacement,
O-00465,T-10370,2026-02-21 17:11:11,resolved,no_action,
O-00466,T-10368,2026-02-21 18:46:46,resolved,replacement,5
O-00467,T-10352,2026-02-21 20:29:28,resolved,information,3
O-00468,T-10300,2026-02-22 06:09:04,resolved,replacement,4
O-00469,T-10356,2026-02-22 06:27:34,resolved,refund,5
O-00470,T-10363,2026-02-22 12:24:46,resolved,replacement,4
O-00471,T-10373,2026-02-22 12:58:03,resolved,replacement,5
O-00472,T-10366,2026-02-22 14:27:54,resolved,no_action,4
O-00473,T-10374,2026-02-22 17:39:23,escalated,,
O-00474,T-10365,2026-02-22 17:53:24,resolved,refund,3
O-00475,T-10372,2026-02-23 04:29:44,resolved,information,4
O-00476,T-10371,2026-02-23 07:31:31,resolved,refund,4
O-00477,T-10379,2026-02-23 07:51:41,escalated,,
O-00478,T-10378,2026-02-23 09:42:33,resolved,refund,4
O-00479,T-10369,2026-02-23 11:00:33,resolved,refund,4
O-00480,T-10382,2026-02-23 13:34:49,resolved,replacement,
O-00481,T-10384,2026-02-24 02:17:25,resolved,information,4
O-00482,T-10383,2026-02-24 03:08:40,resolved,information,2
O-00483,T-10375,2026-02-24 03:32:37,resolved,no_action,
O-00484,T-10379,2026-02-24 06:39:37,resolved,information,2
O-00485,T-10374,2026-02-24 07:28:00,resolved,information,
O-00486,T-10381,2026-02-24 07:28:42,resolved,no_action,
O-00487,T-10376,2026-02-24 07:47:06,resolved,information,5
O-00488,T-10387,2026-02-24 09:58:37,escalated,,
O-00489,T-10388,2026-02-24 11:07:22,escalated,,
O-00490,T-10380,2026-02-24 17:45:42,resolved,information,
O-00491,T-10336,2026-02-24 19:47:32,reopened,,
O-00492,T-10391,2026-02-24 20:10:14,resolved,replacement,
O-00493,T-10396,2026-02-24 22:22:11,resolved,replacement,4
O-00494,T-10386,2026-02-24 22:44:10,resolved,information,4
O-00495,T-10389,2026-02-24 23:06:29,resolved,no_action,3
O-00496,T-10393,2026-02-25 00:18:56,resolved,information,
O-00497,T-10395,2026-02-25 06:37:33,resolved,information,
O-00498,T-10392,2026-02-25 07:56:01,escalated,,
O-00499,T-10397,2026-02-25 08:05:02,resolved,information,3
O-00500,T-10400,2026-02-25 09:58:51,resolved,information,4
O-00501,T-10399,2026-02-25 11:48:18,resolved,refund,
O-00502,T-10336,2026-02-25 12:39:26,resolved,no_action,
O-00503,T-10336,2026-02-25 12:39:26,resolved,no_action,
O-00504,T-10401,2026-02-25 14:19:30,escalated,,
O-00505,T-10377,2026-02-25 18:01:52,resolved,replacement,
O-00506,T-10402,2026-02-25 20:08:02,resolved,refund,
O-00507,T-10405,2026-02-25 22:07:17,resolved,no_action,
O-00508,T-10394,2026-02-25 23:18:48,resolved,information,5
O-00509,T-10390,2026-02-26 04:39:16,resolved,no_action,4
O-00510,T-10404,2026-02-26 04:41:23,escalated,,
O-00511,T-10392,2026-02-26 05:46:08,resolved,replacement,2
O-00512,T-10388,2026-02-26 07:03:20,resolved,no_action,
O-00513,T-10387,2026-02-26 12:34:51,resolved,no_action,3
O-00514,T-10407,2026-02-26 12:57:49,resolved,no_action,
O-00515,T-10386,2026-02-26 18:06:38,reopened,,
O-00516,T-10412,2026-02-26 20:05:36,escalated,,
O-00517,T-10409,2026-02-26 20:46:05,resolved,replacement,
O-00518,T-10409,2026-02-26 20:46:05,resolved,replacement,
O-00519,T-10417,2026-02-26 22:13:09,escalated,,
O-00520,T-10415,2026-02-26 22:28:33,escalated,,
O-00521,T-10408,2026-02-27 00:56:36,resolved,replacement,3
O-00522,T-10411,2026-02-27 08:54:42,resolved,information,
O-00523,T-10404,2026-02-27 09:50:09,resolved,information,5
O-00524,T-10386,2026-02-27 11:30:10,resolved,refund,3
O-00525,T-10398,2026-02-27 16:45:52,resolved,information,4
O-00526,T-10418,2026-02-27 17:42:15,resolved,replacement,5
O-00527,T-10420,2026-02-27 18:55:15,escalated,,
O-00528,T-10410,2026-02-27 19:09:27,resolved,information,5
O-00529,T-10421,2026-02-27 22:30:52,resolved,no_action,5
O-00530,T-10419,2026-02-27 22:32:27,resolved,no_action,4
O-00531,T-10413,2026-02-28 02:02:45,resolved,replacement,4
O-00532,T-10430,2026-02-28 02:06:52,resolved,information,
O-00533,T-10430,2026-02-28 02:06:52,resolved,information,
O-00534,T-10427,2026-02-28 02:11:31,resolved,information,
O-00535,T-10416,2026-02-28 05:21:21,resolved,information,
O-00536,T-10406,2026-02-28 06:52:01,resolved,refund,4
O-00537,T-10385,2026-02-28 08:54:48,resolved,replacement,
O-00538,T-10428,2026-02-28 13:52:50,resolved,no_action,
O-00539,T-10423,2026-02-28 15:45:00,resolved,refund,4
O-00540,T-10422,2026-02-28 15:52:54,resolved,no_action,
O-00541,T-10412,2026-02-28 19:52:37,resolved,refund,
O-00542,T-10437,2026-02-28 21:51:43,escalated,,
O-00543,T-10425,2026-02-28 23:20:32,resolved,no_action,5
O-00544,T-10434,2026-03-01 01:41:22,resolved,information,5
O-00545,T-10432,2026-03-01 02:38:58,resolved,refund,4
O-00546,T-10433,2026-03-01 02:58:01,resolved,refund,
O-00547,T-10401,2026-03-01 03:01:00,resolved,replacement,2
O-00548,T-10435,2026-03-01 03:31:44,resolved,replacement,
O-00549,T-10437,2026-03-01 09:46:37,resolved,no_action,
O-00550,T-10429,2026-03-01 12:58:05,resolved,information,4
O-00551,T-10414,2026-03-01 13:07:17,resolved,no_action,
O-00552,T-10436,2026-03-01 13:56:06,resolved,information,5
O-00553,T-10403,2026-03-01 15:18:22,resolved,replacement,5
O-00554,T-10426,2026-03-01 15:46:53,resolved,no_action,5
O-00555,T-10438,2026-03-01 16:27:36,resolved,information,
O-00556,T-10415,2026-03-01 16:39:32,resolved,no_action,3
O-00557,T-10431,2026-03-01 20:17:45,resolved,information,
O-00558,T-10439,2026-03-02 05:14:47,resolved,refund,3
O-00559,T-10424,2026-03-02 06:45:40,resolved,refund,3
O-00560,T-10422,2026-03-02 10:03:33,reopened,,
O-00561,T-10446,2026-03-02 15:01:12,resolved,refund,4
O-00562,T-10446,2026-03-02 15:01:12,resolved,refund,4
O-00563,T-9991,2026-03-02 16:40:51,resolved,no_action,
O-00564,T-10441,2026-03-02 19:13:27,resolved,information,
O-00565,T-10414,2026-03-02 19:17:32,reopened,,
O-00566,T-10414,2026-03-02 19:17:32,reopened,,
O-00567,T-10440,2026-03-02 21:05:23,resolved,information,5
O-00568,T-10440,2026-03-02 21:05:23,resolved,information,5
O-00569,T-10445,2026-03-02 21:39:03,escalated,,
O-00570,T-10423,2026-03-02 21:52:48,reopened,,
O-00571,T-10447,2026-03-03 00:56:49,resolved,information,
O-00572,T-10443,2026-03-03 01:04:09,resolved,information,3
O-00573,T-10423,2026-03-03 03:43:51,resolved,information,4
O-00574,T-10417,2026-03-03 06:00:46,resolved,refund,
O-00575,T-10449,2026-03-03 06:55:39,resolved,information,5
O-00576,T-10442,2026-03-03 13:58:03,resolved,information,5
O-00577,T-10460,2026-03-03 22:22:08,resolved,information,3
O-00578,T-10414,2026-03-04 00:11:20,resolved,information,5
O-00579,T-10455,2026-03-04 01:18:56,resolved,no_action,
O-00580,T-10452,2026-03-04 04:57:07,resolved,replacement,
O-00581,T-10457,2026-03-04 10:36:47,resolved,information,3
O-00582,T-10453,2026-03-04 10:51:39,resolved,information,4
O-00583,T-10432,2026-03-04 11:26:03,reopened,,
O-00584,T-10422,2026-03-04 13:40:06,resolved,information,5
O-00585,T-10445,2026-03-04 15:38:13,resolved,no_action,
O-00586,T-10436,2026-03-04 16:29:33,reopened,,
O-00587,T-10436,2026-03-04 16:29:33,resolved,information,
O-00588,T-10454,2026-03-04 16:32:40,resolved,replacement,
O-00589,T-10465,2026-03-04 21:28:34,escalated,,
O-00590,T-10459,2026-03-04 23:58:12,resolved,no_action,
O-00591,T-10467,2026-03-05 02:15:10,resolved,information,
O-00592,T-10448,2026-03-05 02:35:59,resolved,replacement,4
O-00593,T-10450,2026-03-05 03:59:41,resolved,information,2
O-00594,T-10468,2026-03-05 04:07:30,resolved,no_action,5
O-00595,T-10420,2026-03-05 07:13:06,resolved,information,5
O-00596,T-10456,2026-03-05 10:09:10,escalated,,
O-00597,T-10461,2026-03-05 12:34:42,resolved,no_action,
O-00598,T-10432,2026-03-05 15:32:37,resolved,no_action,5
O-00599,T-10470,2026-03-05 15:36:44,resolved,information,4
O-00600,T-10463,2026-03-06 01:24:06,resolved,information,5
O-00601,T-10474,2026-03-06 05:54:19,resolved,refund,
O-00602,T-10472,2026-03-06 08:52:41,resolved,information,
O-00603,T-10476,2026-03-06 09:17:12,resolved,information,5
O-00604,T-10444,2026-03-06 09:37:56,resolved,replacement,4
O-00605,T-10481,2026-03-06 10:44:33,resolved,refund,
O-00606,T-10454,2026-03-06 15:56:49,reopened,,
O-00607,T-10484,2026-03-06 19:41:08,resolved,no_action,
O-00608,T-10482,2026-03-06 21:35:05,escalated,,
O-00609,T-10454,2026-03-07 02:03:41,resolved,information,3
O-00610,T-10473,2026-03-07 04:18:25,resolved,information,2
O-00611,T-10486,2026-03-07 04:27:15,resolved,no_action,2
O-00612,T-10477,2026-03-07 06:17:57,resolved,no_action,
O-00613,T-10479,2026-03-07 06:32:17,resolved,information,5
O-00614,T-10480,2026-03-07 08:37:53,resolved,information,4
O-00615,T-10475,2026-03-07 09:11:36,resolved,no_action,
O-00616,T-10465,2026-03-07 09:49:55,resolved,refund,
O-00617,T-10462,2026-03-07 15:44:38,resolved,information,5
O-00618,T-10476,2026-03-07 15:46:51,reopened,,
O-00619,T-10489,2026-03-07 17:53:58,resolved,information,
O-00620,T-10483,2026-03-07 18:07:06,resolved,information,4
O-00621,T-10471,2026-03-07 18:08:54,resolved,refund,3
O-00622,T-10466,2026-03-07 20:23:24,resolved,no_action,2
O-00623,T-10451,2026-03-07 23:05:23,resolved,replacement,4
O-00624,T-10464,2026-03-07 23:31:47,resolved,information,4
O-00625,T-10478,2026-03-07 23:43:34,resolved,refund,5
O-00626,T-10493,2026-03-08 00:02:36,resolved,replacement,
O-00627,T-10485,2026-03-08 01:52:30,resolved,information,4
O-00628,T-10492,2026-03-08 05:02:19,resolved,refund,
O-00629,T-10494,2026-03-08 09:44:23,resolved,refund,5
O-00630,T-10490,2026-03-08 16:48:21,resolved,replacement,2
O-00631,T-10444,2026-03-08 21:50:04,reopened,,
O-00632,T-10469,2026-03-08 23:17:10,resolved,no_action,
O-00633,T-10495,2026-03-08 23:35:27,resolved,replacement,
O-00634,T-10487,2026-03-09 02:20:11,resolved,no_action,
O-00635,T-10489,2026-03-09 06:28:38,reopened,,
O-00636,T-10456,2026-03-09 13:14:22,resolved,refund,2
O-00637,T-10482,2026-03-09 17:15:49,resolved,information,
O-00638,T-10499,2026-03-09 17:24:50,escalated,,
O-00639,T-10463,2026-03-09 21:08:17,reopened,,
O-00640,T-10444,2026-03-10 00:23:00,resolved,replacement,5
O-00641,T-10489,2026-03-10 00:32:52,resolved,refund,3
O-00642,T-10498,2026-03-10 01:15:03,resolved,replacement,
O-00643,T-10476,2026-03-10 06:10:48,resolved,information,4
O-00644,T-10501,2026-03-10 09:52:16,resolved,no_action,
O-00645,T-10503,2026-03-10 12:48:43,resolved,refund,
O-00646,T-10463,2026-03-10 15:30:38,resolved,information,
O-00647,T-10500,2026-03-10 16:15:19,resolved,information,4
O-00648,T-10484,2026-03-10 17:26:34,reopened,,
O-00649,T-10504,2026-03-10 17:51:31,resolved,refund,
O-00650,T-10502,2026-03-10 18:12:26,resolved,replacement,4
O-00651,T-10505,2026-03-10 18:29:30,escalated,,
O-00652,T-10511,2026-03-10 20:36:29,resolved,information,
O-00653,T-10497,2026-03-10 21:59:29,resolved,refund,
O-00654,T-10458,2026-03-11 01:56:13,escalated,,
O-00655,T-10507,2026-03-11 04:06:59,resolved,refund,
O-00656,T-10458,2026-03-11 04:26:57,resolved,information,
O-00657,T-10496,2026-03-11 08:42:50,resolved,information,
O-00658,T-10499,2026-03-11 08:49:25,resolved,no_action,5
O-00659,T-10508,2026-03-11 09:46:59,resolved,replacement,
O-00660,T-10488,2026-03-11 12:50:09,resolved,information,5
O-00661,T-10510,2026-03-11 14:12:36,escalated,,
O-00662,T-10509,2026-03-11 17:36:06,resolved,information,
O-00663,T-10520,2026-03-11 19:45:27,escalated,,
O-00664,T-10523,2026-03-11 23:00:19,resolved,information,4
O-00665,T-10506,2026-03-12 01:54:44,resolved,refund,
O-00666,T-10505,2026-03-12 02:56:02,resolved,replacement,
O-00667,T-10517,2026-03-12 03:04:48,resolved,information,
O-00668,T-10484,2026-03-12 03:18:39,resolved,refund,5
O-00669,T-10522,2026-03-12 03:22:41,escalated,,
O-00670,T-10524,2026-03-12 03:47:13,resolved,refund,4
O-00671,T-10510,2026-03-12 04:03:59,resolved,refund,3
O-00672,T-10491,2026-03-12 04:20:22,resolved,information,5
O-00673,T-10515,2026-03-12 04:21:33,resolved,no_action,5
O-00674,T-10521,2026-03-12 04:32:15,resolved,refund,3
O-00675,T-10466,2026-03-12 05:13:03,reopened,,
O-00676,T-10519,2026-03-12 05:20:25,resolved,replacement,4
O-00677,T-10516,2026-03-12 12:10:57,resolved,no_action,
O-00678,T-10525,2026-03-12 13:03:07,resolved,replacement,
O-00679,T-10514,2026-03-12 18:29:25,resolved,information,5
O-00680,T-10532,2026-03-12 21:52:52,resolved,no_action,3
O-00681,T-10522,2026-03-12 23:07:43,resolved,information,
O-00682,T-10533,2026-03-13 02:13:33,resolved,refund,5
O-00683,T-10533,2026-03-13 02:13:33,resolved,refund,5
O-00684,T-10518,2026-03-13 02:44:11,resolved,information,
O-00685,T-10527,2026-03-13 03:11:24,resolved,no_action,4
O-00686,T-10466,2026-03-13 04:45:03,resolved,information,3
O-00687,T-10531,2026-03-13 10:14:02,resolved,information,
O-00688,T-10535,2026-03-13 14:28:06,resolved,information,
O-00689,T-10520,2026-03-13 20:20:21,resolved,information,2
O-00690,T-10534,2026-03-13 23:35:30,resolved,information,4
O-00691,T-10513,2026-03-14 04:52:02,resolved,information,5
O-00692,T-10512,2026-03-14 12:12:26,resolved,refund,4
O-00693,T-10538,2026-03-14 12:36:57,resolved,information,2
O-00694,T-10526,2026-03-14 13:25:49,resolved,information,
O-00695,T-10528,2026-03-14 14:30:12,resolved,replacement,
O-00696,T-10536,2026-03-14 19:00:07,escalated,,
O-00697,T-10537,2026-03-14 19:55:23,resolved,information,
O-00698,T-10543,2026-03-14 22:28:39,resolved,refund,
O-00699,T-10545,2026-03-15 03:45:15,resolved,information,
O-00700,T-10529,2026-03-15 06:46:22,resolved,replacement,
O-00701,T-10546,2026-03-15 06:48:39,escalated,,
O-00702,T-10542,2026-03-15 07:45:03,resolved,information,
O-00703,T-10544,2026-03-15 11:01:58,escalated,,
O-00704,T-10546,2026-03-15 19:56:49,resolved,refund,
O-00705,T-10515,2026-03-15 21:12:29,reopened,,
O-00706,T-10540,2026-03-16 06:46:40,resolved,replacement,4
O-00707,T-10508,2026-03-16 07:27:08,reopened,,
O-00708,T-10541,2026-03-16 08:48:48,resolved,refund,4
O-00709,T-10548,2026-03-16 10:45:09,resolved,refund,
O-00710,T-10539,2026-03-16 12:39:51,resolved,information,
O-00711,T-10554,2026-03-16 13:11:27,resolved,information,
O-00712,T-10530,2026-03-16 19:00:22,resolved,refund,
O-00713,T-10550,2026-03-16 19:24:45,resolved,information,4
O-00714,T-10551,2026-03-16 22:03:52,resolved,information,5
O-00715,T-10553,2026-03-16 23:11:18,resolved,information,5
O-00716,T-10556,2026-03-17 04:17:24,resolved,no_action,
O-00717,T-10508,2026-03-17 11:05:36,resolved,information,4
O-00718,T-10559,2026-03-17 12:27:36,resolved,refund,4
O-00719,T-10562,2026-03-17 17:01:23,resolved,replacement,3
O-00720,T-10560,2026-03-17 17:40:34,resolved,replacement,3
O-00721,T-10567,2026-03-17 19:31:22,escalated,,
O-00722,T-10561,2026-03-17 20:21:23,resolved,information,3
O-00723,T-10565,2026-03-17 23:22:43,escalated,,
O-00724,T-10515,2026-03-18 01:36:40,resolved,information,
O-00725,T-10555,2026-03-18 04:10:14,resolved,refund,4
O-00726,T-10544,2026-03-18 04:17:41,resolved,information,2
O-00727,T-10547,2026-03-18 04:23:23,resolved,information,
O-00728,T-10558,2026-03-18 07:01:01,resolved,refund,3
O-00729,T-10570,2026-03-18 09:48:47,resolved,refund,3
O-00730,T-10552,2026-03-18 11:00:03,resolved,information,
O-00731,T-10564,2026-03-18 20:16:55,resolved,replacement,
O-00732,T-10563,2026-03-19 03:44:28,resolved,replacement,
O-00733,T-10573,2026-03-19 04:43:00,escalated,,
O-00734,T-10568,2026-03-19 07:01:21,resolved,information,5
O-00735,T-10571,2026-03-19 07:20:58,escalated,,
O-00736,T-10575,2026-03-19 11:30:41,resolved,replacement,
O-00737,T-10581,2026-03-19 12:08:38,escalated,,
O-00738,T-10536,2026-03-19 14:49:52,resolved,information,2
O-00739,T-10580,2026-03-19 17:17:12,resolved,information,
O-00740,T-10557,2026-03-19 17:18:03,resolved,information,5
O-00741,T-10577,2026-03-19 19:35:32,escalated,,
O-00742,T-10579,2026-03-19 22:04:35,resolved,refund,3
O-00743,T-10571,2026-03-19 22:43:47,resolved,replacement,2
O-00744,T-10553,2026-03-19 23:00:42,reopened,,
O-00745,T-10582,2026-03-19 23:43:03,resolved,replacement,5
O-00746,T-10576,2026-03-20 00:13:52,resolved,refund,5
O-00747,T-10569,2026-03-20 00:16:57,resolved,replacement,4
O-00748,T-10566,2026-03-20 00:46:10,resolved,replacement,
O-00749,T-10588,2026-03-20 04:08:26,resolved,refund,4
O-00750,T-10587,2026-03-20 04:19:16,resolved,information,
O-00751,T-10567,2026-03-20 06:50:33,resolved,information,4
O-00752,T-10583,2026-03-20 07:16:09,resolved,replacement,
O-00753,T-10565,2026-03-20 07:22:54,resolved,replacement,
O-00754,T-10553,2026-03-20 09:02:03,resolved,replacement,
O-00755,T-10577,2026-03-20 10:54:00,resolved,no_action,4
O-00756,T-10572,2026-03-20 12:44:34,resolved,replacement,
O-00757,T-10574,2026-03-20 13:43:25,resolved,replacement,
O-00758,T-10586,2026-03-20 14:05:24,resolved,replacement,
O-00759,T-10589,2026-03-20 16:00:41,resolved,replacement,5
O-00760,T-10590,2026-03-20 17:13:36,resolved,information,3
O-00761,T-10585,2026-03-20 17:24:39,resolved,replacement,4
O-00762,T-10598,2026-03-20 19:22:21,resolved,refund,4
O-00763,T-10594,2026-03-20 23:38:41,resolved,no_action,5
O-00764,T-10599,2026-03-21 00:12:11,escalated,,
O-00765,T-10592,2026-03-21 01:41:39,resolved,no_action,4
O-00766,T-10581,2026-03-21 03:11:35,resolved,information,
O-00767,T-10605,2026-03-21 03:40:29,escalated,,
O-00768,T-10596,2026-03-21 09:36:35,resolved,information,2
O-00769,T-10597,2026-03-21 10:02:35,resolved,refund,3
O-00770,T-10600,2026-03-21 10:25:10,resolved,information,4
O-00771,T-10599,2026-03-21 12:25:52,resolved,information,
O-00772,T-10601,2026-03-21 19:34:33,resolved,information,4
O-00773,T-10573,2026-03-21 19:36:45,resolved,no_action,
O-00774,T-10591,2026-03-21 19:43:45,resolved,no_action,3
O-00775,T-10604,2026-03-21 20:32:33,resolved,information,
O-00776,T-10578,2026-03-21 21:38:21,resolved,refund,
O-00777,T-10607,2026-03-21 22:10:01,resolved,refund,4
O-00778,T-10584,2026-03-22 08:38:36,resolved,refund,5
O-00779,T-10585,2026-03-22 09:23:54,reopened,,
O-00780,T-10593,2026-03-22 11:27:52,resolved,refund,4
O-00781,T-10549,2026-03-22 11:35:36,escalated,,
O-00782,T-10611,2026-03-22 13:26:29,resolved,information,
O-00783,T-10612,2026-03-22 14:43:28,resolved,refund,5
O-00784,T-10603,2026-03-22 14:45:41,resolved,no_action,
O-00785,T-10608,2026-03-22 17:07:10,resolved,refund,5
O-00786,T-10609,2026-03-22 18:27:54,escalated,,
O-00787,T-10602,2026-03-22 22:16:26,resolved,refund,
O-00788,T-10613,2026-03-22 22:52:32,resolved,no_action,
O-00789,T-10606,2026-03-23 06:50:53,resolved,replacement,
O-00790,T-10605,2026-03-23 07:32:36,resolved,information,3
O-00791,T-10619,2026-03-23 18:45:42,resolved,refund,3
O-00792,T-10615,2026-03-23 21:23:19,resolved,no_action,5
O-00793,T-10585,2026-03-23 21:33:15,resolved,information,5
O-00794,T-10620,2026-03-23 23:56:19,resolved,refund,3
O-00795,T-10618,2026-03-24 02:35:17,resolved,refund,
O-00796,T-10583,2026-03-24 03:00:47,reopened,,
O-00797,T-10583,2026-03-24 03:00:47,resolved,information,
O-00798,T-10616,2026-03-24 10:31:51,resolved,no_action,4
O-00799,T-10610,2026-03-24 11:56:02,resolved,information,
O-00800,T-10621,2026-03-24 13:50:39,escalated,,
O-00801,T-10609,2026-03-24 18:30:35,resolved,information,3
O-00802,T-10614,2026-03-24 20:25:35,resolved,information,2
O-00803,T-10617,2026-03-24 21:46:42,resolved,replacement,5
O-00804,T-10624,2026-03-25 00:09:27,resolved,information,4
O-00805,T-10627,2026-03-25 00:12:47,resolved,replacement,
O-00806,T-10629,2026-03-25 00:51:28,resolved,refund,4
O-00807,T-10625,2026-03-25 04:19:38,resolved,information,3
O-00808,T-10630,2026-03-25 04:46:01,escalated,,
O-00809,T-10628,2026-03-25 05:11:22,resolved,refund,
O-00810,T-10595,2026-03-25 07:43:33,resolved,information,5
O-00811,T-10632,2026-03-25 07:49:05,resolved,refund,5
O-00812,T-10622,2026-03-25 09:19:33,resolved,information,5
O-00813,T-10634,2026-03-25 18:17:23,escalated,,
O-00814,T-10581,2026-03-25 19:02:04,reopened,,
O-00815,T-10581,2026-03-25 20:17:23,resolved,replacement,3
O-00816,T-10635,2026-03-26 04:20:45,escalated,,
O-00817,T-10633,2026-03-26 14:50:33,resolved,information,
O-00818,T-10638,2026-03-26 16:46:12,escalated,,
O-00819,T-10640,2026-03-26 17:55:57,escalated,,
O-00820,T-10641,2026-03-26 20:37:59,resolved,information,4
O-00821,T-10634,2026-03-27 00:16:39,resolved,refund,
O-00822,T-10636,2026-03-27 01:00:09,resolved,replacement,3
O-00823,T-10645,2026-03-27 03:29:16,resolved,refund,
O-00824,T-10626,2026-03-27 06:15:34,resolved,replacement,5
O-00825,T-10644,2026-03-27 07:33:29,resolved,information,3
O-00826,T-10643,2026-03-27 08:18:00,resolved,refund,3
O-00827,T-10635,2026-03-27 10:24:43,resolved,information,
O-00828,T-10637,2026-03-27 22:18:21,resolved,refund,5
O-00829,T-10649,2026-03-28 01:21:55,escalated,,
O-00830,T-10650,2026-03-28 01:57:01,escalated,,
O-00831,T-10630,2026-03-28 03:42:19,resolved,refund,
O-00832,T-10651,2026-03-28 06:14:22,resolved,information,
O-00833,T-10646,2026-03-28 13:14:28,resolved,information,4
O-00834,T-10648,2026-03-28 16:54:38,resolved,refund,
O-00835,T-10639,2026-03-29 00:16:53,resolved,replacement,4
O-00836,T-10642,2026-03-29 03:20:35,resolved,replacement,4
O-00837,T-10647,2026-03-29 08:36:23,resolved,information,
O-00838,T-10625,2026-03-29 08:46:50,reopened,,
O-00839,T-10653,2026-03-29 10:23:11,escalated,,
O-00840,T-10660,2026-03-29 11:54:58,resolved,information,3
O-00841,T-10549,2026-03-29 13:04:48,resolved,information,2
O-00842,T-10649,2026-03-29 15:40:18,resolved,replacement,
O-00843,T-10656,2026-03-29 16:08:25,resolved,refund,5
O-00844,T-10664,2026-03-29 19:27:51,resolved,information,
O-00845,T-10625,2026-03-29 20:20:57,resolved,replacement,
O-00846,T-10665,2026-03-29 20:22:06,resolved,refund,
O-00847,T-10652,2026-03-29 22:31:35,resolved,replacement,
O-00848,T-10667,2026-03-29 23:47:49,escalated,,
O-00849,T-10655,2026-03-30 01:54:31,resolved,information,
O-00850,T-10650,2026-03-30 03:26:04,resolved,information,2
O-00851,T-10651,2026-03-30 03:47:26,reopened,,
O-00852,T-10631,2026-03-30 06:19:58,escalated,,
O-00853,T-10657,2026-03-30 06:48:09,resolved,replacement,4
O-00854,T-10651,2026-03-30 12:15:27,resolved,information,4
O-00855,T-10654,2026-03-30 16:50:57,resolved,information,4
O-00856,T-10671,2026-03-30 17:12:18,resolved,refund,
O-00857,T-10669,2026-03-30 17:17:46,resolved,refund,4
O-00858,T-10666,2026-03-30 20:44:26,resolved,replacement,
O-00859,T-10661,2026-03-30 23:07:18,resolved,refund,
O-00860,T-10667,2026-03-31 01:41:36,resolved,replacement,
O-00861,T-10659,2026-03-31 05:07:38,resolved,refund,4
O-00862,T-10663,2026-03-31 08:42:25,resolved,refund,5
O-00863,T-10678,2026-03-31 10:10:35,escalated,,
O-00864,T-10676,2026-03-31 11:34:06,resolved,information,3
O-00865,T-10677,2026-03-31 14:49:43,resolved,no_action,4
O-00866,T-10621,2026-03-31 16:57:20,resolved,information,
O-00867,T-10670,2026-03-31 18:45:30,resolved,no_action,4
O-00868,T-10681,2026-03-31 20:05:34,resolved,information,
O-00869,T-10672,2026-03-31 20:19:47,resolved,refund,
O-00870,T-10631,2026-03-31 20:20:50,resolved,replacement,
O-00871,T-10668,2026-03-31 22:31:19,resolved,information,
O-00872,T-10674,2026-03-31 23:27:46,resolved,information,4
O-00873,T-10675,2026-03-31 23:56:10,resolved,replacement,
O-00874,T-10686,2026-04-01 00:29:14,resolved,no_action,4
O-00875,T-10686,2026-04-01 00:29:14,resolved,no_action,4
O-00876,T-10658,2026-04-01 06:30:48,resolved,information,3
O-00877,T-10638,2026-04-01 08:28:10,resolved,no_action,2
O-00878,T-10683,2026-04-01 10:04:22,resolved,information,2
O-00879,T-10679,2026-04-01 12:26:07,resolved,refund,3
O-00880,T-10623,2026-04-01 17:13:36,escalated,,
O-00881,T-10695,2026-04-01 18:42:19,resolved,refund,4
O-00882,T-10687,2026-04-01 20:18:37,escalated,,
O-00883,T-10640,2026-04-01 20:26:36,resolved,refund,5
O-00884,T-10677,2026-04-01 20:45:10,reopened,,
O-00885,T-10678,2026-04-01 22:20:37,resolved,replacement,
O-00886,T-10699,2026-04-01 22:27:58,escalated,,
O-00887,T-10691,2026-04-01 23:02:33,resolved,no_action,
O-00888,T-10662,2026-04-02 01:42:42,resolved,information,4
O-00889,T-10684,2026-04-02 03:09:09,resolved,refund,
O-00890,T-10677,2026-04-02 03:53:00,resolved,information,3
O-00891,T-10682,2026-04-02 04:06:16,resolved,refund,
O-00892,T-10685,2026-04-02 06:25:31,resolved,no_action,
O-00893,T-10687,2026-04-02 06:43:21,resolved,no_action,1
O-00894,T-10696,2026-04-02 08:04:31,escalated,,
O-00895,T-10694,2026-04-02 08:22:20,resolved,information,4
O-00896,T-10704,2026-04-02 09:52:29,resolved,refund,4
O-00897,T-10688,2026-04-02 12:01:07,resolved,refund,
O-00898,T-10702,2026-04-02 12:09:37,resolved,information,
O-00899,T-10702,2026-04-02 12:09:37,resolved,information,
O-00900,T-10703,2026-04-02 13:03:54,escalated,,
O-00901,T-10701,2026-04-02 20:11:58,resolved,information,4
O-00902,T-10697,2026-04-02 20:57:15,resolved,no_action,5
O-00903,T-10706,2026-04-02 22:03:53,resolved,refund,5
O-00904,T-10623,2026-04-02 22:23:08,resolved,replacement,4
O-00905,T-10640,2026-04-02 23:29:07,reopened,,
O-00906,T-10698,2026-04-03 05:23:33,resolved,replacement,5
O-00907,T-10653,2026-04-03 08:02:37,resolved,information,
O-00908,T-10707,2026-04-03 09:37:58,resolved,refund,5
O-00909,T-10717,2026-04-03 09:46:05,resolved,information,4
O-00910,T-10700,2026-04-03 10:16:16,resolved,information,4
O-00911,T-10692,2026-04-03 11:22:19,resolved,information,
O-00912,T-10715,2026-04-03 12:06:17,resolved,refund,4
O-00913,T-10708,2026-04-03 14:15:59,escalated,,
O-00914,T-10714,2026-04-03 15:27:30,resolved,replacement,
O-00915,T-10702,2026-04-03 17:31:21,reopened,,
O-00916,T-10680,2026-04-03 17:37:07,resolved,information,
O-00917,T-10711,2026-04-03 17:38:13,resolved,information,5
O-00918,T-10716,2026-04-03 20:00:19,escalated,,
O-00919,T-10713,2026-04-03 21:09:19,resolved,replacement,
O-00920,T-10722,2026-04-03 21:51:47,resolved,replacement,
O-00921,T-10693,2026-04-03 22:01:54,resolved,replacement,
O-00922,T-10719,2026-04-04 01:07:57,resolved,information,
O-00923,T-10718,2026-04-04 01:19:49,resolved,replacement,
O-00924,T-10724,2026-04-04 01:37:41,escalated,,
O-00925,T-10678,2026-04-04 02:34:22,reopened,,
O-00926,T-10712,2026-04-04 04:04:58,resolved,no_action,4
O-00927,T-10702,2026-04-04 05:19:30,resolved,information,3
O-00928,T-10687,2026-04-04 06:21:56,reopened,,
O-00929,T-10720,2026-04-04 07:00:27,resolved,no_action,5
O-00930,T-10724,2026-04-04 10:45:33,resolved,information,4
O-00931,T-10725,2026-04-04 11:17:53,resolved,information,3
O-00932,T-10699,2026-04-04 12:07:03,resolved,no_action,
O-00933,T-10708,2026-04-04 12:45:59,resolved,replacement,4
O-00934,T-10710,2026-04-04 15:43:31,resolved,information,4
O-00935,T-10640,2026-04-04 16:08:06,resolved,information,
O-00936,T-10689,2026-04-04 16:50:18,resolved,information,
O-00937,T-10663,2026-04-04 18:47:44,reopened,,
O-00938,T-10723,2026-04-04 19:32:57,resolved,information,
O-00939,T-10728,2026-04-04 20:27:53,resolved,no_action,5
O-00940,T-10727,2026-04-05 00:33:05,resolved,information,5
O-00941,T-10678,2026-04-05 04:54:32,resolved,replacement,
O-00942,T-10663,2026-04-05 08:10:28,resolved,replacement,3
O-00943,T-10673,2026-04-05 08:10:35,escalated,,
O-00944,T-10709,2026-04-05 08:50:14,resolved,refund,
O-00945,T-10721,2026-04-05 11:33:51,resolved,no_action,
O-00946,T-10713,2026-04-05 14:45:52,reopened,,
O-00947,T-10703,2026-04-05 15:57:21,resolved,no_action,
O-00948,T-10696,2026-04-05 16:35:13,resolved,replacement,
O-00949,T-10730,2026-04-05 20:14:40,resolved,replacement,3
O-00950,T-10732,2026-04-05 23:32:49,resolved,information,3
O-00951,T-10733,2026-04-06 02:59:50,resolved,refund,4
O-00952,T-10729,2026-04-06 04:44:45,resolved,refund,5
O-00953,T-10687,2026-04-06 07:50:52,resolved,information,
O-00954,T-10731,2026-04-06 09:02:09,resolved,no_action,5
O-00955,T-10735,2026-04-06 12:28:17,resolved,information,4
O-00956,T-10713,2026-04-06 16:37:44,resolved,replacement,
O-00957,T-10738,2026-04-06 18:10:33,resolved,information,5
O-00958,T-10705,2026-04-06 19:15:20,escalated,,
O-00959,T-10737,2026-04-06 20:17:59,resolved,refund,
O-00960,T-10726,2026-04-07 00:52:44,resolved,no_action,4
O-00961,T-10716,2026-04-07 02:24:57,resolved,replacement,4
O-00962,T-10722,2026-04-07 05:35:09,reopened,,
O-00963,T-10742,2026-04-07 05:35:12,resolved,refund,
O-00964,T-10722,2026-04-07 05:44:59,resolved,information,4
O-00965,T-10705,2026-04-07 06:16:59,resolved,information,3
O-00966,T-10734,2026-04-07 11:34:19,resolved,replacement,5
O-00967,T-10741,2026-04-07 13:54:44,resolved,refund,
O-00968,T-10739,2026-04-07 19:03:29,resolved,replacement,2
O-00969,T-10751,2026-04-07 20:27:09,resolved,information,5
O-00970,T-10749,2026-04-08 02:04:08,resolved,information,
O-00971,T-10754,2026-04-08 02:33:51,resolved,replacement,
O-00972,T-10748,2026-04-08 02:33:55,resolved,no_action,
O-00973,T-10747,2026-04-08 04:27:27,resolved,information,
O-00974,T-10745,2026-04-08 08:49:44,resolved,replacement,
O-00975,T-10740,2026-04-08 09:46:11,resolved,refund,
O-00976,T-10736,2026-04-08 10:51:22,resolved,information,4
O-00977,T-10750,2026-04-08 14:29:40,resolved,information,5
O-00978,T-10746,2026-04-08 14:54:50,resolved,information,
O-00979,T-10752,2026-04-08 16:15:29,resolved,information,
O-00980,T-10739,2026-04-08 16:21:23,reopened,,
O-00981,T-10755,2026-04-08 20:23:46,resolved,information,5
O-00982,T-10757,2026-04-08 21:29:43,escalated,,
O-00983,T-10673,2026-04-08 23:31:20,resolved,replacement,3
O-00984,T-10720,2026-04-09 03:28:28,reopened,,
O-00985,T-10756,2026-04-09 04:05:56,resolved,refund,4
O-00986,T-10753,2026-04-09 04:58:53,resolved,information,4
O-00987,T-10744,2026-04-09 06:02:17,resolved,information,
O-00988,T-10690,2026-04-09 08:48:59,escalated,,
O-00989,T-10743,2026-04-09 12:08:20,resolved,replacement,
O-00990,T-10761,2026-04-09 14:24:13,escalated,,
O-00991,T-10732,2026-04-09 15:16:57,reopened,,
O-00992,T-10739,2026-04-09 17:11:49,resolved,refund,5
O-00993,T-10758,2026-04-09 20:20:30,resolved,refund,5
O-00994,T-10760,2026-04-10 03:45:48,resolved,replacement,
O-00995,T-10762,2026-04-10 03:59:38,escalated,,
O-00996,T-10759,2026-04-10 08:29:31,resolved,information,
O-00997,T-10770,2026-04-10 11:18:32,escalated,,
O-00998,T-10763,2026-04-10 13:00:58,resolved,information,2
O-00999,T-10732,2026-04-10 17:02:18,resolved,information,
O-01000,T-10769,2026-04-10 17:54:58,resolved,replacement,
O-01001,T-10768,2026-04-10 18:15:08,resolved,refund,
O-01002,T-10766,2026-04-10 19:44:25,escalated,,
O-01003,T-10767,2026-04-10 19:59:47,resolved,replacement,4
O-01004,T-10762,2026-04-10 20:17:24,resolved,no_action,3
O-01005,T-10776,2026-04-11 00:14:27,resolved,no_action,4
O-01006,T-10774,2026-04-11 03:19:14,escalated,,
O-01007,T-10771,2026-04-11 04:04:18,escalated,,
O-01008,T-10720,2026-04-11 04:39:19,resolved,no_action,4
O-01009,T-10774,2026-04-11 04:45:55,resolved,refund,2
O-01010,T-10761,2026-04-11 09:40:03,resolved,refund,3
O-01011,T-10765,2026-04-11 10:50:14,resolved,refund,5
O-01012,T-10764,2026-04-11 13:32:48,resolved,information,5
O-01013,T-10690,2026-04-11 17:57:00,resolved,information,
O-01014,T-10773,2026-04-11 20:22:24,resolved,replacement,4
O-01015,T-10757,2026-04-11 22:49:01,resolved,information,
O-01016,T-10770,2026-04-12 01:40:04,resolved,replacement,
O-01017,T-10780,2026-04-12 05:12:10,resolved,information,4
O-01018,T-10772,2026-04-12 07:29:38,resolved,information,
O-01019,T-10779,2026-04-12 07:40:02,resolved,information,4
O-01020,T-10766,2026-04-12 08:01:12,resolved,information,
O-01021,T-10778,2026-04-12 10:55:01,resolved,refund,5
O-01022,T-10736,2026-04-12 15:15:08,reopened,,
O-01023,T-10783,2026-04-12 19:32:50,resolved,refund,
O-01024,T-10740,2026-04-12 21:36:18,reopened,,
O-01025,T-10777,2026-04-12 21:40:41,resolved,information,
O-01026,T-10781,2026-04-13 04:08:07,resolved,refund,
O-01027,T-10763,2026-04-13 10:43:29,reopened,,
O-01028,T-10763,2026-04-13 12:22:52,resolved,refund,3
O-01029,T-10736,2026-04-13 18:00:56,resolved,no_action,
O-01030,T-10782,2026-04-13 18:14:34,resolved,information,4
O-01031,T-10785,2026-04-13 18:29:57,resolved,information,
O-01032,T-10787,2026-04-13 22:28:53,resolved,information,
O-01033,T-10740,2026-04-13 23:30:45,resolved,replacement,4
O-01034,T-10791,2026-04-14 05:10:22,resolved,refund,4
O-01035,T-10788,2026-04-14 07:19:58,resolved,no_action,4
O-01036,T-10771,2026-04-14 13:05:17,resolved,replacement,3
O-01037,T-10775,2026-04-14 16:28:56,escalated,,
O-01038,T-10790,2026-04-14 17:06:02,resolved,information,
O-01039,T-10794,2026-04-14 19:28:56,resolved,no_action,
O-01040,T-10792,2026-04-14 21:18:35,resolved,refund,
O-01041,T-10797,2026-04-14 22:21:57,resolved,information,2
O-01042,T-10764,2026-04-15 01:50:16,reopened,,
O-01043,T-10795,2026-04-15 08:54:39,resolved,refund,
O-01044,T-10789,2026-04-15 10:44:45,resolved,information,
O-01045,T-10799,2026-04-15 11:03:25,resolved,no_action,4
O-01046,T-10784,2026-04-15 11:22:17,resolved,information,
O-01047,T-10796,2026-04-15 12:10:17,resolved,information,3
O-01048,T-10800,2026-04-15 13:16:13,resolved,refund,4
O-01049,T-10764,2026-04-15 15:56:31,resolved,refund,3
O-01050,T-10774,2026-04-15 17:55:45,reopened,,
O-01051,T-10786,2026-04-15 20:37:54,resolved,replacement,5
O-01052,T-10774,2026-04-15 21:45:24,resolved,information,3
O-01053,T-10803,2026-04-15 23:26:01,escalated,,
O-01054,T-10807,2026-04-15 23:35:40,escalated,,
O-01055,T-10775,2026-04-15 23:37:03,resolved,information,3
O-01056,T-10801,2026-04-16 00:30:45,resolved,information,5
O-01057,T-10793,2026-04-16 06:00:20,resolved,information,4
O-01058,T-10809,2026-04-16 08:55:05,escalated,,
O-01059,T-10808,2026-04-16 10:06:25,resolved,no_action,
O-01060,T-10807,2026-04-16 10:42:24,resolved,replacement,5
O-01061,T-10804,2026-04-16 10:43:21,resolved,replacement,
O-01062,T-10810,2026-04-16 18:51:55,escalated,,
O-01063,T-10806,2026-04-16 21:54:11,resolved,replacement,5
O-01064,T-10812,2026-04-17 01:47:53,resolved,information,4
O-01065,T-10802,2026-04-17 07:48:14,resolved,replacement,4
O-01066,T-10814,2026-04-17 08:54:05,resolved,no_action,5
O-01067,T-10810,2026-04-17 09:45:22,resolved,information,4
O-01068,T-10811,2026-04-17 11:54:26,resolved,information,
O-01069,T-10815,2026-04-17 13:55:36,resolved,information,
O-01070,T-10815,2026-04-17 13:55:36,resolved,information,
O-01071,T-10805,2026-04-17 15:36:39,resolved,replacement,4
O-01072,T-10820,2026-04-17 17:49:10,escalated,,
O-01073,T-10819,2026-04-17 20:28:27,resolved,information,
O-01074,T-10822,2026-04-17 21:04:50,resolved,replacement,4
O-01075,T-10821,2026-04-18 00:33:02,resolved,refund,
O-01076,T-10809,2026-04-18 04:01:05,resolved,information,4
O-01077,T-10818,2026-04-18 04:08:01,resolved,replacement,4
O-01078,T-10812,2026-04-18 04:48:23,reopened,,
O-01079,T-10820,2026-04-18 05:33:01,resolved,refund,4
O-01080,T-10816,2026-04-18 06:24:57,resolved,replacement,4
O-01081,T-10803,2026-04-18 13:59:40,resolved,no_action,
O-01082,T-10826,2026-04-18 21:15:15,resolved,replacement,4
O-01083,T-10807,2026-04-19 00:12:39,reopened,,
O-01084,T-10824,2026-04-19 02:53:12,escalated,,
O-01085,T-10817,2026-04-19 07:51:14,resolved,information,4
O-01086,T-10825,2026-04-19 10:10:01,resolved,information,
O-01087,T-10828,2026-04-19 11:41:55,resolved,replacement,
O-01088,T-10812,2026-04-19 17:23:23,resolved,no_action,4
O-01089,T-10823,2026-04-19 18:15:50,resolved,replacement,4
O-01090,T-10832,2026-04-20 04:31:24,resolved,information,4
O-01091,T-10829,2026-04-20 04:37:55,resolved,replacement,
O-01092,T-10829,2026-04-20 04:37:55,resolved,replacement,
O-01093,T-9992,2026-04-20 09:03:30,resolved,no_action,
O-01094,T-10798,2026-04-20 12:18:20,resolved,information,
O-01095,T-10830,2026-04-20 12:41:05,resolved,refund,
O-01096,T-10827,2026-04-20 16:47:19,resolved,replacement,4
O-01097,T-10807,2026-04-20 20:54:37,resolved,information,
O-01098,T-10834,2026-04-20 21:38:25,resolved,no_action,
O-01099,T-10843,2026-04-20 23:21:12,resolved,replacement,
O-01100,T-10835,2026-04-21 04:40:48,resolved,refund,
O-01101,T-10838,2026-04-21 07:51:03,resolved,no_action,4
O-01102,T-10811,2026-04-21 08:53:25,reopened,,
O-01103,T-10842,2026-04-21 15:56:16,resolved,no_action,3
O-01104,T-10836,2026-04-21 16:10:32,resolved,information,4
O-01105,T-10840,2026-04-21 17:24:02,resolved,no_action,
O-01106,T-10853,2026-04-21 19:06:52,resolved,information,4
O-01107,T-10837,2026-04-21 19:55:42,resolved,refund,
O-01108,T-10850,2026-04-21 21:21:55,resolved,information,5
O-01109,T-10831,2026-04-21 22:31:51,resolved,no_action,3
O-01110,T-10844,2026-04-22 00:28:15,resolved,refund,5
O-01111,T-10848,2026-04-22 04:36:09,resolved,refund,
O-01112,T-10854,2026-04-22 08:39:12,resolved,replacement,
O-01113,T-10813,2026-04-22 08:59:09,escalated,,
O-01114,T-10847,2026-04-22 15:12:07,resolved,replacement,
O-01115,T-10852,2026-04-22 17:09:58,resolved,no_action,3
O-01116,T-10858,2026-04-22 17:48:46,resolved,replacement,
O-01117,T-10849,2026-04-22 19:23:12,resolved,information,4
O-01118,T-10839,2026-04-22 20:27:38,resolved,information,
O-01119,T-10855,2026-04-22 20:37:59,resolved,refund,
O-01120,T-10851,2026-04-22 20:42:13,resolved,information,5
O-01121,T-10857,2026-04-22 21:16:22,resolved,refund,4
O-01122,T-10846,2026-04-22 23:58:56,resolved,refund,4
O-01123,T-10859,2026-04-23 05:20:47,resolved,information,4
O-01124,T-10811,2026-04-23 05:59:17,resolved,information,5
O-01125,T-10845,2026-04-23 10:52:28,resolved,information,
O-01126,T-10865,2026-04-23 12:42:23,escalated,,
O-01127,T-10824,2026-04-23 18:54:24,resolved,no_action,3
O-01128,T-10867,2026-04-23 19:20:09,resolved,information,
O-01129,T-10856,2026-04-23 20:20:44,resolved,refund,
O-01130,T-10873,2026-04-23 20:43:08,resolved,replacement,
O-01131,T-10872,2026-04-24 00:02:59,resolved,refund,5
O-01132,T-10863,2026-04-24 04:21:29,resolved,no_action,
O-01133,T-10866,2026-04-24 06:10:27,resolved,replacement,
O-01134,T-10870,2026-04-24 09:59:50,resolved,replacement,2
O-01135,T-10862,2026-04-24 11:51:46,resolved,no_action,4
O-01136,T-10869,2026-04-24 13:12:48,resolved,replacement,5
O-01137,T-10865,2026-04-24 13:32:33,resolved,information,5
O-01138,T-10871,2026-04-24 14:31:07,resolved,information,4
O-01139,T-10875,2026-04-24 16:36:02,resolved,refund,4
O-01140,T-10861,2026-04-24 18:37:36,resolved,information,
O-01141,T-10860,2026-04-24 19:29:13,escalated,,
O-01142,T-10874,2026-04-24 20:05:58,resolved,information,
O-01143,T-10833,2026-04-24 20:27:04,resolved,replacement,3
O-01144,T-10883,2026-04-24 23:49:30,resolved,information,4
O-01145,T-10848,2026-04-25 01:45:52,reopened,,
O-01146,T-10860,2026-04-25 05:20:48,resolved,refund,5
O-01147,T-10876,2026-04-25 05:37:22,resolved,no_action,5
O-01148,T-10877,2026-04-25 06:17:26,resolved,information,5
O-01149,T-10855,2026-04-25 08:08:05,reopened,,
O-01150,T-10884,2026-04-25 08:27:18,resolved,no_action,3
O-01151,T-10848,2026-04-25 08:50:47,resolved,refund,5
O-01152,T-10879,2026-04-25 10:08:23,resolved,information,4
O-01153,T-10886,2026-04-25 13:10:36,resolved,information,5
O-01154,T-10855,2026-04-25 15:09:56,resolved,information,5
O-01155,T-10840,2026-04-25 16:34:55,reopened,,
O-01156,T-10880,2026-04-25 19:44:11,resolved,replacement,
O-01157,T-10882,2026-04-26 01:16:14,resolved,information,3
O-01158,T-10813,2026-04-26 01:53:19,resolved,replacement,3
O-01159,T-10887,2026-04-26 03:38:50,escalated,,
O-01160,T-10887,2026-04-26 03:38:50,escalated,,
O-01161,T-10868,2026-04-26 05:37:02,resolved,information,
O-01162,T-10883,2026-04-26 11:20:22,reopened,,
O-01163,T-10845,2026-04-26 12:25:47,reopened,,
O-01164,T-10887,2026-04-26 15:48:05,resolved,no_action,4
O-01165,T-10878,2026-04-26 17:38:15,resolved,information,2
O-01166,T-10878,2026-04-26 17:38:15,resolved,information,2
O-01167,T-10889,2026-04-26 23:16:33,resolved,information,
O-01168,T-10845,2026-04-27 01:12:02,resolved,refund,
O-01169,T-10883,2026-04-27 04:20:22,resolved,information,
O-01170,T-10888,2026-04-27 05:21:22,escalated,,
O-01171,T-10840,2026-04-27 05:36:25,resolved,replacement,3
O-01172,T-10890,2026-04-27 07:42:25,resolved,information,
O-01173,T-10881,2026-04-27 09:58:51,resolved,refund,
O-01174,T-10897,2026-04-27 11:34:54,resolved,replacement,
O-01175,T-10891,2026-04-27 12:46:35,resolved,replacement,4
O-01176,T-10885,2026-04-27 18:12:49,resolved,information,5
O-01177,T-10833,2026-04-27 18:50:51,reopened,,
O-01178,T-10894,2026-04-27 20:53:20,escalated,,
O-01179,T-10903,2026-04-27 21:12:15,resolved,replacement,
O-01180,T-10895,2026-04-27 22:14:03,resolved,information,
O-01181,T-10906,2026-04-28 00:02:34,resolved,refund,4
O-01182,T-10898,2026-04-28 05:05:39,resolved,information,
O-01183,T-10874,2026-04-28 05:43:08,reopened,,
O-01184,T-10894,2026-04-28 07:08:19,resolved,no_action,
O-01185,T-10888,2026-04-28 07:43:46,resolved,no_action,
O-01186,T-10874,2026-04-28 10:02:10,resolved,information,
O-01187,T-10907,2026-04-28 12:53:57,resolved,replacement,
O-01188,T-10892,2026-04-28 15:55:24,resolved,no_action,1
O-01189,T-10908,2026-04-28 16:51:06,resolved,replacement,
O-01190,T-10899,2026-04-28 17:08:33,resolved,replacement,
O-01191,T-10901,2026-04-28 18:19:16,resolved,refund,3
O-01192,T-10833,2026-04-28 18:35:38,resolved,refund,2
O-01193,T-10900,2026-04-28 21:20:44,resolved,information,
O-01194,T-10904,2026-04-28 21:28:09,resolved,refund,
O-01195,T-10913,2026-04-29 02:03:55,resolved,no_action,
O-01196,T-10841,2026-04-29 02:50:20,escalated,,
O-01197,T-10893,2026-04-29 02:57:50,resolved,information,
O-01198,T-10910,2026-04-29 05:29:48,resolved,information,3
O-01199,T-10905,2026-04-29 06:45:21,resolved,no_action,4
O-01200,T-10912,2026-04-29 08:35:29,resolved,information,5
O-01201,T-10911,2026-04-29 09:19:01,resolved,no_action,3
O-01202,T-10917,2026-04-29 10:06:47,resolved,replacement,5
O-01203,T-10916,2026-04-29 10:17:12,resolved,information,
O-01204,T-10914,2026-04-29 16:58:21,resolved,refund,
O-01205,T-10918,2026-04-29 18:22:11,resolved,refund,4
O-01206,T-10902,2026-04-29 22:07:26,resolved,replacement,
O-01207,T-10920,2026-04-29 23:29:32,resolved,replacement,5
O-01208,T-10919,2026-04-30 00:19:05,resolved,refund,4
O-01209,T-10841,2026-04-30 01:43:08,resolved,information,
O-01210,T-10923,2026-04-30 11:12:35,resolved,refund,5
O-01211,T-10922,2026-04-30 12:30:49,resolved,replacement,
O-01212,T-10896,2026-04-30 15:19:48,resolved,information,
O-01213,T-10887,2026-04-30 19:14:32,reopened,,
O-01214,T-10927,2026-04-30 19:16:50,escalated,,
O-01215,T-10924,2026-04-30 21:00:20,escalated,,
O-01216,T-10915,2026-04-30 22:38:55,resolved,replacement,4
O-01217,T-10881,2026-05-01 01:07:23,reopened,,
O-01218,T-10864,2026-05-01 04:16:46,escalated,,
O-01219,T-10900,2026-05-01 08:27:03,reopened,,
O-01220,T-10926,2026-05-01 10:33:55,resolved,information,4
O-01221,T-10924,2026-05-01 11:42:54,resolved,replacement,
O-01222,T-10930,2026-05-01 12:07:06,escalated,,
O-01223,T-10881,2026-05-01 13:10:02,resolved,replacement,
O-01224,T-10901,2026-05-01 15:10:37,reopened,,
O-01225,T-10887,2026-05-01 17:59:36,resolved,information,3
O-01226,T-10931,2026-05-01 21:42:21,escalated,,
O-01227,T-10933,2026-05-02 00:23:22,escalated,,
O-01228,T-10928,2026-05-02 03:10:40,resolved,no_action,
O-01229,T-10929,2026-05-02 04:21:57,escalated,,
O-01230,T-10900,2026-05-02 04:24:46,resolved,refund,
O-01231,T-10909,2026-05-02 05:02:34,resolved,no_action,
O-01232,T-10927,2026-05-02 06:54:20,resolved,information,5
O-01233,T-10932,2026-05-02 10:26:06,resolved,information,3
O-01234,T-10864,2026-05-02 11:40:01,resolved,information,
O-01235,T-10925,2026-05-02 14:46:37,resolved,refund,4
O-01236,T-10929,2026-05-02 21:20:24,resolved,information,4
O-01237,T-10901,2026-05-03 00:49:25,resolved,information,
O-01238,T-10934,2026-05-03 02:20:56,resolved,refund,
O-01239,T-10930,2026-05-03 07:08:14,resolved,refund,4
O-01240,T-10937,2026-05-04 03:24:19,resolved,information,5
O-01241,T-10938,2026-05-04 07:22:24,resolved,replacement,5
O-01242,T-10931,2026-05-04 10:14:06,resolved,no_action,
O-01243,T-10928,2026-05-04 13:44:28,reopened,,
O-01244,T-10941,2026-05-04 13:55:52,resolved,replacement,
O-01245,T-10924,2026-05-04 16:41:58,reopened,,
O-01246,T-10933,2026-05-04 17:35:58,resolved,refund,
O-01247,T-10939,2026-05-04 21:53:12,resolved,refund,3
O-01248,T-10935,2026-05-05 02:30:01,resolved,information,5
O-01249,T-10935,2026-05-05 02:30:01,resolved,information,5
O-01250,T-10942,2026-05-05 03:34:50,escalated,,
O-01251,T-10928,2026-05-05 09:23:09,resolved,refund,3
O-01252,T-10943,2026-05-05 12:15:53,resolved,refund,4
O-01253,T-10945,2026-05-05 13:23:30,escalated,,
O-01254,T-10924,2026-05-05 15:53:05,resolved,information,4
O-01255,T-10946,2026-05-05 16:38:07,escalated,,
O-01256,T-10950,2026-05-05 17:30:24,resolved,replacement,
O-01257,T-10944,2026-05-05 19:03:22,resolved,no_action,3
O-01258,T-10953,2026-05-05 19:53:22,escalated,,
O-01259,T-10948,2026-05-05 20:03:07,resolved,no_action,5
O-01260,T-10936,2026-05-05 21:46:41,resolved,no_action,5
O-01261,T-10955,2026-05-05 22:33:04,resolved,replacement,
O-01262,T-10947,2026-05-05 22:58:48,resolved,refund,
O-01263,T-10953,2026-05-06 00:10:02,resolved,refund,4
O-01264,T-10954,2026-05-06 00:56:05,resolved,information,5
O-01265,T-10921,2026-05-06 02:11:03,resolved,no_action,3
O-01266,T-10952,2026-05-06 03:08:49,escalated,,
O-01267,T-10949,2026-05-06 16:17:05,resolved,information,5
O-01268,T-10952,2026-05-06 19:20:19,resolved,refund,
O-01269,T-10959,2026-05-06 21:22:38,resolved,replacement,4
O-01270,T-10942,2026-05-07 00:27:08,resolved,information,
O-01271,T-10958,2026-05-07 01:16:27,resolved,no_action,4
O-01272,T-10945,2026-05-07 02:24:39,resolved,information,
O-01273,T-10940,2026-05-07 07:24:27,resolved,no_action,5
O-01274,T-10961,2026-05-07 09:24:33,resolved,refund,3
O-01275,T-10960,2026-05-07 09:35:06,escalated,,
O-01276,T-10963,2026-05-07 10:54:47,escalated,,
O-01277,T-10933,2026-05-07 12:22:49,reopened,,
O-01278,T-10946,2026-05-07 15:38:50,resolved,refund,3
O-01279,T-10968,2026-05-07 16:39:29,escalated,,
O-01280,T-10966,2026-05-07 16:55:31,escalated,,
O-01281,T-10972,2026-05-07 18:37:07,escalated,,
O-01282,T-10965,2026-05-07 22:04:19,resolved,information,4
O-01283,T-10962,2026-05-07 22:04:49,resolved,refund,5
O-01284,T-10979,2026-05-07 22:50:04,resolved,replacement,5
O-01285,T-10967,2026-05-07 22:55:19,resolved,information,4
O-01286,T-10933,2026-05-07 23:08:56,resolved,replacement,3
O-01287,T-10956,2026-05-07 23:34:39,resolved,refund,4
O-01288,T-10976,2026-05-08 03:37:44,escalated,,
O-01289,T-10957,2026-05-08 04:27:30,resolved,no_action,
O-01290,T-10974,2026-05-08 06:58:47,resolved,information,
O-01291,T-10974,2026-05-08 06:58:47,resolved,information,
O-01292,T-10980,2026-05-08 07:32:11,escalated,,
O-01293,T-10978,2026-05-08 09:11:09,resolved,replacement,5
O-01294,T-10951,2026-05-08 09:22:29,resolved,replacement,5
O-01295,T-10980,2026-05-08 11:57:33,resolved,replacement,3
O-01296,T-10964,2026-05-08 12:13:52,resolved,information,
O-01297,T-10969,2026-05-08 12:36:21,resolved,replacement,4
O-01298,T-10970,2026-05-08 12:55:03,resolved,refund,3
O-01299,T-10981,2026-05-08 13:38:33,escalated,,
O-01300,T-10975,2026-05-08 17:02:18,escalated,,
O-01301,T-10971,2026-05-08 17:52:01,escalated,,
O-01302,T-10977,2026-05-08 19:51:52,resolved,information,
O-01303,T-10983,2026-05-09 03:49:23,resolved,information,
O-01304,T-10982,2026-05-09 07:45:03,resolved,replacement,4
O-01305,T-10976,2026-05-09 08:47:56,resolved,refund,4
O-01306,T-10985,2026-05-09 19:12:22,resolved,information,4
O-01307,T-10973,2026-05-09 22:17:39,resolved,information,3
O-01308,T-10966,2026-05-10 00:21:35,resolved,replacement,
O-01309,T-10955,2026-05-10 03:00:42,reopened,,
O-01310,T-10984,2026-05-10 03:10:04,resolved,no_action,4
O-01311,T-10987,2026-05-10 04:05:19,resolved,information,
O-01312,T-10989,2026-05-10 05:08:03,escalated,,
O-01313,T-10963,2026-05-10 08:00:13,resolved,replacement,4
O-01314,T-10988,2026-05-10 10:23:23,resolved,refund,3
O-01315,T-10975,2026-05-10 10:46:07,resolved,replacement,3
O-01316,T-10975,2026-05-10 10:46:07,resolved,replacement,3
O-01317,T-10955,2026-05-10 10:59:03,resolved,information,
O-01318,T-10972,2026-05-10 14:20:56,resolved,refund,
O-01319,T-10990,2026-05-10 14:53:46,resolved,no_action,5
O-01320,T-10960,2026-05-10 20:05:26,resolved,replacement,3
O-01321,T-10971,2026-05-11 00:03:52,resolved,refund,
O-01322,T-10991,2026-05-11 04:23:56,resolved,replacement,4
O-01323,T-10968,2026-05-11 06:27:34,resolved,replacement,4
O-01324,T-10986,2026-05-11 14:23:38,resolved,information,3
O-01325,T-10992,2026-05-11 19:11:58,resolved,information,4
O-01326,T-10999,2026-05-11 23:37:20,escalated,,
O-01327,T-11000,2026-05-12 11:13:05,resolved,no_action,3
O-01328,T-10995,2026-05-12 17:33:54,resolved,information,
O-01329,T-10968,2026-05-12 20:51:25,reopened,,
O-01330,T-11005,2026-05-12 23:50:17,escalated,,
O-01331,T-11005,2026-05-12 23:50:17,escalated,,
O-01332,T-10989,2026-05-13 00:00:41,resolved,replacement,
O-01333,T-10968,2026-05-13 02:00:03,resolved,refund,
O-01334,T-10981,2026-05-13 02:58:34,resolved,refund,
O-01335,T-11008,2026-05-13 06:20:22,resolved,refund,5
O-01336,T-11001,2026-05-13 06:55:37,resolved,information,4
O-01337,T-10993,2026-05-13 07:17:45,resolved,information,3
O-01338,T-10986,2026-05-13 09:43:52,reopened,,
O-01339,T-11003,2026-05-13 11:53:39,resolved,refund,5
O-01340,T-11015,2026-05-13 14:36:33,escalated,,
O-01341,T-10996,2026-05-13 15:21:08,resolved,refund,
O-01342,T-11004,2026-05-13 15:24:46,resolved,information,
O-01343,T-11014,2026-05-13 17:28:49,escalated,,
O-01344,T-10998,2026-05-13 18:17:26,resolved,replacement,
O-01345,T-10994,2026-05-13 18:45:06,resolved,no_action,
O-01346,T-11009,2026-05-13 21:59:22,resolved,refund,
O-01347,T-11013,2026-05-13 23:05:44,escalated,,
O-01348,T-10997,2026-05-14 03:41:52,resolved,replacement,
O-01349,T-11011,2026-05-14 06:58:15,resolved,information,3
O-01350,T-11007,2026-05-14 08:18:45,resolved,no_action,
O-01351,T-11020,2026-05-14 09:44:37,resolved,replacement,
O-01352,T-11015,2026-05-14 12:15:01,resolved,refund,4
O-01353,T-11012,2026-05-14 13:41:31,resolved,no_action,5
O-01354,T-11005,2026-05-14 14:29:58,resolved,no_action,
O-01355,T-11016,2026-05-14 15:04:04,resolved,information,
O-01356,T-11018,2026-05-14 15:47:14,escalated,,
O-01357,T-11019,2026-05-14 17:40:07,resolved,information,5
O-01358,T-11023,2026-05-14 17:52:16,resolved,refund,
O-01359,T-11014,2026-05-14 18:53:27,resolved,no_action,4
O-01360,T-11006,2026-05-14 20:25:03,resolved,refund,5
O-01361,T-11021,2026-05-14 20:30:23,resolved,no_action,
O-01362,T-10999,2026-05-14 21:04:01,resolved,information,3
O-01363,T-11013,2026-05-14 21:59:20,resolved,refund,2
O-01364,T-10986,2026-05-15 02:48:01,resolved,refund,5
O-01365,T-10990,2026-05-15 02:56:44,reopened,,
O-01366,T-11017,2026-05-15 03:01:14,resolved,no_action,4
O-01367,T-10990,2026-05-15 05:17:13,resolved,refund,5
O-01368,T-11025,2026-05-15 05:54:19,resolved,information,5
O-01369,T-11027,2026-05-15 07:03:16,resolved,information,
O-01370,T-11018,2026-05-15 12:27:39,resolved,information,4
O-01371,T-11028,2026-05-15 12:56:23,escalated,,
O-01372,T-11030,2026-05-15 17:33:06,escalated,,
O-01373,T-11034,2026-05-15 20:59:25,resolved,information,
O-01374,T-11034,2026-05-15 20:59:25,resolved,information,
O-01375,T-11031,2026-05-15 21:19:33,resolved,no_action,
O-01376,T-11028,2026-05-16 00:13:51,resolved,replacement,2
O-01377,T-11010,2026-05-16 00:53:14,resolved,refund,3
O-01378,T-11024,2026-05-16 03:13:36,resolved,no_action,4
O-01379,T-11035,2026-05-16 03:49:42,escalated,,
O-01380,T-11033,2026-05-16 05:21:30,resolved,replacement,
O-01381,T-11029,2026-05-16 12:54:48,resolved,refund,
O-01382,T-11002,2026-05-16 17:25:35,resolved,information,
O-01383,T-11041,2026-05-17 03:42:48,resolved,replacement,5
O-01384,T-11038,2026-05-17 03:47:03,resolved,information,5
O-01385,T-11039,2026-05-17 03:59:43,escalated,,
O-01386,T-11022,2026-05-17 06:54:53,resolved,information,4
O-01387,T-11026,2026-05-17 07:12:46,resolved,replacement,5
O-01388,T-11042,2026-05-17 10:36:44,resolved,information,5
O-01389,T-11032,2026-05-17 13:47:04,resolved,information,3
O-01390,T-11037,2026-05-17 14:39:46,resolved,replacement,
O-01391,T-11044,2026-05-17 23:28:49,resolved,information,
O-01392,T-11040,2026-05-18 01:40:42,resolved,information,3
O-01393,T-11043,2026-05-18 10:31:44,resolved,no_action,
O-01394,T-11039,2026-05-18 14:04:46,resolved,replacement,
O-01395,T-11047,2026-05-18 17:35:35,escalated,,
O-01396,T-11035,2026-05-18 22:47:17,resolved,replacement,2
O-01397,T-11046,2026-05-19 01:10:18,resolved,information,5
O-01398,T-11044,2026-05-19 03:02:19,reopened,,
O-01399,T-11044,2026-05-19 03:02:19,resolved,no_action,
O-01400,T-11049,2026-05-19 05:13:51,resolved,information,5
O-01401,T-11048,2026-05-19 09:36:03,resolved,information,
O-01402,T-11053,2026-05-19 12:27:17,escalated,,
O-01403,T-11030,2026-05-19 16:24:09,resolved,refund,4
O-01404,T-11060,2026-05-19 22:49:40,resolved,information,4
O-01405,T-11059,2026-05-19 23:09:03,resolved,replacement,3
O-01406,T-11052,2026-05-20 00:03:00,resolved,information,5
O-01407,T-11055,2026-05-20 03:55:52,resolved,no_action,
O-01408,T-11054,2026-05-20 04:58:42,escalated,,
O-01409,T-11057,2026-05-20 09:03:35,resolved,information,
O-01410,T-11058,2026-05-20 09:36:21,resolved,information,
O-01411,T-11050,2026-05-20 15:14:46,resolved,no_action,5
O-01412,T-11056,2026-05-20 19:20:00,resolved,refund,
O-01413,T-11072,2026-05-20 19:35:31,resolved,information,
O-01414,T-11066,2026-05-20 21:15:31,escalated,,
O-01415,T-11065,2026-05-20 23:53:42,resolved,information,
O-01416,T-11039,2026-05-21 00:23:52,reopened,,
O-01417,T-11067,2026-05-21 03:28:42,escalated,,
O-01418,T-11039,2026-05-21 06:33:05,resolved,replacement,
O-01419,T-11061,2026-05-21 07:20:06,resolved,refund,3
O-01420,T-11053,2026-05-21 07:38:49,resolved,refund,
O-01421,T-11073,2026-05-21 08:01:00,escalated,,
O-01422,T-11062,2026-05-21 12:30:16,resolved,information,4
O-01423,T-11071,2026-05-21 16:30:39,resolved,replacement,
O-01424,T-11054,2026-05-21 16:33:45,resolved,information,
O-01425,T-11047,2026-05-21 17:23:28,resolved,information,
O-01426,T-11045,2026-05-21 17:40:56,resolved,no_action,
O-01427,T-11077,2026-05-21 17:41:42,escalated,,
O-01428,T-11068,2026-05-21 18:46:10,resolved,replacement,3
O-01429,T-11064,2026-05-21 22:46:55,resolved,refund,4
O-01430,T-11036,2026-05-21 22:51:47,resolved,refund,5
O-01431,T-11069,2026-05-22 00:51:26,resolved,information,3
O-01432,T-11067,2026-05-22 02:29:21,resolved,information,4
O-01433,T-11074,2026-05-22 02:33:38,resolved,replacement,4
O-01434,T-11070,2026-05-22 02:54:04,resolved,information,4
O-01435,T-11066,2026-05-22 04:18:33,resolved,refund,2
O-01436,T-11076,2026-05-22 07:34:24,resolved,no_action,3
O-01437,T-11078,2026-05-22 09:39:43,resolved,refund,5
O-01438,T-11075,2026-05-22 10:03:48,resolved,refund,2
O-01439,T-11075,2026-05-22 10:03:48,resolved,refund,2
O-01440,T-11063,2026-05-22 10:08:06,resolved,information,
O-01441,T-11051,2026-05-22 11:49:32,escalated,,
O-01442,T-11077,2026-05-22 16:04:30,resolved,refund,4
O-01443,T-11082,2026-05-22 21:31:12,resolved,information,5
O-01444,T-11086,2026-05-22 22:55:44,resolved,information,5
O-01445,T-11080,2026-05-22 23:31:18,resolved,information,3
O-01446,T-11051,2026-05-23 02:59:17,resolved,information,4
O-01447,T-11090,2026-05-23 03:01:32,resolved,information,
O-01448,T-11091,2026-05-23 04:09:27,escalated,,
O-01449,T-11088,2026-05-23 06:06:39,escalated,,
O-01450,T-11092,2026-05-23 11:30:29,resolved,information,
O-01451,T-11094,2026-05-23 12:06:08,resolved,refund,3
O-01452,T-11079,2026-05-23 12:16:34,resolved,no_action,5
O-01453,T-11091,2026-05-23 13:17:55,resolved,information,4
O-01454,T-11088,2026-05-23 14:21:49,resolved,information,4
O-01455,T-11084,2026-05-23 15:14:12,resolved,no_action,
O-01456,T-11089,2026-05-23 17:21:03,resolved,refund,4
O-01457,T-11073,2026-05-23 19:27:52,resolved,refund,
O-01458,T-11085,2026-05-23 21:43:47,resolved,no_action,
O-01459,T-11081,2026-05-24 10:05:03,resolved,no_action,5
O-01460,T-11097,2026-05-24 13:36:41,resolved,information,
O-01461,T-11093,2026-05-24 17:58:10,resolved,replacement,
O-01462,T-11095,2026-05-24 20:38:15,resolved,refund,4
O-01463,T-11100,2026-05-24 23:13:51,resolved,refund,4
O-01464,T-11056,2026-05-25 07:10:15,reopened,,
O-01465,T-11104,2026-05-25 14:03:24,resolved,refund,
O-01466,T-11106,2026-05-25 15:14:48,resolved,refund,5
O-01467,T-11103,2026-05-25 16:02:20,resolved,replacement,5
O-01468,T-11101,2026-05-25 16:11:34,resolved,information,4
O-01469,T-11107,2026-05-25 18:58:04,resolved,refund,
O-01470,T-11096,2026-05-26 02:08:06,resolved,replacement,5
O-01471,T-11105,2026-05-26 02:21:52,resolved,no_action,5
O-01472,T-11108,2026-05-26 02:28:25,resolved,information,3
O-01473,T-11109,2026-05-26 11:50:08,resolved,information,4
O-01474,T-11110,2026-05-26 12:13:52,resolved,information,4
O-01475,T-11111,2026-05-26 13:37:01,escalated,,
O-01476,T-11099,2026-05-26 15:44:35,resolved,replacement,
O-01477,T-11114,2026-05-26 17:11:55,resolved,no_action,5
O-01478,T-11102,2026-05-26 17:34:13,resolved,no_action,
O-01479,T-11066,2026-05-26 22:12:15,reopened,,
O-01480,T-11066,2026-05-26 22:12:15,resolved,information,3
O-01481,T-11087,2026-05-27 01:55:13,escalated,,
O-01482,T-11056,2026-05-27 04:53:07,resolved,information,3
O-01483,T-11116,2026-05-27 08:48:02,resolved,replacement,
O-01484,T-11124,2026-05-27 13:51:33,resolved,no_action,5
O-01485,T-11121,2026-05-27 15:19:34,resolved,refund,5
O-01486,T-11122,2026-05-27 16:10:48,escalated,,
O-01487,T-11087,2026-05-27 18:06:20,resolved,no_action,5
O-01488,T-11117,2026-05-27 21:06:43,resolved,information,3
O-01489,T-11123,2026-05-28 00:13:41,resolved,replacement,4
O-01490,T-11098,2026-05-28 01:29:32,escalated,,
O-01491,T-11112,2026-05-28 02:35:13,resolved,information,4
O-01492,T-11120,2026-05-28 03:19:03,resolved,information,4
O-01493,T-11126,2026-05-28 03:20:58,resolved,information,5
O-01494,T-11127,2026-05-28 07:09:54,resolved,information,
O-01495,T-11125,2026-05-28 07:10:39,resolved,no_action,4
O-01496,T-11130,2026-05-28 10:15:27,resolved,information,5
O-01497,T-11115,2026-05-28 15:01:33,resolved,refund,4
O-01498,T-11113,2026-05-28 17:56:04,resolved,no_action,4
O-01499,T-11118,2026-05-28 21:35:27,resolved,information,
O-01500,T-11137,2026-05-28 23:03:41,resolved,information,
O-01501,T-11135,2026-05-29 00:52:21,escalated,,
O-01502,T-11131,2026-05-29 03:24:04,resolved,no_action,4
O-01503,T-11122,2026-05-29 09:24:38,resolved,information,3
O-01504,T-11098,2026-05-29 10:42:35,resolved,no_action,3
O-01505,T-11134,2026-05-29 10:43:04,resolved,no_action,4
O-01506,T-11132,2026-05-29 14:01:09,resolved,information,5
O-01507,T-11133,2026-05-29 18:16:10,resolved,refund,4
O-01508,T-11140,2026-05-29 20:08:07,resolved,no_action,
O-01509,T-11145,2026-05-29 21:53:42,escalated,,
O-01510,T-11127,2026-05-29 23:32:01,reopened,,
O-01511,T-11142,2026-05-29 23:40:52,resolved,refund,
O-01512,T-11141,2026-05-29 23:52:53,resolved,replacement,
O-01513,T-11143,2026-05-30 01:48:33,resolved,no_action,
O-01514,T-11083,2026-05-30 05:27:22,escalated,,
O-01515,T-11111,2026-05-30 06:48:36,resolved,refund,4
O-01516,T-11148,2026-05-30 10:55:20,escalated,,
O-01517,T-11139,2026-05-30 12:55:09,resolved,information,
O-01518,T-11127,2026-05-30 14:27:40,resolved,information,3
O-01519,T-11146,2026-05-30 15:15:05,resolved,replacement,5
O-01520,T-11099,2026-05-30 16:47:30,reopened,,
O-01521,T-11149,2026-05-30 16:47:35,escalated,,
O-01522,T-11145,2026-05-30 17:56:26,resolved,replacement,3
O-01523,T-11119,2026-05-30 23:57:02,escalated,,
O-01524,T-11151,2026-05-31 02:03:05,resolved,refund,5
O-01525,T-11141,2026-05-31 03:08:17,reopened,,
O-01526,T-11102,2026-05-31 08:33:19,reopened,,
O-01527,T-11102,2026-05-31 08:33:19,resolved,no_action,4
O-01528,T-11128,2026-05-31 09:12:49,resolved,replacement,5
O-01529,T-11153,2026-05-31 09:16:19,escalated,,
O-01530,T-11135,2026-05-31 11:10:12,resolved,information,
O-01531,T-11135,2026-05-31 11:10:12,resolved,information,
O-01532,T-11083,2026-05-31 11:35:39,resolved,no_action,3
O-01533,T-11138,2026-05-31 11:40:17,resolved,information,3
O-01534,T-11138,2026-05-31 11:40:17,resolved,information,3
O-01535,T-11147,2026-05-31 15:00:04,resolved,information,
O-01536,T-11141,2026-05-31 17:26:26,resolved,no_action,
O-01537,T-11144,2026-05-31 18:04:50,resolved,information,5
O-01538,T-11148,2026-05-31 21:54:03,resolved,information,5
O-01539,T-11129,2026-05-31 22:11:02,resolved,no_action,3
O-01540,T-11152,2026-05-31 22:48:35,resolved,refund,
O-01541,T-11119,2026-06-01 00:42:39,resolved,refund,3
O-01542,T-11153,2026-06-01 07:12:00,resolved,information,
O-01543,T-11149,2026-06-01 08:21:20,resolved,refund,2
O-01544,T-11150,2026-06-01 08:40:12,resolved,information,5
O-01545,T-11156,2026-06-01 13:12:23,resolved,replacement,5
O-01546,T-11099,2026-06-01 13:34:00,resolved,refund,3
O-01547,T-11099,2026-06-01 13:34:00,resolved,refund,3
O-01548,T-11161,2026-06-01 16:38:35,escalated,,
O-01549,T-11162,2026-06-01 21:00:04,escalated,,
O-01550,T-11083,2026-06-02 00:52:24,reopened,,
O-01551,T-11165,2026-06-02 02:13:13,resolved,no_action,
O-01552,T-11159,2026-06-02 02:58:59,resolved,information,4
O-01553,T-11158,2026-06-02 04:20:13,resolved,information,3
O-01554,T-11157,2026-06-02 07:01:03,escalated,,
O-01555,T-11155,2026-06-02 09:39:01,resolved,no_action,4
O-01556,T-11167,2026-06-02 11:32:38,resolved,information,4
O-01557,T-11163,2026-06-02 12:15:31,resolved,information,
O-01558,T-9993,2026-06-02 13:27:44,resolved,no_action,
O-01559,T-11164,2026-06-02 20:14:30,resolved,information,
O-01560,T-11171,2026-06-02 20:24:00,resolved,no_action,5
O-01561,T-11149,2026-06-02 20:39:27,reopened,,
O-01562,T-11161,2026-06-02 23:31:24,resolved,information,4
O-01563,T-11169,2026-06-02 23:33:46,resolved,refund,3
O-01564,T-11162,2026-06-03 01:59:35,resolved,replacement,3
O-01565,T-11083,2026-06-03 03:14:44,resolved,no_action,
O-01566,T-11133,2026-06-03 06:52:17,reopened,,
O-01567,T-11168,2026-06-03 07:02:10,resolved,no_action,3
O-01568,T-11149,2026-06-03 07:53:24,resolved,information,
O-01569,T-11149,2026-06-03 07:53:24,resolved,information,
O-01570,T-11160,2026-06-03 11:26:34,resolved,information,3
O-01571,T-11175,2026-06-03 14:10:48,escalated,,
O-01572,T-11154,2026-06-03 15:10:04,resolved,refund,4
O-01573,T-11172,2026-06-03 17:17:08,resolved,replacement,
O-01574,T-11178,2026-06-03 17:28:43,escalated,,
O-01575,T-11170,2026-06-03 19:56:19,escalated,,
O-01576,T-11174,2026-06-03 21:29:58,resolved,replacement,5
O-01577,T-11166,2026-06-03 21:34:57,resolved,information,
O-01578,T-11181,2026-06-03 23:37:33,escalated,,
O-01579,T-11157,2026-06-04 04:45:00,resolved,information,2
O-01580,T-11176,2026-06-04 10:54:27,resolved,no_action,3
O-01581,T-11170,2026-06-04 11:13:01,resolved,replacement,4
O-01582,T-11133,2026-06-04 12:07:59,resolved,refund,5
O-01583,T-11177,2026-06-04 14:20:09,resolved,replacement,3
O-01584,T-11179,2026-06-04 16:14:49,resolved,information,5
O-01585,T-11184,2026-06-04 16:44:19,resolved,no_action,
O-01586,T-11175,2026-06-05 08:21:02,resolved,information,2
O-01587,T-11183,2026-06-05 08:59:41,resolved,refund,
O-01588,T-11185,2026-06-05 09:21:05,resolved,replacement,3
O-01589,T-11187,2026-06-05 10:59:36,resolved,information,
O-01590,T-11180,2026-06-05 16:28:03,resolved,refund,
O-01591,T-11173,2026-06-05 18:28:27,resolved,refund,
O-01592,T-11136,2026-06-05 19:05:37,escalated,,
O-01593,T-11186,2026-06-05 21:20:22,resolved,no_action,
O-01594,T-11178,2026-06-05 21:30:59,resolved,information,3
O-01595,T-11189,2026-06-06 01:26:18,resolved,replacement,
O-01596,T-11199,2026-06-06 02:11:01,resolved,information,4
O-01597,T-11193,2026-06-06 03:25:34,resolved,refund,4
O-01598,T-11181,2026-06-06 03:49:55,resolved,replacement,
O-01599,T-11192,2026-06-06 08:06:44,resolved,refund,
O-01600,T-11191,2026-06-06 12:51:16,resolved,information,
O-01601,T-11194,2026-06-06 13:50:11,resolved,refund,
O-01602,T-11188,2026-06-06 14:32:02,resolved,no_action,
O-01603,T-11182,2026-06-06 17:16:07,resolved,refund,4
O-01604,T-11198,2026-06-06 22:18:05,resolved,information,3
O-01605,T-11201,2026-06-07 00:41:32,resolved,information,3
O-01606,T-11190,2026-06-07 01:51:29,resolved,replacement,
O-01607,T-11200,2026-06-07 05:17:02,resolved,information,
O-01608,T-11205,2026-06-07 06:35:54,escalated,,
O-01609,T-11195,2026-06-07 11:29:53,resolved,information,
O-01610,T-11207,2026-06-07 12:37:09,escalated,,
O-01611,T-11168,2026-06-07 12:41:39,reopened,,
O-01612,T-11204,2026-06-07 14:11:47,resolved,information,5
O-01613,T-11136,2026-06-07 19:00:33,resolved,information,
O-01614,T-11196,2026-06-07 20:05:52,resolved,information,4
O-01615,T-11208,2026-06-07 23:30:02,escalated,,
O-01616,T-11207,2026-06-08 00:46:27,resolved,no_action,3
O-01617,T-11203,2026-06-08 01:27:58,resolved,information,5
O-01618,T-11202,2026-06-08 01:41:13,resolved,replacement,5
O-01619,T-11197,2026-06-08 03:01:25,resolved,information,4
O-01620,T-11184,2026-06-08 05:57:33,reopened,,
O-01621,T-11208,2026-06-08 17:26:15,resolved,information,4
O-01622,T-11212,2026-06-08 17:31:19,resolved,information,5
O-01623,T-11184,2026-06-08 20:01:43,resolved,information,
O-01624,T-11210,2026-06-08 20:34:28,resolved,information,4
O-01625,T-11213,2026-06-08 23:44:33,resolved,no_action,5
O-01626,T-11205,2026-06-09 00:22:01,resolved,information,
O-01627,T-11217,2026-06-09 07:49:46,escalated,,
O-01628,T-11209,2026-06-09 11:28:01,resolved,information,
O-01629,T-11211,2026-06-09 12:54:44,resolved,information,4
O-01630,T-11168,2026-06-09 13:55:56,resolved,no_action,
O-01631,T-11214,2026-06-09 14:00:50,resolved,refund,3
O-01632,T-11216,2026-06-09 19:53:14,resolved,information,5
O-01633,T-11216,2026-06-09 19:53:14,resolved,information,5
O-01634,T-11220,2026-06-09 22:08:51,resolved,information,4
O-01635,T-11218,2026-06-10 00:47:17,resolved,information,
O-01636,T-11215,2026-06-10 03:23:42,resolved,refund,4
O-01637,T-11221,2026-06-10 04:17:36,resolved,information,3
O-01638,T-11224,2026-06-10 05:04:07,escalated,,
O-01639,T-11222,2026-06-10 05:14:32,resolved,information,4
O-01640,T-11219,2026-06-10 12:25:10,resolved,information,
O-01641,T-11217,2026-06-10 18:38:37,resolved,replacement,3
O-01642,T-11206,2026-06-10 23:38:50,resolved,information,4
O-01643,T-11225,2026-06-11 00:38:52,resolved,information,
O-01644,T-11224,2026-06-11 01:35:30,resolved,refund,
O-01645,T-11228,2026-06-11 06:41:19,resolved,replacement,
O-01646,T-11232,2026-06-11 06:48:01,escalated,,
O-01647,T-11229,2026-06-11 11:33:04,resolved,refund,
O-01648,T-11211,2026-06-11 16:58:54,reopened,,
O-01649,T-11230,2026-06-11 19:29:09,resolved,refund,
O-01650,T-11217,2026-06-11 22:56:15,reopened,,
O-01651,T-11237,2026-06-11 23:22:09,resolved,refund,5
O-01652,T-11227,2026-06-11 23:26:38,resolved,refund,4
O-01653,T-11226,2026-06-11 23:39:20,resolved,refund,3
O-01654,T-11241,2026-06-12 04:09:13,resolved,no_action,5
O-01655,T-11231,2026-06-12 05:39:25,resolved,replacement,
O-01656,T-11238,2026-06-12 05:47:16,resolved,no_action,5
O-01657,T-11236,2026-06-12 07:09:22,resolved,replacement,
O-01658,T-11217,2026-06-12 08:15:09,resolved,refund,4
O-01659,T-11239,2026-06-12 08:47:39,resolved,refund,
O-01660,T-11234,2026-06-12 10:00:21,resolved,information,3
O-01661,T-11240,2026-06-12 11:28:02,resolved,information,4
O-01662,T-11242,2026-06-12 18:04:15,escalated,,
O-01663,T-11211,2026-06-12 18:16:19,resolved,refund,5
O-01664,T-11245,2026-06-13 05:31:50,resolved,replacement,4
O-01665,T-11246,2026-06-13 10:05:37,resolved,information,
O-01666,T-11233,2026-06-13 11:47:54,resolved,information,4
O-01667,T-11235,2026-06-13 12:23:11,resolved,refund,2
O-01668,T-11254,2026-06-13 14:37:14,escalated,,
O-01669,T-11249,2026-06-13 17:03:25,resolved,refund,4
O-01670,T-11232,2026-06-13 18:54:40,resolved,refund,2
O-01671,T-11232,2026-06-13 18:54:40,resolved,refund,2
O-01672,T-11251,2026-06-13 19:02:53,resolved,information,
O-01673,T-11247,2026-06-13 21:31:46,resolved,no_action,4
O-01674,T-11250,2026-06-13 23:53:18,resolved,information,
O-01675,T-11254,2026-06-14 00:30:45,resolved,information,3
O-01676,T-11252,2026-06-14 01:06:43,resolved,refund,5
O-01677,T-11253,2026-06-14 03:18:54,resolved,information,
O-01678,T-11244,2026-06-14 05:48:19,resolved,information,4
O-01679,T-11248,2026-06-14 07:49:37,resolved,no_action,4
O-01680,T-11255,2026-06-14 08:39:47,resolved,information,5
O-01681,T-11258,2026-06-14 16:12:48,resolved,refund,4
O-01682,T-11256,2026-06-14 20:55:23,resolved,information,
O-01683,T-11261,2026-06-15 11:03:11,resolved,information,5
O-01684,T-11260,2026-06-15 17:46:57,resolved,refund,3
O-01685,T-11243,2026-06-16 07:46:16,resolved,information,5
O-01686,T-11266,2026-06-16 08:07:35,resolved,information,5
O-01687,T-11267,2026-06-16 10:50:37,resolved,information,5
O-01688,T-11269,2026-06-16 11:58:43,resolved,refund,
O-01689,T-11263,2026-06-16 16:28:35,resolved,replacement,
O-01690,T-11257,2026-06-16 17:50:45,resolved,information,2
O-01691,T-11271,2026-06-16 18:07:53,escalated,,
O-01692,T-11273,2026-06-16 20:45:35,escalated,,
O-01693,T-11268,2026-06-16 23:16:27,resolved,replacement,4
O-01694,T-11241,2026-06-17 00:19:51,reopened,,
O-01695,T-11265,2026-06-17 02:14:51,resolved,refund,
O-01696,T-11242,2026-06-17 09:25:03,resolved,replacement,3
O-01697,T-11276,2026-06-17 09:59:37,escalated,,
O-01698,T-11277,2026-06-17 14:24:05,escalated,,
O-01699,T-11275,2026-06-17 17:02:30,resolved,information,
O-01700,T-11283,2026-06-17 23:41:25,escalated,,
O-01701,T-11264,2026-06-18 02:51:03,resolved,no_action,
O-01702,T-11241,2026-06-18 05:09:06,resolved,no_action,4
O-01703,T-11259,2026-06-18 05:59:38,resolved,information,
O-01704,T-11285,2026-06-18 07:36:28,resolved,no_action,
O-01705,T-11274,2026-06-18 08:05:44,resolved,information,4
O-01706,T-11233,2026-06-18 11:22:29,reopened,,
O-01707,T-11286,2026-06-18 11:26:16,resolved,refund,5
O-01708,T-11288,2026-06-18 11:44:33,escalated,,
O-01709,T-11271,2026-06-18 16:30:39,resolved,replacement,4
O-01710,T-11223,2026-06-18 17:53:31,escalated,,
O-01711,T-11270,2026-06-18 21:15:48,resolved,no_action,3
O-01712,T-11287,2026-06-18 21:46:59,escalated,,
O-01713,T-11283,2026-06-18 22:02:42,resolved,refund,
O-01714,T-11292,2026-06-18 23:12:29,escalated,,
O-01715,T-11284,2026-06-18 23:53:04,resolved,no_action,5
O-01716,T-11273,2026-06-19 02:31:38,resolved,replacement,
O-01717,T-11282,2026-06-19 02:57:46,resolved,information,5
O-01718,T-11295,2026-06-19 03:38:40,escalated,,
O-01719,T-11276,2026-06-19 04:08:32,resolved,information,4
O-01720,T-11290,2026-06-19 05:28:17,resolved,no_action,4
O-01721,T-11292,2026-06-19 05:49:31,resolved,refund,3
O-01722,T-11277,2026-06-19 07:05:36,resolved,refund,4
O-01723,T-11280,2026-06-19 08:55:09,resolved,refund,
O-01724,T-11297,2026-06-19 13:40:51,resolved,information,
O-01725,T-11223,2026-06-19 13:43:48,resolved,information,3
O-01726,T-11306,2026-06-19 14:10:15,resolved,refund,
O-01727,T-11291,2026-06-19 14:50:14,resolved,refund,5
O-01728,T-11278,2026-06-19 16:49:04,resolved,information,5
O-01729,T-11308,2026-06-19 19:31:22,escalated,,
O-01730,T-11303,2026-06-19 19:46:00,resolved,replacement,5
O-01731,T-11279,2026-06-19 19:55:43,resolved,refund,4
O-01732,T-11305,2026-06-19 20:03:11,resolved,information,3
O-01733,T-11307,2026-06-20 00:00:48,escalated,,
O-01734,T-11287,2026-06-20 02:19:37,resolved,replacement,2
O-01735,T-11304,2026-06-20 05:43:11,resolved,refund,3
O-01736,T-11294,2026-06-20 05:53:13,resolved,replacement,4
O-01737,T-11298,2026-06-20 06:39:00,resolved,replacement,4
O-01738,T-11288,2026-06-20 07:42:12,resolved,refund,
O-01739,T-11310,2026-06-20 09:10:40,resolved,replacement,3
O-01740,T-11289,2026-06-20 11:12:36,resolved,information,
O-01741,T-11311,2026-06-20 16:24:50,resolved,refund,
O-01742,T-11295,2026-06-20 20:17:29,resolved,refund,3
O-01743,T-11302,2026-06-20 20:18:07,resolved,information,
O-01744,T-11233,2026-06-20 21:09:50,resolved,refund,
O-01745,T-11314,2026-06-21 01:23:29,escalated,,
O-01746,T-11299,2026-06-21 01:32:03,resolved,refund,4
O-01747,T-11301,2026-06-21 02:56:15,resolved,refund,
O-01748,T-11313,2026-06-21 06:54:38,resolved,no_action,5
O-01749,T-11262,2026-06-21 09:50:42,escalated,,
O-01750,T-11281,2026-06-21 13:42:23,escalated,,
O-01751,T-11296,2026-06-21 14:26:50,resolved,no_action,2
O-01752,T-11316,2026-06-21 19:12:39,resolved,information,
O-01753,T-11316,2026-06-21 19:12:39,resolved,information,
O-01754,T-11309,2026-06-21 21:38:33,resolved,refund,3
O-01755,T-11308,2026-06-21 21:58:55,resolved,refund,
O-01756,T-11307,2026-06-21 23:19:11,resolved,information,3
O-01757,T-11314,2026-06-22 02:48:20,resolved,information,
O-01758,T-11262,2026-06-22 03:18:14,resolved,refund,3
O-01759,T-11312,2026-06-22 03:50:21,resolved,no_action,4
O-01760,T-11318,2026-06-22 04:05:40,resolved,no_action,5
O-01761,T-11300,2026-06-22 07:30:24,resolved,information,
O-01762,T-11275,2026-06-22 13:24:26,reopened,,
O-01763,T-11315,2026-06-22 14:34:48,resolved,information,4
O-01764,T-11281,2026-06-22 15:09:58,resolved,replacement,
O-01765,T-11291,2026-06-22 15:40:11,reopened,,
O-01766,T-11319,2026-06-23 03:24:06,resolved,replacement,4
O-01767,T-11320,2026-06-23 04:18:34,resolved,refund,4
O-01768,T-11321,2026-06-23 04:50:28,resolved,replacement,
O-01769,T-11293,2026-06-23 05:24:03,resolved,refund,2
O-01770,T-11302,2026-06-23 12:00:16,reopened,,
O-01771,T-11272,2026-06-23 13:37:12,escalated,,
O-01772,T-11331,2026-06-23 20:13:28,resolved,replacement,
O-01773,T-11333,2026-06-23 22:31:20,escalated,,
O-01774,T-11328,2026-06-23 23:25:45,escalated,,
O-01775,T-11327,2026-06-23 23:40:53,resolved,information,
O-01776,T-11275,2026-06-24 00:06:42,resolved,refund,3
O-01777,T-11329,2026-06-24 02:41:33,escalated,,
O-01778,T-11302,2026-06-24 05:10:59,resolved,replacement,4
O-01779,T-11328,2026-06-24 09:45:22,resolved,information,4
O-01780,T-11337,2026-06-24 10:07:01,escalated,,
O-01781,T-11326,2026-06-24 11:53:02,resolved,refund,4
O-01782,T-11330,2026-06-24 12:13:42,escalated,,
O-01783,T-11325,2026-06-24 12:52:06,resolved,refund,
O-01784,T-11335,2026-06-24 13:57:33,resolved,replacement,5
O-01785,T-11332,2026-06-24 15:36:40,resolved,information,5
O-01786,T-11291,2026-06-24 16:50:24,resolved,no_action,3
O-01787,T-11336,2026-06-24 16:51:09,resolved,refund,
O-01788,T-11334,2026-06-24 17:44:38,resolved,refund,
O-01789,T-11339,2026-06-24 18:56:01,resolved,information,
O-01790,T-11324,2026-06-24 19:24:57,resolved,information,
O-01791,T-11262,2026-06-25 00:51:39,reopened,,
O-01792,T-11262,2026-06-25 00:51:39,resolved,no_action,
O-01793,T-11322,2026-06-25 02:17:37,resolved,refund,4
O-01794,T-11349,2026-06-25 03:27:30,resolved,information,4
O-01795,T-11346,2026-06-25 03:36:09,resolved,information,4
O-01796,T-11344,2026-06-25 04:34:59,resolved,no_action,
O-01797,T-11338,2026-06-25 06:56:45,resolved,refund,3
O-01798,T-11343,2026-06-25 07:25:33,resolved,no_action,4
O-01799,T-11337,2026-06-25 07:40:38,resolved,replacement,2
O-01800,T-11342,2026-06-25 09:31:34,resolved,replacement,4
O-01801,T-11340,2026-06-25 09:52:24,resolved,information,4
O-01802,T-11330,2026-06-25 11:27:18,resolved,information,4
O-01803,T-11351,2026-06-25 11:55:39,resolved,no_action,
O-01804,T-11353,2026-06-25 13:09:15,escalated,,
O-01805,T-11352,2026-06-25 15:30:07,resolved,information,
O-01806,T-11345,2026-06-25 16:24:09,resolved,refund,
O-01807,T-11358,2026-06-25 20:04:26,resolved,refund,4
O-01808,T-11347,2026-06-25 22:08:51,resolved,replacement,5
O-01809,T-11317,2026-06-25 22:35:07,escalated,,
O-01810,T-11323,2026-06-26 01:49:06,resolved,information,
O-01811,T-11272,2026-06-26 01:52:40,resolved,refund,
O-01812,T-11341,2026-06-26 01:58:59,resolved,information,
O-01813,T-11354,2026-06-26 02:47:26,resolved,no_action,4
O-01814,T-11320,2026-06-26 06:08:19,reopened,,
O-01815,T-11329,2026-06-26 09:15:19,resolved,no_action,
O-01816,T-11320,2026-06-26 10:15:00,resolved,replacement,4
O-01817,T-11361,2026-06-26 20:03:28,escalated,,
O-01818,T-11317,2026-06-26 23:08:27,resolved,replacement,
O-01819,T-11359,2026-06-26 23:42:28,resolved,refund,3
O-01820,T-11363,2026-06-27 00:19:03,escalated,,
O-01821,T-11333,2026-06-27 00:57:49,resolved,replacement,4
O-01822,T-11356,2026-06-27 03:03:55,resolved,replacement,
O-01823,T-11348,2026-06-27 04:40:04,resolved,no_action,5
O-01824,T-11362,2026-06-27 13:22:10,resolved,replacement,4
O-01825,T-11364,2026-06-27 14:54:38,resolved,refund,3
O-01826,T-11353,2026-06-27 18:31:17,resolved,information,4
O-01827,T-11366,2026-06-27 20:22:13,resolved,information,4
O-01828,T-11367,2026-06-27 21:30:53,resolved,replacement,
O-01829,T-11372,2026-06-28 00:52:39,resolved,information,4
O-01830,T-11360,2026-06-28 05:57:55,resolved,replacement,
O-01831,T-11370,2026-06-28 06:58:27,escalated,,
O-01832,T-11368,2026-06-28 07:05:47,resolved,refund,5
O-01833,T-11373,2026-06-28 10:35:41,resolved,refund,
O-01834,T-11374,2026-06-28 10:52:49,escalated,,
O-01835,T-11355,2026-06-28 14:45:19,resolved,information,
O-01836,T-11363,2026-06-28 17:31:32,resolved,no_action,
O-01837,T-11380,2026-06-28 20:54:02,resolved,replacement,3
O-01838,T-11365,2026-06-29 00:12:10,resolved,information,
O-01839,T-11376,2026-06-29 01:13:49,escalated,,
O-01840,T-11357,2026-06-29 03:55:02,resolved,refund,
O-01841,T-11377,2026-06-29 06:02:30,resolved,information,5
O-01842,T-11370,2026-06-29 06:20:33,resolved,replacement,
O-01843,T-11378,2026-06-29 08:54:57,escalated,,
O-01844,T-11375,2026-06-29 10:20:17,resolved,replacement,4
O-01845,T-11369,2026-06-29 10:37:10,resolved,replacement,
O-01846,T-11381,2026-06-29 11:40:58,resolved,information,
O-01847,T-11385,2026-06-29 13:24:55,escalated,,
O-01848,T-11378,2026-06-29 13:43:07,resolved,information,
O-01849,T-11371,2026-06-29 16:31:44,resolved,replacement,3
O-01850,T-11385,2026-06-29 16:36:49,resolved,no_action,
O-01851,T-11383,2026-06-29 18:50:51,resolved,refund,3
O-01852,T-11361,2026-06-29 22:39:26,resolved,information,4
O-01853,T-11361,2026-06-29 22:39:26,resolved,information,4
O-01854,T-11386,2026-06-29 23:58:23,resolved,refund,
O-01855,T-11389,2026-06-30 00:02:45,resolved,replacement,2
O-01856,T-11374,2026-06-30 04:53:21,resolved,replacement,
O-01857,T-11390,2026-06-30 06:21:15,resolved,information,
O-01858,T-11391,2026-06-30 07:23:41,resolved,information,3
O-01859,T-11377,2026-06-30 07:29:05,reopened,,
O-01860,T-11351,2026-06-30 07:32:59,reopened,,
O-01861,T-11351,2026-06-30 08:44:49,resolved,information,5
O-01862,T-11384,2026-06-30 13:19:17,resolved,replacement,4
O-01863,T-11377,2026-06-30 13:29:17,resolved,refund,
O-01864,T-11350,2026-06-30 15:26:17,escalated,,
O-01865,T-11376,2026-06-30 15:32:07,resolved,information,
O-01866,T-11397,2026-06-30 17:57:19,escalated,,
O-01867,T-11348,2026-06-30 20:16:51,reopened,,
O-01868,T-11400,2026-06-30 21:23:59,resolved,information,5
O-01869,T-11379,2026-06-30 22:39:00,resolved,information,
O-01870,T-11392,2026-06-30 22:53:24,resolved,no_action,4
O-01871,T-11403,2026-07-01 00:37:13,resolved,replacement,
O-01872,T-11393,2026-07-01 04:13:34,resolved,refund,
O-01873,T-11388,2026-07-01 05:24:27,resolved,no_action,5
O-01874,T-11401,2026-07-01 05:41:45,escalated,,
