ticket_id,customer_id,created_at,channel,team,priority,order_value,word_count,first_reply_minutes,priority_now,closed_at
T-10001,C-0228,2026-01-05 07:30:24,email,returns,2,47.25,134,9,2,2026-01-06 17:58:45
T-10002,C-0207,2026-01-05 09:09:23,email,delivery,3,76.37,70,58,3,2026-01-05 15:29:21
T-10003,C-0119,2026-01-05 13:22:27,Email,delivery,2,360.62,119,105,1,2026-01-13 18:56:26
T-10004,C-0048,2026-01-05 16:14:56,phone,returns,2,33.96,50,30,2,2026-01-07 08:37:30
T-10005,C-0039,2026-01-05 17:31:57,phone,returns,3,89.84,74,424,3,2026-01-07 21:05:05
T-10006,C-0099,2026-01-05 21:17:28,email,delivery,3,86.21,141,196,3,2026-01-06 17:57:51
T-10007,C-0025,2026-01-05 21:18:51,chat,delivery,3,37.62,66,10,3,2026-01-07 03:10:46
T-10008,C-0119,2026-01-06 08:14:45,email,delivery,2,140.43,285,12,1,2026-01-07 19:16:51
T-10009,C-0024,2026-01-06 08:21:01,chat,payment,1,183.48,59,18,1,2026-01-06 14:03:50
T-10010,C-0067,2026-01-06 10:11:23,chat,delivery,3,143.54,42,134,3,2026-01-07 14:38:19
T-10011,C-0135,2026-01-06 11:10:58,chat,delivery,3,74.69,117,65,3,2026-01-07 06:17:22
T-10012,C-0086,2026-01-06 19:28:13,email,returns,2,31.06,196,57,2,2026-01-07 05:03:36
T-10013,C-0073,2026-01-06 20:33:03,webform,warranty,3,3260.0,30,189,3,2026-01-07 12:24:28
T-10014,C-0039,2026-01-06 21:38:50,email,delivery,1,89.89,47,240,1,2026-01-10 09:17:41
T-10015,C-0168,2026-01-07 07:59:56,web_form,returns,2,5246.0,133,170,2,2026-01-10 17:43:39
T-10016,C-0241,2026-01-07 08:10:27,email,delivery,1,46.03,59,46,1,2026-01-07 21:44:09
T-10017,C-0207,2026-01-07 12:57:04,chat,warranty,3,69.89,30,578,3,2026-01-08 09:34:42
T-10018,C-0113,2026-01-07 14:06:35,web_form,warranty,1,9105.0,132,3,1,2026-01-15 16:17:53
T-10019,C-0226,2026-01-07 14:20:48,email,delivery,2,208.57,73,20,2,2026-01-11 13:15:43
T-10020,C-0027,2026-01-07 15:00:47,chat,warranty,2,273.47,229,116,2,2026-01-11 07:58:55
T-10021,C-0050,2026-01-07 17:24:58,chat,warranty,1,55.25,97,178,1,2026-01-09 13:58:00
T-10022,C-0168,2026-01-07 18:26:15,email,returns,1,86.25,183,72,1,2026-01-11 21:03:52
T-10023,C-0119,2026-01-08 07:41:01,email,account,3,,29,264,3,2026-01-08 17:16:44
T-10024,C-0207,2026-01-08 13:24:19,phone,payment,3,232.42,330,288,3,2026-01-14 16:05:38
T-10025,C-0025,2026-01-08 14:30:09,email,payment,2,27.14,56,7,2,2026-01-09 09:24:58
T-10026,C-0024,2026-01-08 17:21:52,web_form,delivery,2,10394.0,163,116,2,2026-01-10 04:33:07
T-10027,C-0071,2026-01-08 17:28:05,chat,payment,1,84.89,27,101,1,2026-01-09 08:35:28
T-10028,C-0114,2026-01-08 19:29:51,chat,account,3,,57,241,3,2026-01-10 18:59:44
T-10029,C-0210,2026-01-08 20:12:37,chat,delivery,1,649.68,188,58,1,2026-01-08 23:14:30
T-10030,C-0224,2026-01-08 21:56:55,web_form,payment,2,8554.0,113,150,2,2026-01-09 07:43:51
T-10031,C-0236,2026-01-08 23:49:26,chat,warranty,1,232.12,127,12,1,2026-01-12 08:12:37
T-10031,C-0236,2026-01-08 23:49:26,chat,warranty,1,232.12,127,12,1,2026-01-12 08:12:37
T-10032,C-0202,2026-01-09 04:26:38,web_form,returns,2,4535.0,42,288,2,2026-01-10 14:59:14
T-10033,C-0096,2026-01-09 08:31:54,web_form,payment,3,6625.0,61,53,1,2026-01-09 22:32:02
T-10034,C-0177,2026-01-09 08:55:26,email,returns,2,21.09,61,167,2,2026-01-11 09:50:07
T-10035,C-0219,2026-01-09 09:26:44,email,account,3,,224,7,1,2026-01-13 20:36:02
T-10036,C-0200,2026-01-09 10:13:18,email,payment,3,126.48,97,106,3,2026-01-13 12:26:46
T-10037,C-0119,2026-01-09 12:25:21,email,delivery,2,108.08,55,18,2,2026-01-11 14:55:51
T-10038,C-0162,2026-01-09 15:16:21,email,payment,1,133.79,211,144,1,2026-01-09 19:12:48
T-10039,C-0217,2026-01-09 16:22:38,email,payment,3,42.94,215,81,3,2026-01-11 04:21:24
T-10040,C-0107,2026-01-09 19:17:17,email,returns,3,73.73,92,145,3,2026-01-11 05:22:22
T-10041,C-0169,2026-01-09 19:20:57,email,payment,3,52.87,106,37,3,2026-01-10 12:44:22
T-10042,C-0125,2026-01-09 20:13:54,chat,payment,3,34.2,116,46,3,2026-01-11 10:24:15
T-10043,C-0046,2026-01-09 20:47:50,email,account,3,,32,24,3,2026-01-16 07:40:21
T-10044,C-0141,2026-01-09 20:53:02,chat,returns,2,112.88,16,86,2,2026-01-10 03:31:05
T-10045,C-0227,2026-01-10 08:51:59,chat,delivery,2,87.24,93,221,2,2026-01-11 00:00:33
T-10046,C-0014,2026-01-10 11:51:08,email,returns,3,-1,131,277,3,2026-01-12 10:38:49
T-10047,C-0003,2026-01-10 12:00:09,email,delivery,3,102.5,107,108,3,2026-01-12 07:59:29
T-10048,C-0105,2026-01-10 15:01:03,chat,account,1,,33,469,1,2026-01-11 06:26:45
T-10049,C-0086,2026-01-10 15:36:08,,delivery,3,104.34,95,2,1,2026-01-12 20:03:08
T-10050,C-0226,2026-01-10 19:00:23,chat,returns,3,164.1,216,156,3,2026-01-11 23:43:59
T-10051,C-0082,2026-01-10 20:17:24,email,delivery,3,32.68,154,95,3,2026-01-10 23:50:47
T-10052,C-0220,2026-01-10 21:38:12,email,warranty,3,73.95,102,59,3,2026-01-12 18:34:30
T-10053,C-0152,2026-01-11 09:22:01,,payment,2,200.4,92,286,2,2026-01-15 08:42:33
T-10054,C-0099,2026-01-11 10:45:05,chat,delivery,1,307.33,69,2,1,2026-01-20 15:11:25
T-10055,C-0236,2026-01-11 14:37:24,email,returns,3,95.52,79,33,3,2026-01-13 00:19:13
T-10056,C-0155,2026-01-11 20:02:36,email,returns,3,115.69,42,55,3,2026-01-12 01:29:36
T-10057,C-0169,2026-01-12 09:25:00,email,returns,2,52.39,164,18,2,2026-01-14 05:44:20
T-10058,C-0096,2026-01-12 10:09:56,chat,delivery,3,206.59,96,67,3,2026-01-13 06:46:40
T-10059,C-0071,2026-01-12 15:43:55,phone,payment,2,115.82,61,174,2,2026-01-12 22:27:06
T-10060,C-0212,2026-01-12 16:50:28,phone,warranty,3,12.28,33,157,3,2026-01-14 14:15:55
T-10061,C-0079,2026-01-12 17:47:10,email,payment,3,22.43,178,165,3,2026-01-21 11:49:24
T-10062,C-0027,2026-01-12 19:40:06,email,returns,2,273.38,150,49,2,2026-01-13 16:43:08
T-10063,C-0162,2026-01-13 09:57:09,email,warranty,3,111.8,53,378,3,2026-01-15 05:03:24
T-10064,,2026-01-13 11:42:05,email,account,2,,68,43,2,2026-01-14 08:08:38
T-10065,C-0226,2026-01-13 12:55:19,email,returns,3,27.7,150,76,3,2026-01-13 21:23:02
T-10066,C-0118,2026-01-13 12:57:19,web_form,returns,2,4503.0,97,9,1,2026-01-14 04:06:18
T-10067,C-0014,2026-01-13 15:24:20,email,delivery,2,116.06,189,132,2,2026-01-21 07:19:20
T-10068,C-0025,2026-01-13 19:28:58,phone,delivery,3,35.57,57,30,3,2026-01-14 20:48:44
T-10069,C-0114,2026-01-13 21:07:17,phone,warranty,2,173.76,409,67,1,2026-01-22 02:13:11
T-10070,C-0024,2026-01-14 02:09:48,chat,account,3,,99,79,3,2026-01-18 01:14:58
T-10071,C-0207,2026-01-14 11:21:27,web_form,returns,3,2064.0,151,41,3,2026-01-15 06:12:09
T-10072,C-0094,2026-01-14 12:29:00,email,delivery,2,18.11,163,94,2,2026-01-17 18:42:05
T-10073,C-0182,2026-01-14 15:10:19,email,warranty,3,50.3,82,21,3,2026-01-16 14:17:32
T-10074,C-0152,2026-01-14 15:24:41,web_form,delivery,2,9634.0,60,261,2,2026-01-16 01:38:26
T-10075,C-0028,2026-01-14 15:44:30,chat,delivery,3,52.53,256,104,3,2026-01-15 03:17:14
T-10076,C-0057,2026-01-14 16:05:15,email,returns,1,52.19,231,27,1,2026-01-15 16:46:31
T-10077,C-0227,2026-01-14 16:22:01,web_form,returns,2,2766.0,41,22,2,2026-01-17 03:32:23
T-10078,C-0194,2026-01-14 17:46:55,phone,payment,3,37.18,45,177,3,2026-01-15 14:51:52
T-10079,C-0152,2026-01-14 18:59:05,chat,delivery,3,415.58,165,202,3,2026-01-16 11:52:16
T-10080,C-0217,2026-01-14 19:46:52,chat,returns,3,142.17,32,371,3,2026-01-15 11:17:25
T-10081,C-0201,2026-01-14 20:46:27,chat,delivery,2,94.24,74,138,2,2026-01-15 13:56:34
T-10082,C-0119,2026-01-15 07:37:07,chat,delivery,2,118.65,62,37,2,2026-01-18 17:13:15
T-10083,C-0210,2026-01-15 12:06:45,email,warranty,3,116.03,191,41,3,2026-01-17 04:18:15
T-10084,C-0173,2026-01-15 13:55:05,email,account,3,,49,280,3,2026-01-16 11:08:05
T-10085,C-0027,2026-01-15 15:48:25,,returns,3,15.14,87,109,3,2026-01-17 12:09:41
T-10086,C-0099,2026-01-15 19:43:04,email,account,2,,65,41,2,2026-01-17 00:23:47
T-10087,C-0207,2026-01-15 21:28:52,email,returns,2,379.54,208,2,1,2026-01-18 09:14:44
T-10088,C-0226,2026-01-16 07:44:14,chat,delivery,2,170.01,121,3,2,2026-01-16 10:24:02
T-10089,C-0050,2026-01-16 07:47:26,web_form,delivery,1,7089.0,117,204,1,2026-01-18 17:58:57
T-10090,C-0096,2026-01-16 08:36:32,web_form,returns,2,12276.0,70,34,2,2026-01-21 13:02:59
T-10091,C-0177,2026-01-16 08:48:48,chat,account,3,,474,236,3,2026-01-20 19:59:08
T-10092,C-0192,2026-01-16 13:18:21,email,delivery,2,76.75,55,187,2,2026-01-16 19:51:35
T-10093,C-0147,2026-01-16 13:28:43,email,warranty,3,58.77,188,161,3,2026-01-17 10:43:09
T-10094,C-0239,2026-01-16 15:28:01,email,payment,2,31.25,238,2,1,2026-01-17 16:11:12
T-10095,C-0006,2026-01-16 17:43:41,chat,payment,1,30.48,99,30,1,2026-01-17 19:12:06
T-10096,C-0071,2026-01-17 11:07:29,chat,payment,2,262.72,64,40,2,2026-01-18 15:43:39
T-10097,C-0017,2026-01-17 17:10:58,phone,account,3,,109,43,3,2026-01-19 06:51:03
T-10098,C-0071,2026-01-17 20:08:54,chat,account,2,,178,45,2,2026-01-19 00:19:02
T-10099,C-0033,2026-01-17 20:51:34,email,delivery,2,16.68,95,117,2,2026-01-18 12:11:55
T-10100,C-0204,2026-01-18 18:58:47,phone,delivery,2,551.54,103,31,1,2026-01-21 02:36:19
T-10101,C-0025,2026-01-19 11:07:14,chat,payment,3,277.3,167,136,3,2026-01-19 22:05:09
T-10102,C-0115,2026-01-19 16:56:38,email,warranty,2,40.27,141,48,1,2026-01-21 03:36:48
T-10103,C-0162,2026-01-19 18:01:10,email,delivery,3,316.18,96,31,3,2026-01-20 02:59:12
T-10104,C-0071,2026-01-19 21:28:20,email,delivery,3,102.15,236,53,3,2026-01-20 00:28:21
T-10105,C-0025,2026-01-20 07:13:59,phone,payment,3,91.31,57,34,3,2026-01-25 11:41:51
T-10106,C-0207,2026-01-20 11:25:12,email,delivery,3,175.68,157,62,1,2026-01-21 09:04:52
T-10107,C-0099,2026-01-20 14:10:25,chat,delivery,3,83.42,287,343,3,2026-01-21 17:45:28
T-10108,C-0192,2026-01-20 15:02:21,,payment,2,56.59,172,119,2,2026-01-22 09:15:07
T-10109,C-0107,2026-01-20 16:04:21,email,delivery,3,163.38,157,43,3,2026-01-21 06:52:09
T-10110,C-0024,2026-01-20 17:30:47,email,payment,1,110.46,62,174,1,2026-01-24 04:43:58
T-10111,C-0080,2026-01-20 17:46:27,EMAIL,warranty,2,397.37,57,195,2,2026-01-22 08:35:29
T-10112,C-0022,2026-01-20 19:51:56,email,payment,2,75.15,165,69,2,2026-01-21 14:05:08
T-10113,C-0087,2026-01-20 20:15:51,email,warranty,1,364.49,83,112,1,2026-01-21 07:59:40
T-10114,C-0210,2026-01-20 20:23:58,phone,delivery,2,73.09,77,73,2,2026-01-23 13:13:55
T-10115,C-0152,2026-01-21 00:49:00,chat,delivery,1,678.88,36,12,1,2026-01-23 05:38:14
T-10116,C-0024,2026-01-21 05:52:31,chat,delivery,1,50.23,106,315,1,2026-01-22 01:02:21
T-10117,C-0227,2026-01-21 08:11:39,chat,delivery,3,95.2,129,12,3,2026-01-22 18:41:32
T-10118,C-0119,2026-01-21 10:01:03,email,returns,1,72.76,82,23,1,2026-01-24 22:29:42
T-10119,C-0014,2026-01-21 10:21:20,email,warranty,1,36.82,42,238,1,2026-01-22 01:17:50
T-10120,C-0236,2026-01-21 11:51:42,email,returns,2,274.78,213,12,1,2026-01-29 19:41:19
T-10121,C-0206,2026-01-21 12:38:50,email,delivery,1,85.11,137,78,1,2026-01-22 15:03:42
T-10122,C-0169,2026-01-21 18:42:58,chat,delivery,2,116.08,49,46,2,2026-01-23 04:39:03
T-10123,C-0071,2026-01-21 18:47:15,chat,account,3,,123,174,3,2026-01-22 23:15:17
T-10124,C-0028,2026-01-21 21:42:48, chat,warranty,3,27.38,43,111,3,2026-01-23 11:11:40
T-10125,C-0146,2026-01-22 10:10:00,email,delivery,2,33.16,54,66,2,2026-01-22 13:39:19
T-10126,C-0071,2026-01-22 14:10:38,email,delivery,3,262.31,41,61,3,2026-01-23 12:28:14
T-10127,C-0119,2026-01-22 14:17:51,web_form,delivery,3,7047.0,69,32,3,2026-01-25 04:25:08
T-10128,C-0007,2026-01-22 14:51:46,chat,returns,1,112.08,253,32,1,2026-01-23 19:54:48
T-10129,C-0007,2026-01-22 14:54:26,email,returns,2,36.08,110,61,2,2026-01-22 18:31:42
T-10130,C-0074,2026-01-22 15:15:12,email,returns,3,186.41,88,37,3,2026-01-23 22:26:35
T-10131,C-0081,2026-01-22 18:54:52,email,payment,2,31.43,82,50,2,2026-01-24 02:20:22
T-10132,C-0027,2026-01-22 20:00:32,email,delivery,2,162.38,91,145,2,2026-01-25 12:04:45
T-10133,C-0233,2026-01-22 21:33:52,,payment,1,142.12,49,189,1,2026-01-23 23:10:28
T-10134,C-0207,2026-01-23 08:43:11,Email,delivery,3,104.26,90,38,3,2026-01-25 20:44:47
T-10135,C-0119,2026-01-23 08:55:54,chat,delivery,3,56.73,130,27,3,2026-01-24 05:13:30
T-10136,C-0091,2026-01-23 08:58:39,chat,delivery,2,7.39,133,38,2,2026-01-28 19:46:52
T-10137,C-0096,2026-01-23 09:34:00,phone,returns,3,55.67,0,267,3,2026-01-25 05:21:19
T-10138,C-0107,2026-01-23 12:22:36,email,delivery,3,51.57,13,49,3,2026-01-23 22:55:22
T-10139,C-0185,2026-01-23 13:55:41,web_form,account,3,,138,3,3,2026-01-26 11:08:31
T-10140,C-0028,2026-01-23 15:05:27,email,returns,3,186.13,44,176,3,2026-01-23 16:04:39
T-10141,C-0007,2026-01-23 16:04:33,web_form,delivery,1,13407.0,88,38,1,2026-01-26 18:55:57
T-10142,C-0114,2026-01-23 16:58:59,chat,warranty,3,48.05,141,129,3,2026-01-25 12:13:39
T-10143,C-0217,2026-01-23 18:12:35,phone,returns,2,18.1,234,508,2,2026-01-28 03:33:02
T-10144,C-0012,2026-01-23 20:25:51,chat,delivery,2,17.8,53,158,2,2026-01-26 04:37:42
T-10145,C-0163,2026-01-24 18:52:17,,delivery,2,29.76,119,143,2,2026-01-28 02:29:34
T-10146,C-0071,2026-01-24 19:43:47,email,account,2,,190,41,2,2026-01-29 01:31:04
T-10147,C-0039,2036-01-24 21:27:43,web_form,warranty,2,34518.0,129,16,2,2026-01-25 18:11:28
T-10148,C-0076,2026-01-25 07:40:38,phone,warranty,3,96.69,57,413,3,2026-01-27 20:26:57
T-10149,C-0058,2026-01-25 08:16:27,web_form,returns,3,6817.0,279,153,3,2026-01-25 17:04:48
T-10150,C-0180,2026-01-25 12:38:21,web_form,warranty,2,2154.0,94,13,2,2026-01-27 10:41:28
T-10151,C-0012,2026-01-25 13:25:55,chat,account,2,,73,13,2,2026-01-25 14:57:10
T-10152,C-0165,2026-01-25 15:32:06,chat,payment,2,587.99,27,72,2,2026-01-25 23:57:48
T-10153,C-0183,2026-01-25 16:36:21,email,account,3,,54,740,3,2026-01-28 07:55:48
T-10154,C-0201,2026-01-25 19:18:04,email,returns,2,83.1,71,29,1,2026-01-28 22:19:52
T-10155,C-0024,2026-01-26 02:15:31,phone,delivery,2,61.81,208,83,2,2026-01-27 00:43:53
T-10156,C-0071,2026-01-26 07:59:05,phone,returns,3,111.69,0,171,3,2026-01-27 02:57:41
T-10156,C-0071,2026-01-26 07:59:05,phone,returns,3,111.69,0,171,3,2026-01-27 02:57:41
T-10157,C-0050,2026-01-26 08:22:09,web_form,returns,2,7965.0,133,495,2,2026-01-26 16:30:14
T-10158,C-0236,2026-01-26 10:53:27,email,payment,2,400.08,49,3,1,2026-01-28 11:02:51
T-10159,C-0201,2026-01-26 12:40:56,chat,delivery,1,134.93,92,20,1,2026-01-29 23:09:23
T-10160,C-0236,2026-01-26 13:46:09,,account,1,,48,125,1,2026-01-27 01:16:21
T-10161,C-0089,2026-01-26 14:20:04,chat,delivery,2,82.84,84,18,1,2026-01-29 04:00:20
T-10162,C-0027,2026-01-26 14:51:20,web_form,warranty,3,4754.0,67,21,3,2026-01-26 18:59:29
T-10163,C-0169,2026-01-26 17:52:11,phone,account,3,,31,48,3,2026-02-01 17:39:57
T-10164,C-0004,2026-01-26 19:01:50,email,payment,2,65.16,141,98,2,2026-01-27 22:56:39
T-10165,C-0183,2026-01-26 20:06:18,phone,delivery,2,41.41,55,96,2,2026-01-28 17:19:01
T-10166,C-0017,2026-01-26 20:49:24,web_form,returns,2,3058.0,100,18,2,2026-01-28 21:22:25
T-10167,C-0155,2026-01-26 21:11:33,email,warranty,2,35.37,61,153,2,2026-01-28 16:17:09
T-10168,C-0139,2026-01-26 21:23:54,email,delivery,2,102.13,84,29,2,2026-01-29 03:41:49
T-10169,C-0206,2026-01-26 21:26:13,phone,delivery,3,120.62,119,11,3,2026-01-30 20:23:26
T-10170,C-0227,2026-01-27 07:21:35,phone,warranty,3,99.93,94,169,3,2026-01-27 11:57:48
T-10171,C-0030,2026-01-27 09:13:30,email,returns,3,24.76,67,542,3,2026-02-02 10:53:59
T-10172,C-0236,2026-01-27 10:37:33,phone,returns,2,125.41,55,23,2,2026-02-02 16:11:08
T-10173,C-0219,2026-01-27 11:26:17,email,delivery,2,53.0,128,64,1,2026-01-31 05:46:12
T-10174,C-0046,2026-01-27 11:40:36,chat,account,2,,144,25,2,2026-01-27 18:35:48
T-10175,C-0228,2026-01-27 16:17:42,phone,delivery,2,21.57,26,214,2,2026-01-29 04:40:50
T-10176,C-0099,2026-01-27 16:59:23,web_form,delivery,3,17319.0,39,18,3,2026-01-29 04:40:19
T-10177,C-0226,2026-01-27 19:20:19,email,delivery,3,273.47,94,42,3,2026-01-29 02:46:18
T-10178,C-0024,2026-01-27 19:23:05,phone,warranty,2,45.07,100,90,2,2026-01-30 05:45:06
T-10179,C-0162,2026-01-27 20:38:42,chat,returns,2,58.46,62,55,2,2026-01-28 11:31:31
T-10180,C-0155,2026-01-27 22:48:46,email,delivery,3,364.8,330,36,3,2026-01-29 00:39:29
T-10181,C-0098,2026-01-28 07:00:10,chat,account,3,,106,192,3,2026-01-30 01:47:07
T-10182,C-0086,2026-01-28 07:56:49,chat,delivery,3,105.11,185,203,3,2026-01-28 10:30:16
T-10183,C-0177,2026-01-28 11:09:17,email,account,2,,75,2,2,2026-01-28 19:56:34
T-10184,C-0201,2026-01-28 11:39:15,email,returns,3,41.9,39,55,3,2026-01-28 22:43:29
T-10185,C-0104,2026-01-28 13:57:35,email,payment,2,96.02,141,175,2,2026-01-29 01:50:39
T-10186,C-0037,2026-01-28 14:04:10,chat,warranty,1,109.34,86,94,1,2026-01-30 13:40:11
T-10187,C-0226,2026-01-28 16:09:58,Email,payment,1,48.17,532,17,1,2026-01-30 04:41:37
T-10188,C-0227,2026-01-28 16:47:29,email,delivery,3,46.51,127,646,3,2026-01-31 15:41:13
T-10189,C-0027,2026-01-28 17:45:45,email,delivery,3,553.29,144,147,3,2026-01-28 22:00:56
T-10190,C-0146,2026-01-28 20:41:06,phone,payment,2,98.19,22,233,2,2026-01-30 20:31:58
T-10191,C-0169,2026-01-28 21:51:52,email,returns,3,419.57,57,42,3,2026-01-29 05:50:53
T-10192,C-0107,2026-01-29 07:34:52,email,payment,1,222.08,114,23,1,2026-01-31 09:32:07
T-10193,C-0014,2026-01-29 08:52:34,web_form,warranty,2,11194.0,125,8,2,2026-01-30 23:08:29
T-10194,C-0057,2026-01-29 09:26:42,email,payment,3,213.79,35,517,3,2026-01-30 08:32:59
T-10195,C-0210,2026-01-29 15:28:39,EMAIL,payment,1,118.26,350,146,1,2026-01-31 10:51:34
T-10196,C-0130,2026-01-29 16:20:41,chat,delivery,3,32.16,147,340,3,2026-01-31 22:33:07
T-10197,C-0071,2026-01-29 16:31:15,web_form,payment,3,4132.0,65,366,3,2026-01-30 17:25:28
T-10198,C-0215,2026-01-30 07:38:31,chat,returns,3,194.5,88,36,3,2026-01-31 12:53:36
T-10199,C-0092,2026-01-30 09:03:28,phone,delivery,3,88.26,55,72,3,2026-01-30 23:53:41
T-10200,C-0096,2026-01-30 10:22:00,chat,delivery,3,430.32,23,204,3,2026-01-31 06:59:16
T-10201,C-0101,2026-01-30 14:12:05,chat,warranty,3,518.23,216,84,3,2026-01-31 04:29:10
T-10202,C-0039,2026-01-30 15:01:37,email,delivery,3,178.2,188,32,3,2026-02-05 02:14:22
T-10203,C-0226,2026-01-30 15:50:12,email,returns,1,149.59,482,16,1,2026-02-07 19:18:01
T-10204,C-0224,2026-01-30 16:27:16,Email,returns,2,64.42,34,124,2,2026-02-02 20:15:07
T-10205,C-0066,2026-01-30 17:33:00,chat,payment,2,24.68,118,249,2,2026-02-01 03:14:26
T-10206,C-0096,2026-01-30 19:40:38,phone,warranty,3,787.56,48,3,3,2026-02-02 13:05:38
T-10207,C-0115,2026-01-30 21:35:16,chat,account,2,,269,96,2,2026-02-01 22:09:40
T-10208,C-0047,2026-01-31 10:47:30,web_form,warranty,3,22394.0,73,351,3,2026-02-04 04:28:06
T-10209,C-0099,2026-01-31 15:00:52,email,delivery,2,180.03,71,35,2,2026-02-04 05:55:47
T-10210,C-0234,2026-01-31 15:16:42,chat,warranty,3,44.76,104,195,3,2026-02-01 03:34:00
T-10211,C-0014,2026-01-31 16:21:43,chat,returns,3,64.8,86,192,3,2026-02-02 16:40:31
T-10212,C-0027,2026-02-01 07:38:38,email,delivery,2,157.99,20,79,2,2026-02-01 15:29:24
T-10213,C-0227,2026-02-01 08:38:10,web_form,payment,1,130.77,201,591,1,2026-02-02 18:09:12
T-10214,C-0113,2026-02-01 12:10:25,phone,delivery,3,58.78,21,205,3,2026-02-03 00:55:15
T-10215,C-0241,2026-02-01 12:16:04,email,returns,3,14.91,82,248,3,2026-02-02 10:17:41
T-10216,C-0176,2026-02-01 13:55:08,email,returns,3,50.33,92,74,3,2026-02-03 18:14:46
T-10217,C-0152,2026-02-01 18:51:49,chat,payment,2,39.19,75,4,2,2026-02-03 11:18:21
T-10218,C-0054,2026-02-01 19:32:21,phone,delivery,3,29.36,130,38,3,2026-02-02 22:00:51
T-10219,C-0162,2026-02-01 20:01:25,,delivery,3,195.32,127,113,3,2026-02-02 19:50:25
T-10220,C-0142,2026-02-02 08:05:10,chat,payment,1,31.68,142,3,1,2026-02-04 06:07:32
T-10221,C-0073,2026-02-02 09:59:39,chat,delivery,2,461.83,59,50,2,2026-02-04 01:56:04
T-10222,C-0027,2026-02-02 12:06:05,phone,delivery,3,129.21,111,34,3,2026-02-04 06:32:50
T-10223,,2026-02-02 13:17:59,phone,delivery,3,262.42,0,18,3,2026-02-02 22:56:09
T-10224,C-0086,2026-02-02 13:22:02,web_form,delivery,2,57.78,356,15,1,2026-02-06 00:01:27
T-10225,C-0207,2026-02-02 14:08:35,email,delivery,3,61.88,136,136,3,2026-02-03 06:21:50
T-10226,C-0040,2026-02-03 07:29:56,phone,warranty,3,16.82,89,100,3,2026-02-04 13:00:14
T-10227,C-0239,2026-02-03 10:45:14,email,delivery,2,29.32,61,262,2,2026-02-05 12:13:59
T-10228,C-0046,2026-02-03 10:45:47,chat,payment,3,190.35,166,22,3,2026-02-04 19:59:51
T-10229,C-0030,2026-02-03 11:06:06,,payment,1,298.05,99,10,1,2026-02-03 21:04:38
T-10230,C-0113,2026-02-03 11:21:07,web_form,delivery,3,58.98,155,159,3,2026-02-05 04:05:37
T-10231,C-0039,2026-02-03 13:57:03,email,warranty,2,132.21,135,332,2,2026-02-04 19:17:29
T-10232,C-0233,2026-02-03 16:46:07,email,payment,2,359.29,115,28,2,2026-02-05 04:37:15
T-10233,C-0105,2026-02-03 18:34:01,chat,delivery,2,43.49,133,6,2,2026-02-05 21:29:02
T-10234,C-0152,2026-02-03 20:44:35,phone,returns,3,90.18,111,31,3,2026-02-04 10:34:57
T-10235,C-0226,2026-02-03 21:14:00,email,payment,3,57.52,222,121,3,2026-02-04 18:35:27
T-10236,C-0119,2026-02-03 21:21:17,chat,warranty,3,43.71,72,122,3,2026-02-04 02:58:42
T-10237,C-0165,2026-02-03 21:51:27, chat,returns,2,380.44,151,78,2,2026-02-05 03:16:55
T-10238,C-0027,2026-02-04 01:56:13,web_form,delivery,2,49.23,69,142,2,2026-02-04 21:47:08
T-10239,C-0063,2026-02-04 07:02:06,email,delivery,3,21.54,44,34,3,2026-02-05 00:58:19
T-10240,C-0037,2026-02-04 08:01:19,EMAIL,warranty,2,76.14,163,16,2,2026-02-04 14:44:30
T-10241,C-0233,2026-02-04 17:41:57,email,account,2,,86,58,2,2026-02-06 12:35:45
T-10242,C-0115,2026-02-04 20:53:34,email,warranty,3,100.74,114,53,3,2026-02-07 03:14:39
T-10243,C-0162,2026-02-05 07:43:24,email,warranty,3,87.84,49,30,3,2026-02-06 15:09:15
T-10244,C-0161,2026-02-05 11:04:37,email,delivery,2,82.99,77,312,2,2026-02-06 07:53:31
T-10245,C-0028,2026-02-05 12:15:34,web_form,warranty,3,85.97,48,162,3,2026-02-08 14:03:43
T-10246,C-0025,2026-02-05 13:21:25,web_form,returns,1,94.44,99,29,1,2026-02-08 12:06:34
T-10247,C-0039,2026-02-05 14:27:08,email,returns,2,143.46,26,124,2,2026-02-06 14:48:44
T-10248,C-0024,2026-02-05 17:56:29,,payment,3,91.68,137,72,3,2026-02-06 16:43:46
T-10249,C-0173,2026-02-05 18:23:03,email,delivery,3,39.85,60,3,1,2026-02-07 13:28:47
T-10250,C-0058,2026-02-05 20:17:25,email,account,1,,44,207,1,2026-02-07 02:14:16
T-10251,C-0105,2026-02-05 20:52:05,chat,payment,3,191.26,53,302,3,2026-02-06 12:24:27
T-10252,C-0226,2026-02-05 21:31:08,web_form,warranty,2,20.33,135,155,2,2026-02-08 19:26:35
T-10253,C-0158,2026-02-06 07:26:26,chat,payment,1,73.78,170,68,1,2026-02-06 18:33:05
T-10254,C-0086,2026-02-06 09:34:54,email,delivery,2,66.68,34,28,2,2026-02-07 18:57:04
T-10255,C-0093,2026-02-06 11:14:21,chat,warranty,3,72.51,182,283,3,2026-02-07 15:03:11
T-10256,C-0071,2026-02-06 12:53:58,email,delivery,2,71.09,135,121,2,2026-02-07 05:26:29
T-10257,C-0155,2026-02-06 15:07:01,web_form,account,3,,187,169,3,2026-02-07 08:10:02
T-10258,C-0054,2026-02-06 19:56:31,email,returns,3,41.9,50,8,3,2026-02-08 23:59:56
T-10259,C-0081,2026-02-06 20:38:06,email,delivery,2,21.21,140,181,2,2026-02-07 05:29:30
T-10260,C-0099,2026-02-07 07:01:16,email,warranty,3,43.1,184,21,1,2026-02-08 05:29:04
T-10260,C-0099,2026-02-07 07:01:16,email,warranty,3,43.1,184,21,1,2026-02-08 05:29:04
T-10261,C-0099,2026-02-07 09:34:50,web_form,warranty,2,121.21,346,24,2,2026-02-07 13:46:17
T-10262,C-0086,2026-02-07 10:18:06,email,returns,2,161.17,197,35,2,2026-02-09 16:59:32
T-10263,C-0210,2026-02-07 13:01:34,email,delivery,3,40.43,94,296,3,2026-02-07 13:33:12
T-10264,C-0227,2026-02-07 16:29:47,phone,payment,3,63.31,154,82,3,2026-02-09 02:48:33
T-10265,C-0057,2026-02-07 19:24:49,web_form,returns,1,97.3,26,309,1,2026-02-08 10:29:59
T-10266,C-0071,2026-02-07 20:08:16,phone,warranty,2,200.41,43,112,2,2026-02-08 22:50:16
T-10267,C-0071,2026-02-08 09:38:22,chat,delivery,1,76.87,170,58,1,2026-02-08 19:12:28
T-10268,C-0024,2026-02-08 10:23:22,email,returns,3,79.45,104,92,3,2026-02-09 06:02:15
T-10269,C-0166,2026-02-08 12:47:33,email,account,3,,43,21,3,2026-02-09 01:47:45
T-10270,C-0001,2026-02-08 14:01:04,chat,warranty,2,112.08,41,153,2,2026-02-14 15:52:38
T-10271,C-0058,2026-02-08 14:04:12,phone,returns,2,166.36,30,62,2,2026-02-08 15:11:37
T-10272,C-0025,2026-02-08 20:11:47,web_form,payment,3,96.79,106,260,3,2026-02-09 01:56:24
T-10273,C-0024,2026-02-09 07:09:23,email,delivery,3,98.14,95,39,3,2026-02-10 01:47:54
T-10274,C-0230,2026-02-09 07:16:07,email,payment,1,65.23,56,25,1,2026-02-11 07:55:35
T-10275,C-0211,2026-02-09 08:06:24,email,returns,3,22.81,22,129,3,2026-02-09 15:48:49
T-10276,C-0217,2026-02-09 12:42:50,chat,returns,3,52.58,71,160,3,2026-02-12 17:30:03
T-10277,C-0207,2026-02-09 13:50:53,web_form,payment,3,83.4,119,201,3,2026-02-10 22:31:33
T-10278,C-0096,2026-02-09 17:08:24,web_form,account,3,,72,226,3,2026-02-09 20:24:51
T-10279,C-0019,2026-02-09 17:28:07,web_form,account,3,,232,24,3,2026-02-09 21:00:39
T-10280,C-0017,2026-02-09 18:21:22, chat,returns,2,222.9,73,2,1,2026-02-10 15:08:49
T-10281,C-0082,2026-02-09 18:34:59,web_form,returns,3,46.3,55,120,3,2026-02-11 07:12:31
T-10282,C-0136,2026-02-10 07:59:10,chat,delivery,3,36.34,47,72,3,2026-02-10 15:18:00
T-10283,C-0155,2026-02-10 09:14:42,chat,delivery,1,88.57,129,7,1,2026-02-11 04:34:01
T-10284,C-0188,2026-02-10 12:41:49,chat,payment,2,55.42,156,7,2,2026-02-10 19:01:25
T-10285,C-0099,2026-02-10 12:46:53,chat,delivery,3,92.59,80,231,3,2026-02-11 03:43:38
T-10286,C-0121,2026-02-10 13:17:51,chat,delivery,2,19.09,82,30,2,2026-02-13 05:59:24
T-10287,C-0040,2026-02-10 18:18:55,email,returns,3,-1,57,130,3,2026-02-11 20:10:04
T-10288,C-0017,2026-02-10 18:51:09,email,returns,2,17.53,218,17,1,2026-02-18 10:16:20
T-10289,C-0058,2026-02-10 20:33:42,chat,warranty,2,383.94,68,27,2,2026-02-11 15:41:32
T-10290,C-0071,2026-02-10 20:35:52,web_form,payment,2,64.33,95,104,2,2026-02-13 12:24:12
T-10291,C-0169,2026-02-10 20:41:48,,account,3,,100,289,3,2026-02-10 23:28:54
T-10292,C-0071,2026-02-11 08:41:27,Email,delivery,2,58.2,63,80,2,2026-02-11 18:22:02
T-10293,C-0227,2026-02-11 10:10:41,chat,payment,3,124.2,78,17,3,2026-02-11 14:55:10
T-10294,C-0130,2026-02-11 10:32:29,chat,payment,3,137.16,47,93,3,2026-02-12 08:25:01
T-10295,C-0105,2026-02-11 10:58:04,email,delivery,2,33.21,89,116,2,2026-02-12 17:12:44
T-10296,C-0115,2026-02-11 15:07:42,email,returns,2,152.14,60,81,2,2026-02-13 13:28:05
T-10297,,2026-02-11 15:20:07,email,delivery,3,211.81,116,55,3,2026-02-13 11:22:06
T-10298,C-0030,2026-02-11 17:58:37,email,returns,2,265.92,74,26,1,2026-02-12 17:35:08
T-10299,C-0099,2026-02-11 20:30:27,phone,warranty,3,137.4,33,93,3,2026-02-13 03:17:23
T-10300,C-0239,2026-02-11 21:05:33,email,warranty,2,64.37,193,2,1,2026-02-22 06:09:04
T-10301,C-0037,2026-02-11 21:41:46,email,delivery,1,127.58,166,11,1,2026-02-12 20:01:46
T-10302,C-0105,2026-02-11 23:48:27,email,delivery,3,116.85,40,40,3,2026-02-12 16:00:18
T-10303,C-0227,2026-02-12 07:22:52,web_form,delivery,2,54.05,93,131,2,2026-02-13 02:46:08
T-10304,C-0050,2026-02-12 07:33:05,phone,delivery,1,45.28,36,178,1,2026-02-12 19:07:45
T-10305,C-0048,2026-02-12 10:30:01,email,warranty,3,83.51,74,11,3,2026-02-13 05:11:03
T-10306,C-0155,2026-02-12 12:29:25,chat,returns,2,52.92,285,782,2,2026-02-12 22:31:42
T-10307,C-0065,2026-02-12 12:51:05,email,payment,2,74.37,171,18,1,2026-02-17 05:07:21
T-10308,C-0034,2026-02-12 12:53:03,email,warranty,2,152.21,63,55,2,2026-02-13 11:13:07
T-10309,C-0226,2026-02-12 15:38:47,chat,delivery,3,70.7,88,46,3,2026-02-13 08:15:52
T-10310,C-0105,2026-02-12 16:36:00,,account,3,,111,403,3,2026-02-16 09:45:47
T-10311,C-0217,2026-02-12 16:58:37,chat,returns,2,130.89,152,12,2,2026-02-18 17:15:11
T-10312,C-0050,2026-02-13 06:00:29,chat,delivery,1,47.01,70,3,1,2026-02-15 23:52:56
T-10313,C-0141,2026-02-13 07:17:36,chat,account,3,,86,67,3,2026-02-16 00:05:53
T-10314,C-0210,2026-02-13 11:02:05,web_form,delivery,3,181.28,58,41,3,2026-02-14 02:30:53
T-10315,C-0027,2026-02-13 14:09:58,,returns,3,186.44,46,24,3,2026-02-14 19:03:24
T-10316,C-0071,2026-02-13 14:39:30,web_form,delivery,2,101.44,235,9,2,2026-02-18 04:04:56
T-10317,C-0152,2026-02-13 16:20:08,email,payment,3,228.08,148,7,3,2026-02-15 03:13:31
T-10318,C-0220,2026-02-13 17:08:13,phone,returns,3,229.26,131,136,3,2026-02-14 09:12:43
T-10319,C-0169,2026-02-13 18:12:53,email,payment,2,118.07,84,563,2,2026-02-14 08:29:04
T-10320,C-0152,2026-02-13 19:40:21,chat,delivery,2,198.93,19,82,2,2026-02-16 15:11:32
T-10321,C-0024,2026-02-13 21:54:34,chat,payment,1,71.49,301,86,1,2026-02-16 12:26:49
T-10322,C-0236,2026-02-14 21:23:03,chat,account,3,,83,175,3,2026-02-15 20:15:48
T-10323,C-0096,2026-02-14 21:31:33,web_form,delivery,2,35.58,167,8,1,2026-02-16 10:16:21
T-10324,C-0169,2026-02-14 22:35:14,web_form,delivery,2,228.96,116,14,1,2026-02-17 20:08:47
T-10325,C-0063,2026-02-15 07:25:31,web_form,delivery,2,33.48,155,82,2,2026-02-17 15:08:36
T-10326,C-0086,2026-02-15 10:18:20,,account,2,,47,2,2,2026-02-16 11:41:36
T-10327,C-0188,2026-02-15 14:06:16,chat,payment,2,125.57,92,159,2,2026-02-15 20:54:44
T-10328,C-0163,2026-02-15 16:41:53,chat,delivery,2,26.11,42,60,2,2026-02-15 21:03:05
T-10329,C-0188,2026-02-15 19:16:42,email,account,3,,114,20,3,2026-02-16 20:41:17
T-10330,C-0194,2026-02-15 21:44:03,web_form,account,3,,194,844,3,2026-02-16 03:22:57
T-10331,C-0242,2026-02-16 07:55:33,email,payment,1,18.03,162,2,1,2026-02-19 15:51:06
T-10332,C-0068,2026-02-16 10:17:22,phone,delivery,3,46.14,81,33,3,2026-02-17 01:10:00
T-10333,C-0236,2026-02-16 14:40:23,email,payment,2,103.55,179,38,2,2026-02-18 14:32:10
T-10334,C-0228,2026-02-16 21:53:59,email,delivery,3,39.2,320,90,3,2026-02-18 22:51:48
T-10335,C-0099,2026-02-17 09:33:11,email,delivery,3,144.93,67,52,3,2026-02-17 16:23:57
T-10336,C-0227,2026-02-17 16:39:39,chat,warranty,2,41.6,221,79,2,2026-02-25 12:39:26
T-10337,C-0202,2026-02-17 19:04:56,chat,delivery,3,134.67,58,175,3,2026-02-19 21:11:54
T-10337,C-0202,2026-02-17 19:04:56,chat,delivery,3,134.67,58,175,3,2026-02-19 21:11:54
T-10338,C-0169,2026-02-17 21:13:25,phone,returns,2,158.42,150,41,2,2026-02-18 19:38:52
T-10339,C-0050,2026-02-18 04:21:04,chat,payment,3,113.9,66,61,3,2026-02-19 15:33:08
T-10340,C-0227,2026-02-18 07:02:33,chat,payment,2,73.56,77,4,2,2026-02-19 07:06:22
T-10341,C-0087,2026-02-18 07:25:04,email,returns,3,13.51,72,512,3,2026-02-19 12:05:29
T-10342,C-0012,2026-02-18 10:37:35,web_form,account,3,,102,56,3,2026-02-18 15:33:00
T-10343,C-0185,2026-02-18 12:56:41,web_form,delivery,2,88.63,77,79,2,2026-02-18 20:03:25
T-10344,C-0169,2026-02-18 13:46:09,web_form,returns,1,99.8,30,185,1,2026-02-19 10:11:40
T-10345,C-0119,2026-02-18 17:06:19,email,warranty,2,206.41,68,19,2,2026-02-19 19:31:48
T-10346,C-0018,2026-02-18 18:49:53,email,returns,3,67.55,59,90,3,2026-02-20 05:21:15
T-10347,C-0134,2026-02-18 20:16:25,chat,returns,3,25.41,57,82,3,2026-02-21 05:36:24
T-10347,C-0134,2026-02-18 20:16:25,chat,returns,3,25.41,57,82,3,2026-02-21 05:36:24
T-10348,C-0104,2026-02-18 20:48:12,email,warranty,3,56.62,121,48,3,2026-02-20 11:11:53
T-10349,C-0073,2026-02-18 21:38:31,email,delivery,3,47.23,153,168,3,2026-02-19 10:05:48
T-10350,C-0094,2026-02-19 04:23:41,phone,payment,2,28.44,53,23,2,2026-02-21 13:04:29
T-10351,C-0169,2026-02-19 11:24:26,,delivery,2,155.62,106,126,2,2026-02-21 05:19:16
T-10352,C-0207,2026-02-19 11:25:20,chat,payment,3,41.44,32,271,3,2026-02-21 20:29:28
T-10353,C-0185,2026-02-19 13:51:27,web_form,returns,2,61.67,118,55,2,2026-02-20 19:18:48
T-10354,C-0181,2026-02-19 14:52:16,chat,payment,2,142.62,50,55,2,2026-02-20 16:52:34
T-10355,C-0050,2026-02-19 15:18:12,email,payment,3,110.73,39,33,3,2026-02-20 06:57:38
T-10356,C-0119,2026-02-19 16:28:52,email,returns,2,300.44,60,217,2,2026-02-22 06:27:34
T-10357,C-0115,2026-02-19 17:00:20,email,returns,2,55.83,219,47,2,2026-02-21 15:41:05
T-10358,C-0152,2026-02-19 18:12:26,Email,warranty,2,140.12,64,243,2,2026-02-21 11:34:45
T-10359,C-0119,2026-02-19 21:58:41,chat,delivery,3,42.49,91,43,3,2026-02-20 13:10:50
T-10360,C-0229,2026-02-20 06:08:30,email,account,3,,144,135,3,2026-02-20 17:10:20
T-10361,C-0012,2026-02-20 07:23:19,web_form,returns,1,84.47,48210,48,1,2026-02-20 15:06:40
T-10362,C-0081,2026-02-20 07:25:51,email,returns,2,7.84,97,461,2,2026-02-20 14:40:16
T-10363,C-0024,2026-02-20 08:05:33,web_form,returns,3,76.66,262,154,3,2026-02-22 12:24:46
T-10364,C-0177,2026-02-20 09:07:00,chat,returns,3,46.71,124,173,3,2026-02-20 14:58:37
T-10365,C-0226,2026-02-20 10:06:30,email,payment,3,56.19,83,87,3,2026-02-22 17:53:24
T-10366,C-0063,2026-02-20 15:17:02,email,delivery,2,32.03,165,102,2,2026-02-22 14:27:54
T-10367,C-0115,2026-02-20 19:18:26,chat,payment,2,229.62,98,314,2,2026-02-21 04:16:24
T-10368,C-0039,2026-02-20 21:30:48,email,delivery,3,71.97,83,112,3,2026-02-21 18:46:46
T-10369,C-0115,2026-02-21 00:50:21,phone,payment,3,69.96,140,28,1,2026-02-23 11:00:33
T-10370,C-0099,2026-02-21 09:36:15,email,warranty,2,107.2,93,170,2,2026-02-21 17:11:11
T-10371,C-0071,2026-02-21 11:09:25,email,delivery,3,28.55,37,109,3,2026-02-23 07:31:31
T-10372,C-0226,2026-02-21 14:28:32,email,delivery,3,84.71,68,452,3,2026-02-23 04:29:44
T-10373,C-0105,2026-02-21 19:37:38,email,returns,3,150.23,154,80,3,2026-02-22 12:58:03
T-10374,C-0169,2026-02-22 07:34:14,,warranty,1,562.29,25,7,1,2026-02-24 07:28:00
T-10375,C-0099,2026-02-22 08:17:19,email,account,2,,212,162,2,2026-02-24 03:32:37
T-10376,C-0155,2026-02-22 09:44:40,email,returns,3,167.24,79,20,3,2026-02-24 07:47:06
T-10377,C-0145,2026-02-22 11:22:30,phone,delivery,2,35.71,29,170,2,2026-02-25 18:01:52
T-10378,C-0096,2026-02-22 11:54:43,webform,delivery,3,98.79,222,240,3,2026-02-23 09:42:33
T-10379,C-0099,2026-02-22 14:14:22,email,warranty,3,135.09,60,27,1,2026-02-24 06:39:37
T-10380,C-0040,2026-02-22 22:40:14,email,payment,3,127.46,40,304,3,2026-02-24 17:45:42
T-10381,C-0058,2026-02-23 08:10:16,chat,returns,2,88.74,74,69,2,2026-02-24 07:28:42
T-10381,C-0058,2026-02-23 08:10:16,chat,returns,2,88.74,74,69,2,2026-02-24 07:28:42
T-10382,C-0158,2026-02-23 11:35:54,email,delivery,3,53.84,111,73,3,2026-02-23 13:34:49
T-10383,C-0140,2026-02-23 15:02:39,email,delivery,2,27.67,107,103,2,2026-02-24 03:08:40
T-10384,C-0058,2026-02-23 15:42:03,web_form,account,2,,126,211,2,2026-02-24 02:17:25
T-10385,C-0105,2026-02-23 17:25:09,chat,account,2,,65,38,2,2026-02-28 08:54:48
T-10386,C-0050,2026-02-24 07:46:48,email,delivery,3,78.43,112,25,3,2026-02-27 11:30:10
T-10387,C-0133,2026-02-24 07:54:09,phone,delivery,1,19.34,84,3,1,2026-02-26 12:34:51
T-10388,C-0207,2026-02-24 08:30:16,email,warranty,3,374.77,56,2,1,2026-02-26 07:03:20
T-10389,C-0162,2026-02-24 11:47:33,web_form,delivery,3,92.4,264,5,3,2026-02-24 23:06:29
T-10390,C-0104,2026-02-24 12:30:50,email,payment,3,-1,53,81,3,2026-02-26 04:39:16
T-10391,C-0003,2026-02-24 13:05:53,email,delivery,3,83.65,73,543,3,2026-02-24 20:10:14
T-10392,C-0096,2026-02-24 14:03:31,chat,payment,1,65.99,141,19,1,2026-02-26 05:46:08
T-10393,C-0145,2026-02-24 14:35:38,email,returns,3,11.23,114,21,3,2026-02-25 00:18:56
T-10394,C-0236,2026-02-24 16:00:17,chat,returns,2,233.67,36,419,2,2026-02-25 23:18:48
T-10395,C-0124,2026-02-24 16:09:57,phone,returns,2,41.75,110,70,2,2026-02-25 06:37:33
T-10396,C-0207,2026-02-24 16:51:03,chat,payment,3,139.96,66,264,3,2026-02-24 22:22:11
T-10397,C-0050,2026-02-24 19:05:24,web_form,account,3,,98,76,3,2026-02-25 08:05:02
T-10398,C-0014,2026-02-24 19:29:42,email,delivery,1,99.83,42,381,1,2026-02-27 16:45:52
T-10399,C-0024,2026-02-25 08:38:45,phone,delivery,1,249.01,51,44,1,2026-02-25 11:48:18
T-10400,C-0226,2026-02-25 09:05:11,email,account,2,,246,67,2,2026-02-25 09:58:51
T-10401,C-0207,2026-02-25 12:17:06,email,warranty,2,249.26,74,16,1,2026-03-01 03:01:00
T-10402,C-0017,2026-02-25 12:32:32,email,warranty,3,22.27,359,258,3,2026-02-25 20:08:02
T-10403,C-0055,2026-02-25 14:23:39,email,delivery,3,44.31,103,119,3,2026-03-01 15:18:22
T-10404,C-0206,2026-02-25 14:30:49,phone,payment,2,156.24,105,17,1,2026-02-27 09:50:09
T-10405,C-0233,2026-02-25 20:30:06,phone,returns,3,88.28,50,67,3,2026-02-25 22:07:17
T-10406,C-0152,2026-02-25 21:15:34,web_form,delivery,3,166.6,164,9,3,2026-02-28 06:52:01
T-10407,C-0134,2026-02-25 21:55:38,email,delivery,3,128.88,36,16,3,2026-02-26 12:57:49
T-10408,C-0030,2026-02-26 07:48:00,email,returns,2,183.72,71,167,2,2026-02-27 00:56:36
T-10409,C-0226,2026-02-26 10:02:22,chat,warranty,2,190.19,36,206,2,2026-02-26 20:46:05
T-10410,C-0230,2026-02-26 10:09:23,email,payment,2,63.74,226,127,2,2026-02-27 19:09:27
T-10411,C-0074,2026-02-26 14:41:03,email,payment,1,69.8,79,41,1,2026-02-27 08:54:42
T-10412,C-0236,2026-02-26 16:58:19,email,warranty,2,291.15,355,10,1,2026-02-28 19:52:37
T-10413,C-0099,2026-02-26 17:12:48,chat,payment,3,22.74,41,52,3,2026-02-28 02:02:45
T-10414,C-0003,2026-02-26 17:40:38,email,payment,3,92.97,35,113,3,2026-03-04 00:11:20
T-10415,C-0017,2026-02-26 20:37:50,email,warranty,2,75.82,171,2,1,2026-03-01 16:39:32
T-10416,C-0201,2026-02-26 21:01:52,web_form,warranty,3,106.03,138,219,3,2026-02-28 05:21:21
T-10417,C-0050,2026-02-26 21:26:08,email,delivery,1,158.9,226,3,1,2026-03-03 06:00:46
T-10418,C-0091,2026-02-27 07:23:09,chat,returns,2,69.01,75,39,2,2026-02-27 17:42:15
T-10419,C-0244,2026-02-27 09:00:08,phone,delivery,3,55.82,51,188,3,2026-02-27 22:32:27
T-10420,C-0096,2026-02-27 10:21:23,email,delivery,3,130.21,87,8,1,2026-03-05 07:13:06
T-10421,C-0057,2026-02-27 11:00:05,email,delivery,3,231.24,193,87,3,2026-02-27 22:30:52
T-10422,C-0039,2026-02-27 11:05:44,web_form,delivery,2,71.0,132,66,2,2026-03-04 13:40:06
T-10423,C-0214,2026-02-27 16:22:31,web_form,account,2,,81,5,2,2026-03-03 03:43:51
T-10424,C-0181,2026-02-27 16:36:20,email,payment,2,58.08,78,177,2,2026-03-02 06:45:40
T-10425,C-0074,2026-02-27 17:59:22,email,returns,3,218.33,100,56,3,2026-02-28 23:20:32
T-10426,C-0188,2026-02-27 18:03:28,email,account,2,,45,149,2,2026-03-01 15:46:53
T-10427,C-0151,2026-02-27 19:10:09,email,returns,3,60.39,188,86,3,2026-02-28 02:11:31
T-10428,C-0057,2026-02-27 19:41:17,chat,warranty,1,141.62,58,75,1,2026-02-28 13:52:50
T-10429,C-0226,2026-02-27 20:59:53,email,delivery,3,315.77,67,58,3,2026-03-01 12:58:05
T-10430,C-0071,2026-02-27 21:02:09,web_form,delivery,2,109.76,124,43,2,2026-02-28 02:06:52
T-10431,C-0050,2026-02-28 08:16:33,web_form,delivery,3,64.23,118,119,3,2026-03-01 20:17:45
T-10432,C-0022,2026-02-28 11:19:15,email,delivery,2,55.84,97,14,2,2026-03-05 15:32:37
T-10433,C-0155,2026-02-28 12:25:48,email,delivery,3,55.96,263,49,3,2026-03-01 02:58:01
T-10434,C-0050,2026-02-28 14:54:45,email,delivery,3,31.78,69,128,3,2026-03-01 01:41:22
T-10435,C-0024,2026-02-28 15:40:14,phone,account,3,,52,4,3,2026-03-01 03:31:44
T-10436,C-0162,2026-02-28 17:49:39,chat,account,3,,78,331,3,2026-03-04 16:29:33
T-10437,C-0107,2026-02-28 19:59:12,,payment,1,105.25,567,47,1,2026-03-01 09:46:37
T-10438,C-0165,2026-03-01 02:35:13,email,delivery,3,50.38,147,99,3,2026-03-01 16:27:36
T-10439,C-0169,2026-03-01 10:54:48,email,delivery,3,71.45,107,169,3,2026-03-02 05:14:47
T-10440,C-0024,2026-03-01 11:41:25,chat,delivery,2,189.43,65,74,2,2026-03-02 21:05:23
T-10441,C-0115,2026-03-01 19:00:46,email,account,2,,126,89,2,2026-03-02 19:13:27
T-10442,C-0011,2026-03-02 07:49:13,email,payment,2,27.34,42,699,2,2026-03-03 13:58:03
T-10443,C-0180,2026-03-02 07:49:13,email,delivery,3,36.34,132,37,3,2026-03-03 01:04:09
T-10444,C-0050,2026-03-02 10:34:36,phone,warranty,2,155.23,50,28,2,2026-03-10 00:23:00
T-10445,C-0007,2026-03-02 11:47:54,phone,payment,3,47.52,353,11,1,2026-03-04 15:38:13
T-10446,C-0163,2026-03-02 12:18:51,phone,delivery,3,21.49,68,45,3,2026-03-02 15:01:12
T-10447,C-0058,2026-03-02 13:19:36,email,delivery,3,162.38,165,125,3,2026-03-03 00:56:49
T-10448,C-0063,2026-03-02 13:25:16,email,returns,2,91.67,79,42,2,2026-03-05 02:35:59
T-10449,C-0139,2026-03-02 17:35:23,email,delivery,2,89.3,41,141,2,2026-03-03 06:55:39
T-10450,C-0047,2026-03-02 20:22:57,email,delivery,3,80.48,85,86,3,2026-03-05 03:59:41
T-10451,C-0005,2026-03-02 20:26:25,web_form,warranty,3,16.69,43,39,3,2026-03-07 23:05:23
T-10452,C-0119,2026-03-03 01:37:55,email,payment,3,60.39,119,117,3,2026-03-04 04:57:07
T-10453,C-0119,2026-03-03 09:41:28,email,warranty,3,110.65,26,22,3,2026-03-04 10:51:39
T-10454,C-0034,2026-03-03 11:39:56,phone,returns,2,31.01,35,260,2,2026-03-07 02:03:41
T-10455,C-0217,2026-03-03 12:29:50,web_form,delivery,3,78.07,50,105,3,2026-03-04 01:18:56
T-10456,C-0038,2026-03-03 12:42:09,chat,payment,2,49.4,79,10,1,2026-03-09 13:14:22
T-10457,C-0243,2026-03-03 14:48:06,Email,account,2,,74,86,2,2026-03-04 10:36:47
T-10458,C-0086,2026-03-03 16:33:32,chat,warranty,3,51.65,324,8,1,2026-03-11 04:26:57
T-10459,C-0169,2026-03-03 17:44:13,email,returns,1,230.58,110,32,1,2026-03-04 23:58:12
T-10460,C-0048,2026-03-03 17:54:45,web_form,account,3,,51,559,3,2026-03-03 22:22:08
T-10461,C-0050,2026-03-03 18:50:35,email,payment,1,61.54,107,210,1,2026-03-05 12:34:42
T-10462,C-0114,2026-03-03 21:25:58,email,payment,3,233.33,74,104,3,2026-03-07 15:44:38
T-10463,C-0165,2026-03-04 09:44:29,chat,warranty,3,106.49,76,110,3,2026-03-10 15:30:38
T-10464,C-0094,2026-03-04 11:20:33,email,delivery,1,48.03,233,23,1,2026-03-07 23:31:47
T-10465,C-0107,2026-03-04 15:12:47,email,delivery,1,162.0,61,10,1,2026-03-07 09:49:55
T-10466,C-0147,2026-03-04 16:58:32,email,returns,3,-1,192,137,3,2026-03-13 04:45:03
T-10467,C-0194,2026-03-04 17:47:05,email,account,2,,118,66,2,2026-03-05 02:15:10
T-10468,C-0147,2026-03-04 20:22:01,,delivery,3,97.55,18,206,3,2026-03-05 04:07:30
T-10469,C-0228,2026-03-05 07:42:41,chat,payment,3,69.96,22,291,3,2026-03-08 23:17:10
T-10470,C-0086,2026-03-05 08:09:23,email,warranty,3,311.31,121,148,3,2026-03-05 15:36:44
T-10471,C-0096,2026-03-05 08:30:22,email,payment,3,374.05,125,104,3,2026-03-07 18:08:54
T-10472,C-0024,2026-03-05 11:55:03,chat,delivery,3,116.65,92,29,3,2026-03-06 08:52:41
T-10473,C-0169,2026-03-05 13:54:41,chat,returns,1,27.96,77,348,1,2026-03-07 04:18:25
T-10474,C-0105,2026-03-05 16:53:59,Email,account,3,,126,2,3,2026-03-06 05:54:19
T-10475,C-0130,2026-03-05 18:36:27,email,account,3,,108,157,3,2026-03-07 09:11:36
T-10476,C-0057,2026-03-05 18:53:47,email,delivery,3,77.59,56,65,3,2026-03-10 06:10:48
T-10477,C-0187,2026-03-05 20:26:34,chat,delivery,2,389.86,34,128,2,2026-03-07 06:17:57
T-10478,C-0096,2026-03-05 20:57:49,email,account,2,,76,6,2,2026-03-07 23:43:34
T-10479,C-0057,2026-03-05 23:36:47,email,warranty,2,35.42,146,96,2,2026-03-07 06:32:17
T-10480,C-0027,2026-03-06 07:45:37,,returns,2,68.04,80,304,2,2026-03-07 08:37:53
T-10481,C-0194,2026-03-06 07:50:50,email,account,2,,50,2,2,2026-03-06 10:44:33
T-10482,C-0119,2026-03-06 10:29:34,chat,returns,1,30.99,64,58,1,2026-03-09 17:15:49
T-10483,C-0006,2026-03-06 11:46:21,phone,delivery,3,168.15,51,130,3,2026-03-07 18:07:06
T-10484,,2026-03-06 12:55:06,phone,payment,3,132.94,34,73,3,2026-03-12 03:18:39
T-10485,C-0028,2026-03-06 16:43:17,,delivery,3,69.86,83,339,3,2026-03-08 01:52:30
T-10486,C-0063,2026-03-06 17:04:28,Email,delivery,3,24.68,69,87,3,2026-03-07 04:27:15
T-10487,C-0030,2026-03-07 03:33:18,email,delivery,3,35.19,157,135,3,2026-03-09 02:20:11
T-10488,C-0007,2026-03-07 07:38:28,,returns,3,109.89,231,373,3,2026-03-11 12:50:09
T-10489,C-0227,2026-03-07 08:14:26,chat,delivery,3,91.29,29,81,3,2026-03-10 00:32:52
T-10490,C-0222,2026-03-07 10:20:27,email,payment,3,54.28,149,54,3,2026-03-08 16:48:21
T-10491,C-0162,2026-03-07 10:37:29,email,returns,3,62.95,178,131,3,2026-03-12 04:20:22
T-10492,C-0199,2026-03-07 11:59:10,chat,warranty,1,51.67,86,354,1,2026-03-08 05:02:19
T-10493,C-0169,2026-03-07 18:04:32,web_form,delivery,3,41.54,123,457,3,2026-03-08 00:02:36
T-10494,C-0169,2026-03-08 07:59:35,phone,delivery,3,81.97,147,293,3,2026-03-08 09:44:23
T-10495,C-0185,2026-03-08 13:57:39,email,delivery,3,124.34,68,749,3,2026-03-08 23:35:27
T-10496,C-0050,2026-03-08 14:51:30,phone,returns,1,582.82,82,142,1,2026-03-11 08:42:50
T-10497,C-0183,2026-03-09 09:46:02,web_form,returns,2,43.67,32,11,2,2026-03-10 21:59:29
T-10498,C-0012,2026-03-09 09:53:46,email,warranty,2,167.66,92,131,2,2026-03-10 01:15:03
T-10499,C-0155,2026-03-09 10:57:18,email,returns,2,148.44,94,12,1,2026-03-11 08:49:25
T-10500,C-0058,2026-03-09 11:02:15,chat,returns,3,94.44,84,93,3,2026-03-10 16:15:19
T-10501,C-0212,2026-03-09 11:32:04,email,payment,2,136.23,108,18,2,2026-03-10 09:52:16
T-10502,C-0181,2026-03-09 17:06:18,chat,returns,3,137.03,70,2,3,2026-03-10 18:12:26
T-10503,C-0064,2026-03-09 19:51:12,email,delivery,3,101.75,71,85,3,2026-03-10 12:48:43
T-10504,C-0104,2026-03-10 05:36:09,email,delivery,2,630.74,67,79,2,2026-03-10 17:51:31
T-10505,C-0096,2026-03-10 09:25:19,chat,payment,2,52.51,48,6,1,2026-03-12 02:56:02
T-10506,C-0194,2026-03-10 10:27:31,Email,delivery,2,237.83,96,485,2,2026-03-12 01:54:44
T-10507,C-0115,2026-03-10 10:42:35,chat,payment,2,163.51,119,67,2,2026-03-11 04:06:59
T-10508,C-0064,2026-03-10 11:38:55,email,delivery,2,17.72,72,212,2,2026-03-17 11:05:36
T-10509,C-0180,2026-03-10 13:31:19,email,delivery,2,19.23,41,179,2,2026-03-11 17:36:06
T-10510,C-0152,2026-03-10 19:53:10,chat,payment,2,65.02,55,6,1,2026-03-12 04:03:59
T-10511,C-0227,2026-03-10 20:12:28,phone,delivery,3,88.53,110,50,3,2026-03-10 20:36:29
T-10512,C-0194,2026-03-10 21:25:40,chat,account,2,,248,30,2,2026-03-14 12:12:26
T-10513,C-0162,2026-03-11 07:25:17,web_form,returns,3,119.95,72,940,3,2026-03-14 04:52:02
T-10514,C-0151,2026-03-11 08:41:48,chat,delivery,2,88.34,69,396,2,2026-03-12 18:29:25
T-10515,C-0050,2026-03-11 08:46:09,email,payment,3,102.57,32,387,3,2026-03-18 01:36:40
T-10516,C-0233,2026-03-11 09:53:10,chat,account,3,,59,75,3,2026-03-12 12:10:57
T-10517,C-0063,2026-03-11 10:20:10,email,delivery,1,59.01,204,353,1,2026-03-12 03:04:48
T-10518,C-0210,2026-03-11 12:10:17,phone,payment,3,261.48,129,85,3,2026-03-13 02:44:11
T-10519,C-0058,2026-03-11 13:10:54,email,returns,3,46.26,146,123,3,2026-03-12 05:20:25
T-10520,C-0152,2026-03-11 13:21:18,chat,account,2,,215,5,1,2026-03-13 20:20:21
T-10521,C-0210,2026-03-11 14:46:31,chat,account,2,,251,180,2,2026-03-12 04:32:15
T-10522,C-0046,2026-03-11 17:46:45,web_form,delivery,3,151.6,112,18,1,2026-03-12 23:07:43
T-10523,C-0226,2026-03-11 19:08:44,email,delivery,2,70.31,69,568,2,2026-03-11 23:00:19
T-10524,C-0016,2026-03-11 21:24:42,phone,warranty,3,237.29,72,229,3,2026-03-12 03:47:13
T-10525,C-0203,2026-03-12 02:11:05,web_form,payment,2,98.67,37,9,2,2026-03-12 13:03:07
T-10526,C-0084,2026-03-12 07:42:55,web_form,delivery,3,57.39,81,103,3,2026-03-14 13:25:49
T-10527,C-0139,2026-03-12 07:56:09,web_form,returns,2,1082.71,82,49,2,2026-03-13 03:11:24
T-10528,C-0122,2026-03-12 08:41:37,email,payment,2,129.88,161,168,2,2026-03-14 14:30:12
T-10529,C-0090,2026-03-12 09:01:21,web_form,warranty,3,97.22,183,29,3,2026-03-15 06:46:22
T-10530,C-0001,2026-03-12 09:39:06,email,returns,2,22.29,151,193,2,2026-03-16 19:00:22
T-10531,C-0162,2026-03-12 10:23:04,web_form,account,1,,146,71,1,2026-03-13 10:14:02
T-10532,C-0169,2026-03-12 14:13:52,web_form,delivery,2,102.26,67,21,2,2026-03-12 21:52:52
T-10533,C-0139,2026-03-12 16:36:44,email,delivery,3,96.97,87,157,3,2026-03-13 02:13:33
T-10534,C-0227,2026-03-12 17:22:09,chat,returns,3,95.26,73,28,3,2026-03-13 23:35:30
T-10535,C-0177,2026-03-13 07:43:14,web_form,payment,3,147.52,78,159,3,2026-03-13 14:28:06
T-10536,C-0162,2026-03-13 14:37:09,phone,payment,1,234.65,77,13,1,2026-03-19 14:49:52
T-10537,C-0227,2026-03-13 15:27:02,phone,payment,3,148.18,100,358,3,2026-03-14 19:55:23
T-10538,C-0058,2026-03-13 15:49:54,web_form,delivery,3,48.48,23,367,3,2026-03-14 12:36:57
T-10539,C-0236,2026-03-13 20:42:17,chat,warranty,3,40.83,32,43,3,2026-03-16 12:39:51
T-10540,C-0086,2026-03-13 21:10:38,chat,delivery,3,92.26,87,164,3,2026-03-16 06:46:40
T-10541,C-0207,2026-03-14 07:44:50,web_form,account,2,,105,300,2,2026-03-16 08:48:48
T-10542,C-0012,2026-03-14 09:11:37,chat,payment,3,86.98,106,161,3,2026-03-15 07:45:03
T-10543,C-0119,2026-03-14 12:09:10,email,account,2,,46,14,2,2026-03-14 22:28:39
T-10544,C-0054,2026-03-14 15:40:37,email,warranty,3,40.72,115,5,1,2026-03-18 04:17:41
T-10545,C-0107,2026-03-14 17:13:08,chat,payment,2,127.11,34,21,2,2026-03-15 03:45:15
T-10546,C-0199,2026-03-15 04:13:12,email,delivery,2,184.17,31,66,1,2026-03-15 19:56:49
T-10547,C-0224,2026-03-15 17:57:57,chat,delivery,3,33.33,116,254,3,2026-03-18 04:23:23
T-10548,C-0044,2026-03-15 18:14:51,email,returns,3,227.72,77,234,3,2026-03-16 10:45:09
T-10549,C-0145,2026-03-15 20:22:12,chat,account,3,,101,46,1,2026-03-29 13:04:48
T-10550,C-0014,2026-03-16 07:17:24,phone,returns,3,87.32,352,208,3,2026-03-16 19:24:45
T-10551,C-0162,2026-03-16 08:39:50,email,delivery,2,94.94,97,313,2,2026-03-16 22:03:52
T-10552,C-0109,2026-03-16 08:56:51,email,account,2,,32,45,2,2026-03-18 11:00:03
T-10553,C-0207,2026-03-16 09:02:12,email,account,3,,178,138,3,2026-03-20 09:02:03
T-10554,C-0024,2026-03-16 09:11:19,chat,returns,2,285.61,103,98,2,2026-03-16 13:11:27
T-10555,C-0039,2026-03-16 17:09:29,web_form,delivery,2,411.69,110,8,2,2026-03-18 04:10:14
T-10556,C-0096,2026-03-16 18:05:33,chat,delivery,2,122.76,66,761,2,2026-03-17 04:17:24
T-10557,C-0169,2026-03-16 20:31:35,email,warranty,2,112.07,40,38,2,2026-03-19 17:18:03
T-10558,C-0236,2026-03-16 21:52:04,phone,delivery,2,216.86,145,209,2,2026-03-18 07:01:01
T-10559,C-0054,2026-03-17 08:36:42,chat,delivery,3,60.86,83,47,3,2026-03-17 12:27:36
T-10560,C-0225,2026-03-17 10:28:35,Email,account,1,,56,355,1,2026-03-17 17:40:34
T-10561,C-0024,2026-03-17 11:39:06,phone,account,2,,176,59,2,2026-03-17 20:21:23
T-10562,C-0039,2026-03-17 11:50:11,email,warranty,1,100.04,39,26,1,2026-03-17 17:01:23
T-10563,C-0217,2026-03-17 12:43:17,chat,returns,2,54.68,64,156,2,2026-03-19 03:44:28
T-10564,C-0051,2026-03-17 12:56:27,phone,account,3,,84,343,3,2026-03-18 20:16:55
T-10565,C-0226,2026-03-17 13:01:51,email,delivery,1,126.01,119,28,1,2026-03-20 07:22:54
T-10566,C-0030,2026-03-17 14:43:32,email,returns,2,199.92,40,19,2,2026-03-20 00:46:10
T-10567,C-0107,2026-03-17 15:05:37,phone,returns,1,297.79,111,23,1,2026-03-20 06:50:33
T-10568,C-0081,2026-03-17 18:13:03,email,returns,3,38.49,135,488,3,2026-03-19 07:01:21
T-10569,C-0162,2026-03-17 19:38:35,chat,delivery,3,95.76,76,234,3,2026-03-20 00:16:57
T-10570,C-0066,2026-03-17 20:37:52,phone,account,2,,102,31,2,2026-03-18 09:48:47
T-10571,C-0180,2026-03-18 08:31:51,,warranty,2,181.95,86,9,1,2026-03-19 22:43:47
T-10572,C-0087,2026-03-18 10:17:30,chat,delivery,3,40.72,54,307,3,2026-03-20 12:44:34
T-10573,C-0093,2026-03-18 11:10:47,phone,warranty,2,54.66,435,22,1,2026-03-21 19:36:45
T-10574,C-0226,2026-03-18 14:32:44,chat,payment,2,131.19,117,71,2,2026-03-20 13:43:25
T-10575,C-0219,2026-03-18 16:31:32,chat,warranty,3,58.62,101,130,3,2026-03-19 11:30:41
T-10576,C-0055,2026-03-18 17:42:21,email,account,3,,81,11,3,2026-03-20 00:13:52
T-10577,C-0105,2026-03-18 18:59:27,phone,delivery,2,194.98,108,2,1,2026-03-20 10:54:00
T-10578,C-0055,2026-03-18 19:20:58,email,delivery,3,273.37,58,517,3,2026-03-21 21:38:21
T-10579,C-0194,2026-03-19 07:41:05,chat,payment,3,53.3,20,251,3,2026-03-19 22:04:35
T-10580,C-0226,2026-03-19 07:50:13,chat,account,3,,144,158,3,2026-03-19 17:17:12
T-10581,C-0014,2026-03-19 09:26:50,web_form,delivery,1,133.07,62,3,1,2026-03-25 20:17:23
T-10582,C-0191,2026-03-19 11:06:53,chat,delivery,2,60.45,66,81,2,2026-03-19 23:43:03
T-10583,C-0227,2026-03-19 11:21:05,chat,payment,2,54.64,157,58,2,2026-03-24 03:00:47
T-10584,C-0071,2026-03-19 12:11:02,phone,warranty,2,184.08,109,215,2,2026-03-22 08:38:36
T-10585,C-0114,2026-03-19 15:44:35,web_form,delivery,2,246.45,110,26,2,2026-03-23 21:33:15
T-10586,C-0099,2026-03-19 17:22:05,chat,warranty,2,98.28,38,2,2,2026-03-20 14:05:24
T-10587,C-0226,2026-03-19 19:23:16,web_form,payment,3,61.44,128,117,3,2026-03-20 04:19:16
T-10588,C-0119,2026-03-19 20:16:01,chat,account,3,,242,245,3,2026-03-20 04:08:26
T-10589,C-0025,2026-03-20 02:32:01,chat,delivery,3,40.03,135,120,3,2026-03-20 16:00:41
T-10590,C-0008,2026-03-20 04:10:07,web_form,delivery,3,26.11,53,468,3,2026-03-20 17:13:36
T-10591,C-0233,2026-03-20 07:18:18,web_form,returns,3,28.51,47,17,3,2026-03-21 19:43:45
T-10592,C-0162,2026-03-20 07:30:07,chat,delivery,3,45.22,42,168,3,2026-03-21 01:41:39
T-10593,C-0105,2026-03-20 08:35:47,email,returns,2,244.83,46,375,2,2026-03-22 11:27:52
T-10594,C-0169,2026-03-20 10:04:31,phone,warranty,3,77.63,39,5,3,2026-03-20 23:38:41
T-10595,C-0050,2026-03-20 12:07:57,,warranty,3,96.56,63,5,3,2026-03-25 07:43:33
T-10596,C-0228,2026-03-20 12:53:09,email,returns,3,71.73,64,104,3,2026-03-21 09:36:35
T-10597,C-0244,2026-03-20 13:10:50,chat,warranty,3,-1,102,159,3,2026-03-21 10:02:35
T-10598,C-0003,2026-03-20 13:35:27,email,returns,3,24.62,150,104,3,2026-03-20 19:22:21
T-10599,C-0165,2026-03-20 13:51:00,chat,payment,3,280.31,130,2,1,2026-03-21 12:25:52
T-10600,C-0119,2026-03-20 14:46:17,web_form,account,3,,80,193,3,2026-03-21 10:25:10
T-10601,C-0071,2026-03-20 16:54:36,email,payment,3,347.23,82,841,3,2026-03-21 19:34:33
T-10602,C-0206,2026-03-20 18:13:45,chat,returns,3,52.48,49,135,3,2026-03-22 22:16:26
T-10603,C-0022,2026-03-20 19:16:42,chat,returns,2,53.0,98,3,2,2026-03-22 14:45:41
T-10604,C-0074,2026-03-20 20:37:31,chat,delivery,3,242.72,33,337,3,2026-03-21 20:32:33
T-10605,C-0007,2026-03-20 21:05:20,email,warranty,3,226.33,41,8,1,2026-03-23 07:32:36
T-10606,C-0053,2026-03-20 21:52:13,chat,payment,2,25.95,52,110,2,2026-03-23 06:50:53
T-10607,C-0086,2026-03-21 19:05:01,phone,delivery,2,42.39,26,10,2,2026-03-21 22:10:01
T-10608,C-0217,2026-03-21 21:39:44,chat,delivery,2,32.27,100,58,2,2026-03-22 17:07:10
T-10609,C-0052,2026-03-22 07:00:30,EMAIL,returns,2,303.61,174,41,1,2026-03-24 18:30:35
T-10609,C-0052,2026-03-22 07:00:30,EMAIL,returns,2,303.61,174,41,1,2026-03-24 18:30:35
T-10610,C-0219,2026-03-22 07:07:11,chat,returns,1,92.22,75,108,1,2026-03-24 11:56:02
T-10611,C-0177,2026-03-22 10:04:06,email,delivery,3,117.7,331,16,3,2026-03-22 13:26:29
T-10612,C-0071,2026-03-22 11:05:40,phone,delivery,2,62.59,57,91,2,2026-03-22 14:43:28
T-10613,C-0194,2026-03-22 11:20:27,email,returns,1,54.6,128,115,1,2026-03-22 22:52:32
T-10614,C-0152,2026-03-22 15:31:39,email,payment,2,205.69,99,139,2,2026-03-24 20:25:35
T-10615,C-0028,2026-03-23 08:44:17,phone,returns,1,90.95,163,22,1,2026-03-23 21:23:19
T-10616,C-0240,2026-03-23 09:26:34,web_form,returns,2,105.33,36,112,2,2026-03-24 10:31:51
T-10617,C-0139,2026-03-23 11:23:35,email,payment,1,32.41,59,388,1,2026-03-24 21:46:42
T-10618,C-0207,2026-03-23 14:08:15,email,returns,3,70.92,138,564,3,2026-03-24 02:35:17
T-10619,C-0139,2026-03-23 15:36:35,chat,returns,1,55.59,25,355,1,2026-03-23 18:45:42
T-10620,C-0041,2026-03-23 18:48:37,email,payment,2,85.32,81,264,2,2026-03-23 23:56:19
T-10621,C-0071,2026-03-23 19:53:33,web_form,account,3,,144,15,1,2026-03-31 16:57:20
T-10622,C-0234,2026-03-23 20:00:29,Email,payment,2,746.08,39,226,2,2026-03-25 09:19:33
T-10623,C-0124,2026-03-24 03:14:24,email,delivery,2,62.8,88,22,1,2026-04-02 22:23:08
T-10624,C-0007,2026-03-24 04:44:03,web_form,delivery,2,224.81,33,22,2,2026-03-25 00:09:27
T-10625,C-0228,2026-03-24 09:08:24,email,delivery,1,44.99,74,41,1,2026-03-29 20:20:57
T-10626,C-0165,2026-03-24 11:50:21,chat,account,3,,97,36,3,2026-03-27 06:15:34
T-10627,C-0105,2026-03-24 13:00:17,phone,delivery,2,124.86,153,7,2,2026-03-25 00:12:47
T-10628,C-0169,2026-03-24 14:59:19,chat,returns,2,122.78,202,35,2,2026-03-25 05:11:22
T-10629,C-0207,2026-03-24 16:11:15,email,account,3,,38,45,3,2026-03-25 00:51:28
T-10630,C-0099,2026-03-24 19:00:11,email,delivery,2,95.83,97,67,1,2026-03-28 03:42:19
T-10631,C-0236,2026-03-24 19:21:34,email,delivery,3,45.35,91,60,1,2026-03-31 20:20:50
T-10632,C-0087,2026-03-24 22:22:39,email,account,2,,172,88,2,2026-03-25 07:49:05
T-10633,C-0227,2026-03-25 14:19:41,chat,delivery,3,122.35,59,23,3,2026-03-26 14:50:33
T-10634,C-0236,2026-03-25 15:33:14,web_form,delivery,3,121.39,135,4,1,2026-03-27 00:16:39
T-10635,C-0119,2026-03-25 18:19:16,phone,payment,1,96.96,93,5,1,2026-03-27 10:24:43
T-10636,C-0207,2026-03-25 20:49:26,email,account,1,,62,5,1,2026-03-27 01:00:09
T-10637,C-0119,2026-03-25 20:53:47,email,warranty,2,372.27,80,390,2,2026-03-27 22:18:21
T-10638,C-0096,2026-03-26 08:46:13,chat,warranty,1,238.62,105,27,1,2026-04-01 08:28:10
T-10639,C-0027,2026-03-26 13:38:34,chat,payment,2,70.94,42,20,2,2026-03-29 00:16:53
T-10640,C-0165,2026-03-26 13:41:39,email,returns,1,63.75,58,83,1,2026-04-04 16:08:06
T-10641,C-0236,2026-03-26 16:18:04,web_form,delivery,3,111.34,134,149,3,2026-03-26 20:37:59
T-10642,C-0057,2026-03-26 18:24:03,email,warranty,3,49.39,244,67,3,2026-03-29 03:20:35
T-10643,C-0227,2026-03-26 19:25:03,phone,payment,3,68.72,57,48,3,2026-03-27 08:18:00
T-10644,C-0237,2026-03-26 21:00:21,chat,warranty,3,83.8,143,242,3,2026-03-27 07:33:29
T-10645,C-0230,2026-03-26 21:33:08,phone,returns,3,28.8,64,23,3,2026-03-27 03:29:16
T-10646,C-0236,2026-03-27 07:15:48,email,delivery,3,205.88,210,19,3,2026-03-28 13:14:28
T-10647,C-0024,2026-03-27 09:14:59,web_form,delivery,2,210.32,56,158,2,2026-03-29 08:36:23
T-10648,C-0162,2026-03-27 13:03:49,email,warranty,2,176.48,35,2,2,2026-03-28 16:54:38
T-10649,C-0226,2026-03-27 15:28:34,chat,delivery,2,72.38,102,7,1,2026-03-29 15:40:18
T-10650,C-0159,2026-03-27 16:18:59,phone,payment,1,182.19,78,10,1,2026-03-30 03:26:04
T-10651,C-0050,2026-03-27 16:26:52,chat,returns,2,80.51,69,31,2,2026-03-30 12:15:27
T-10652,C-0014,2026-03-28 12:53:47,email,warranty,1,312.1,84,46,1,2026-03-29 22:31:35
T-10653,C-0169,2026-03-28 14:24:26,chat,warranty,2,111.59,93,2,1,2026-04-03 08:02:37
T-10654,C-0181,2026-03-28 14:48:47,,warranty,2,227.68,64,15,2,2026-03-30 16:50:57
T-10655,C-0040,2026-03-28 15:49:56,email,delivery,3,264.51,140,30,3,2026-03-30 01:54:31
T-10656,C-0039,2026-03-28 15:56:51,web_form,returns,3,374.24,84,391,3,2026-03-29 16:08:25
T-10657,C-0067,2026-03-28 16:13:56,chat,delivery,3,95.01,71,188,3,2026-03-30 06:48:09
T-10658,C-0067,2026-03-29 07:44:54,email,returns,2,231.81,15,161,2,2026-04-01 06:30:48
T-10659,C-0099,2026-03-29 08:01:59,web_form,returns,2,165.16,119,128,2,2026-03-31 05:07:38
T-10660,C-0138,2026-03-29 08:38:03,web_form,returns,3,105.84,119,18,3,2026-03-29 11:54:58
T-10661,C-0199,2026-03-29 10:35:54,email,payment,3,38.05,118,104,3,2026-03-30 23:07:18
T-10662,C-0162,2026-03-29 10:43:02,chat,returns,3,72.81,30,71,3,2026-04-02 01:42:42
T-10663,C-0165,2026-03-29 11:32:48,chat,payment,3,57.92,169,629,3,2026-04-05 08:10:28
T-10664,C-0147,2026-03-29 16:22:18,email,returns,2,175.07,105,138,2,2026-03-29 19:27:51
T-10665,C-0020,2026-03-29 17:38:54,email,delivery,3,72.84,44,261,3,2026-03-29 20:22:06
T-10666,C-0233,2026-03-29 17:50:00,phone,account,1,,43,248,1,2026-03-30 20:44:26
T-10667,C-0155,2026-03-29 21:38:19,chat,delivery,2,79.85,106,2,1,2026-03-31 01:41:36
T-10668,C-0165,2026-03-30 03:44:22,phone,delivery,2,143.97,35,4,2,2026-03-31 22:31:19
T-10669,C-0071,2026-03-30 07:43:34,email,delivery,2,43.6,104,33,2,2026-03-30 17:17:46
T-10670,C-0188,2026-03-30 09:53:46,email,account,3,,54,47,3,2026-03-31 18:45:30
T-10671,C-0025,2026-03-30 12:12:44,chat,account,2,,102,56,2,2026-03-30 17:12:18
T-10672,C-0236,2026-03-30 12:33:02,phone,returns,3,242.83,66,263,3,2026-03-31 20:19:47
T-10673,C-0113,2026-03-30 13:34:47,phone,payment,2,350.29,145,33,1,2026-04-08 23:31:20
T-10674,C-0031,2026-03-30 14:19:48,chat,warranty,3,39.88,71,341,3,2026-03-31 23:27:46
T-10675,C-0201,2026-03-30 17:03:01,email,warranty,3,55.29,127,172,3,2026-03-31 23:56:10
T-10676,C-0219,2026-03-30 20:09:10,chat,returns,2,42.23,248,152,2,2026-03-31 11:34:06
T-10677,C-0074,2026-03-31 02:22:59,,account,2,,139,38,2,2026-04-02 03:53:00
T-10678,C-0207,2026-03-31 06:00:16,web_form,payment,1,71.5,118,7,1,2026-04-05 04:54:32
T-10679,C-0226,2026-03-31 07:11:37,web_form,payment,3,101.06,49,3,3,2026-04-01 12:26:07
T-10680,C-0119,2026-03-31 09:58:22,chat,delivery,2,56.25,43,36,2,2026-04-03 17:37:07
T-10681,C-0217,2026-03-31 16:26:50,chat,delivery,3,34.66,42,567,3,2026-03-31 20:05:34
T-10682,C-0163,2026-03-31 16:36:42,email,delivery,2,74.5,34,108,2,2026-04-02 04:06:16
T-10683,C-0071,2026-03-31 17:00:49,chat,returns,3,186.51,23,95,3,2026-04-01 10:04:22
T-10684,C-0132,2026-03-31 18:46:26,email,account,3,,52,19,3,2026-04-02 03:09:09
T-10685,C-0119,2026-03-31 20:29:33,chat,returns,3,268.78,144,203,3,2026-04-02 06:25:31
T-10686,C-0226,2026-03-31 20:41:15,phone,returns,3,148.95,130,281,3,2026-04-01 00:29:14
T-10687,C-0169,2026-04-01 08:28:32,chat,warranty,3,51.53,121,2,1,2026-04-06 07:50:52
T-10688,C-0058,2026-04-01 08:55:43,email,payment,3,149.43,40,70,3,2026-04-02 12:01:07
T-10689,C-0050,2026-04-01 09:17:39,web_form,delivery,3,278.77,92,100,3,2026-04-04 16:50:18
T-10690,C-0161,2026-04-01 11:25:38,phone,returns,2,89.53,65,55,1,2026-04-11 17:57:00
T-10691,C-0046,2026-04-01 12:35:04,email,delivery,1,176.68,50,174,1,2026-04-01 23:02:33
T-10692,C-0037,2026-04-01 12:55:47,email,account,3,,33,12,3,2026-04-03 11:22:19
T-10693,C-0086,2026-04-01 13:24:15,email,delivery,3,89.81,62,265,3,2026-04-03 22:01:54
T-10694,C-0163,2026-04-01 15:20:27,web_form,delivery,3,103.76,49,197,3,2026-04-02 08:22:20
T-10695,C-0115,2026-04-01 15:22:29,email,payment,1,640.81,60,118,1,2026-04-01 18:42:19
T-10696,C-0119,2026-04-01 16:06:38,email,warranty,1,100.0,105,33,1,2026-04-05 16:35:13
T-10697,C-0069,2026-04-01 16:39:01,email,returns,2,32.74,57,118,2,2026-04-02 20:57:15
T-10698,C-0039,2026-04-01 18:28:59,email,returns,2,138.71,208,244,2,2026-04-03 05:23:33
T-10699,C-0055,2026-04-01 18:39:06,email,account,1,,121,5,1,2026-04-04 12:07:03
T-10700,C-0160,2026-04-01 19:34:37,chat,delivery,3,32.12,58,37,3,2026-04-03 10:16:16
T-10701,C-0149,2026-04-01 19:43:05,email,warranty,3,25.62,99,376,3,2026-04-02 20:11:58
T-10702,C-0163,2026-04-01 20:11:36,chat,payment,2,172.92,141,444,2,2026-04-04 05:19:30
T-10703,C-0099,2026-04-01 21:15:23,chat,warranty,3,70.05,320,7,1,2026-04-05 15:57:21
T-10704,C-0047,2026-04-01 21:27:00,phone,warranty,3,65.56,54,10,3,2026-04-02 09:52:29
T-10705,C-0119,2026-04-01 21:30:09,email,payment,2,144.3,111,66,1,2026-04-07 06:16:59
T-10706,C-0054,2026-04-02 09:00:08,chat,account,2,,123,274,2,2026-04-02 22:03:53
T-10707,C-0050,2026-04-02 13:59:29,,warranty,2,43.51,25,115,2,2026-04-03 09:37:58
T-10708,C-0165,2026-04-02 15:33:20,email,account,3,,57,13,1,2026-04-04 12:45:59
T-10709,C-0141,2026-04-02 16:08:56,chat,delivery,1,72.06,205,97,1,2026-04-05 08:50:14
T-10710,C-0166,2026-04-02 16:28:46,email,delivery,2,38.56,50,398,2,2026-04-04 15:43:31
T-10711,C-0115,2026-04-02 18:39:20,email,warranty,2,45.25,33,43,2,2026-04-03 17:38:13
T-10712,C-0054,2026-04-02 18:50:34,email,payment,3,96.17,170,41,3,2026-04-04 04:04:58
T-10713,C-0177,2026-04-02 21:28:02,chat,delivery,2,291.67,170,183,2,2026-04-06 16:37:44
T-10714,C-0001,2026-04-02 22:48:49,email,account,3,,62,35,3,2026-04-03 15:27:30
T-10715,C-0194,2026-04-03 07:57:40,email,delivery,3,97.17,39,189,3,2026-04-03 12:06:17
T-10716,C-0158,2026-04-03 08:02:01,email,delivery,2,11.53,323,15,1,2026-04-07 02:24:57
T-10717,C-0071,2026-04-03 08:48:02,email,returns,3,196.99,198,298,3,2026-04-03 09:46:05
T-10718,C-0227,2026-04-03 14:00:22,chat,returns,2,18.09,163,251,2,2026-04-04 01:19:49
T-10719,C-0115,2026-04-03 15:07:26,,returns,2,24.7,49,425,2,2026-04-04 01:07:57
T-10720,C-0168,2026-04-03 19:29:11,chat,delivery,3,54.96,20,228,3,2026-04-11 04:39:19
T-10721,C-0224,2026-04-03 19:39:08,chat,warranty,3,141.03,226,616,3,2026-04-05 11:33:51
T-10722,C-0130,2026-04-03 19:44:13,chat,delivery,3,192.93,149,59,3,2026-04-07 05:44:59
T-10723,C-0123,2026-04-03 21:18:36,phone,delivery,2,41.7,203,102,2,2026-04-04 19:32:57
T-10723,C-0123,2026-04-03 21:18:36,phone,delivery,2,41.7,203,102,2,2026-04-04 19:32:57
T-10724,C-0105,2026-04-03 21:20:12,phone,returns,2,28.46,204,29,1,2026-04-04 10:45:33
T-10725,C-0155,2026-04-04 07:30:14,chat,payment,2,76.08,55,184,2,2026-04-04 11:17:53
T-10726,C-0083,2026-04-04 08:03:46,email,delivery,1,32.02,30,43,1,2026-04-07 00:52:44
T-10727,C-0220,2026-04-04 08:32:13,chat,returns,2,51.45,47,85,2,2026-04-05 00:33:05
T-10728,C-0139,2026-04-04 14:25:59,chat,payment,2,149.41,55,230,2,2026-04-04 20:27:53
T-10729,C-0061,2026-04-05 10:36:01,chat,delivery,2,101.82,103,228,2,2026-04-06 04:44:45
T-10730,C-0071,2026-04-05 15:23:38,email,account,3,,139,503,3,2026-04-05 20:14:40
T-10731,C-0182,2026-04-05 15:26:55,chat,returns,3,51.31,107,142,3,2026-04-06 09:02:09
T-10732,C-0152,2026-04-05 15:53:20,email,account,2,,33,37,2,2026-04-10 17:02:18
T-10733,C-0169,2026-04-05 21:33:53,email,payment,3,255.82,159,145,3,2026-04-06 02:59:50
T-10734,C-0178,2026-04-06 08:12:29,chat,warranty,3,69.76,22,95,3,2026-04-07 11:34:19
T-10735,C-0014,2026-04-06 08:40:20,email,returns,3,25.24,104,397,3,2026-04-06 12:28:17
T-10736,C-0226,2026-04-06 09:11:03,web_form,delivery,3,34.73,181,186,3,2026-04-13 18:00:56
T-10737,C-0054,2026-04-06 11:39:39,email,delivery,1,63.9,166,10,1,2026-04-06 20:17:59
T-10738,C-0027,2026-04-06 11:53:27,chat,account,3,,129,7,3,2026-04-06 18:10:33
T-10739,C-0236,2026-04-06 12:35:17,chat,delivery,3,75.88,113,232,3,2026-04-09 17:11:49
T-10740,C-0024,2026-04-06 15:33:21,email,delivery,1,94.91,124,61,1,2026-04-13 23:30:45
T-10741,C-0146,2026-04-06 18:47:24,email,returns,3,19.11,62,158,3,2026-04-07 13:54:44
T-10742,C-0057,2026-04-06 19:15:48,email,payment,1,75.95,31,30,1,2026-04-07 05:35:12
T-10743,C-0147,2026-04-06 19:40:26,,delivery,2,481.15,51,136,2,2026-04-09 12:08:20
T-10744,C-0062,2026-04-07 07:41:52,email,delivery,2,451.42,137,127,2,2026-04-09 06:02:17
T-10745,C-0217,2026-04-07 08:37:44,chat,returns,3,61.71,33,238,3,2026-04-08 08:49:44
T-10746,C-0050,2026-04-07 09:10:05,email,returns,2,56.93,69,108,2,2026-04-08 14:54:50
T-10747,C-0037,2026-04-07 10:00:37,chat,returns,2,82.37,65,131,2,2026-04-08 04:27:27
T-10748,C-0110,2026-04-07 10:18:09,chat,warranty,2,39.27,208,370,2,2026-04-08 02:33:55
T-10749,C-0062,2026-04-07 11:54:21,web_form,payment,3,22.3,104,67,3,2026-04-08 02:04:08
T-10750,C-0014,2026-04-07 17:22:19,email,delivery,3,191.91,105,61,3,2026-04-08 14:29:40
T-10751,C-0217,2026-04-07 18:15:35,email,delivery,2,21.24,428,162,2,2026-04-07 20:27:09
T-10752,C-0243,2026-04-07 19:25:03,chat,returns,3,67.9,93,91,3,2026-04-08 16:15:29
T-10753,C-0152,2026-04-07 19:45:00,web_form,delivery,3,127.39,183,65,3,2026-04-09 04:58:53
T-10754,C-0019,2026-04-07 21:18:25,email,returns,3,18.2,29,211,3,2026-04-08 02:33:51
T-10755,C-0099,2026-04-08 12:13:10,email,delivery,1,84.22,91,131,1,2026-04-08 20:23:46
T-10756,C-0105,2026-04-08 15:31:10,email,delivery,2,189.06,37,78,2,2026-04-09 04:05:56
T-10757,C-0055,2026-04-08 16:10:02,phone,warranty,2,85.37,78,9,1,2026-04-11 22:49:01
T-10758,C-0158,2026-04-08 21:48:40,EMAIL,delivery,1,17.02,22,172,1,2026-04-09 20:20:30
T-10759,C-0039,2026-04-09 07:03:40,web_form,warranty,3,30.86,55,70,3,2026-04-10 08:29:31
T-10759,C-0039,2026-04-09 07:03:40,web_form,warranty,3,30.86,55,70,3,2026-04-10 08:29:31
T-10760,C-0237,2026-04-09 07:24:18,chat,account,3,,100,9,3,2026-04-10 03:45:48
T-10761,C-0115,2026-04-09 09:14:14,web_form,warranty,2,344.62,106,36,1,2026-04-11 09:40:03
T-10762,C-0086,2026-04-09 10:32:50,phone,delivery,3,55.61,101,14,1,2026-04-10 20:17:24
T-10763,C-0194,2026-04-09 10:52:57,chat,delivery,3,72.72,75,171,3,2026-04-13 12:22:52
T-10764,C-0074,2026-04-09 16:23:11,email,account,2,,116,104,2,2026-04-15 15:56:31
T-10765,C-0158,2026-04-09 17:35:15,web_form,warranty,3,118.95,252,173,3,2026-04-11 10:50:14
T-10766,C-0177,2026-04-09 20:43:49,web_form,returns,2,225.15,69,28,1,2026-04-12 08:01:12
T-10767,C-0226,2026-04-09 20:53:19, chat,returns,2,121.46,201,754,2,2026-04-10 19:59:47
T-10768,C-0194,2026-04-10 07:00:34,email,account,3,,47,75,3,2026-04-10 18:15:08
T-10769,C-0014,2026-04-10 09:55:17,chat,returns,1,136.48,39,696,1,2026-04-10 17:54:58
T-10770,C-0061,2026-04-10 10:11:38,web_form,returns,1,44.04,50,8,1,2026-04-12 01:40:04
T-10771,C-0139,2026-04-10 11:19:27,email,warranty,1,56.46,98,8,1,2026-04-14 13:05:17
T-10772,C-0090,2026-04-10 14:00:30,phone,payment,1,145.45,37,149,1,2026-04-12 07:29:38
T-10773,C-0019,2026-04-10 16:31:09,chat,returns,3,118.26,42,14,3,2026-04-11 20:22:24
T-10774,C-0055,2026-04-10 18:12:15,email,delivery,2,131.67,122,9,1,2026-04-15 21:45:24
T-10775,C-0058,2026-04-10 18:52:31,email,payment,1,41.11,242,52,1,2026-04-15 23:37:03
T-10776,C-0207,2026-04-10 20:37:28,chat,account,1,,289,77,1,2026-04-11 00:14:27
T-10777,C-0083,2026-04-11 01:02:50,email,payment,1,104.69,135,31,1,2026-04-12 21:40:41
T-10778,,2026-04-11 08:31:48,web_form,delivery,3,41.63,95,60,3,2026-04-12 10:55:01
T-10779,C-0124,2026-04-11 14:34:07,chat,delivery,2,52.03,92,4,2,2026-04-12 07:40:02
T-10780,C-0210,2026-04-11 17:21:30,chat,delivery,2,48.21,83,95,2,2026-04-12 05:12:10
T-10781,C-0227,2026-04-11 21:28:12,chat,account,1,,48,209,1,2026-04-13 04:08:07
T-10782,C-0227,2026-04-12 07:23:36,phone,payment,3,93.63,79,249,3,2026-04-13 18:14:34
T-10783,C-0119,2026-04-12 08:14:52, chat,warranty,3,56.82,52,538,3,2026-04-12 19:32:50
T-10784,C-0186,2026-04-13 08:08:42,phone,delivery,2,57.44,106,6,2,2026-04-15 11:22:17
T-10785,C-0033,2026-04-13 10:39:13,web_form,returns,1,62.34,213,303,1,2026-04-13 18:29:57
T-10786,C-0147,2026-04-13 11:51:41,phone,delivery,3,-1,92,61,3,2026-04-15 20:37:54
T-10787,C-0169,2026-04-13 11:53:04,chat,account,3,,49,145,3,2026-04-13 22:28:53
T-10788,C-0162,2026-04-13 18:02:20,web_form,returns,3,30.09,252,72,3,2026-04-14 07:19:58
T-10789,C-0152,2026-04-13 20:33:07,email,delivery,3,92.76,47,32,3,2026-04-15 10:44:45
T-10790,C-0024,2026-04-13 20:55:06,email,delivery,3,66.63,55,115,3,2026-04-14 17:06:02
T-10791,,2026-04-13 23:13:38,email,delivery,2,44.73,201,11,2,2026-04-14 05:10:22
T-10792,C-0227,2026-04-14 07:32:27,phone,delivery,3,31.59,29,278,3,2026-04-14 21:18:35
T-10793,C-0163,2026-04-14 09:19:15,email,warranty,3,21.71,115,29,3,2026-04-16 06:00:20
T-10794,C-0014,2026-04-14 10:44:23,EMAIL,returns,2,38.5,91,27,2,2026-04-14 19:28:56
T-10795,C-0071,2026-04-14 11:46:08,webform,account,3,,238,80,3,2026-04-15 08:54:39
T-10796,C-0107,2026-04-14 12:12:35,chat,warranty,2,230.52,52,74,2,2026-04-15 12:10:17
T-10797,C-0226,2026-04-14 15:58:14,phone,account,3,,72,23,3,2026-04-14 22:21:57
T-10798,C-0169,2026-04-14 16:50:32,chat,delivery,2,59.97,63,174,2,2026-04-20 12:18:20
T-10799,C-0224,2026-04-14 20:43:37,chat,delivery,1,118.26,167,62,1,2026-04-15 11:03:25
T-10800,C-0051,2026-04-15 08:41:37,phone,warranty,3,76.31,87,275,3,2026-04-15 13:16:13
T-10801,C-0158,2026-04-15 10:55:26,chat,delivery,3,-1,84,150,3,2026-04-16 00:30:45
T-10802,C-0071,2026-04-15 11:06:46,chat,payment,2,261.9,38,82,2,2026-04-17 07:48:14
T-10803,C-0099,2026-04-15 14:39:14,email,returns,3,100.47,254,14,1,2026-04-18 13:59:40
T-10804,C-0162,2026-04-15 15:33:13,chat,delivery,3,151.44,83,171,3,2026-04-16 10:43:21
T-10805,C-0039,2026-04-15 15:57:54,web_form,returns,2,244.41,152,81,2,2026-04-17 15:36:39
T-10806,C-0012,2026-04-15 18:48:20,email,returns,3,53.52,101,128,3,2026-04-16 21:54:11
T-10807,C-0152,2026-04-15 21:16:51,email,account,1,,58,19,1,2026-04-20 20:54:37
T-10808,C-0169,2026-04-16 07:18:50,chat,account,3,,61,32,3,2026-04-16 10:06:25
T-10809,C-0124,2026-04-16 07:33:11,email,payment,1,167.29,102,2,1,2026-04-18 04:01:05
T-10810,C-0107,2026-04-16 07:53:09,chat,payment,3,184.5,101,20,1,2026-04-17 09:45:22
T-10811,C-0039,2026-04-16 08:36:01,phone,payment,3,29.06,111,43,3,2026-04-23 05:59:17
T-10812,C-0178,2026-04-16 13:12:03,web_form,returns,2,313.26,37,74,2,2026-04-19 17:23:23
T-10813,C-0236,2026-04-16 14:58:07,email,payment,1,195.61,104,2,1,2026-04-26 01:53:19
T-10814,C-0188,2026-04-16 15:53:34,chat,returns,2,49.59,173,286,2,2026-04-17 08:54:05
T-10815,C-0230,2026-04-16 17:39:22,web_form,returns,2,50.68,99,326,2,2026-04-17 13:55:36
T-10816,C-0075,2026-04-16 18:33:40,email,payment,1,57.73,40,13,1,2026-04-18 06:24:57
T-10817,C-0227,2026-04-17 07:06:04,chat,returns,3,12.28,50,21,3,2026-04-19 07:51:14
T-10818,C-0139,2026-04-17 07:15:59,web_form,account,3,,97,20,3,2026-04-18 04:08:01
T-10819,C-0099,2026-04-17 07:19:47,email,warranty,3,166.39,62,98,3,2026-04-17 20:28:27
T-10820,C-0030,2026-04-17 15:43:59,chat,returns,2,159.57,221,39,1,2026-04-18 05:33:01
T-10821,C-0061,2026-04-17 17:21:06,email,payment,3,71.31,149,259,3,2026-04-18 00:33:02
T-10822,C-0039,2026-04-17 18:54:12,chat,warranty,3,25.28,67,112,3,2026-04-17 21:04:50
T-10823,C-0105,2026-04-17 20:01:20,web_form,returns,2,31.14,79,133,2,2026-04-19 18:15:50
T-10824,C-0096,2026-04-18 13:50:23,chat,delivery,2,36.59,203,44,1,2026-04-23 18:54:24
T-10825,C-0114,2026-04-18 16:36:49,email,delivery,2,71.56,42,508,2,2026-04-19 10:10:01
T-10826,C-0119,2026-04-18 17:17:23,email,warranty,3,14.45,120,52,3,2026-04-18 21:15:15
T-10827,C-0145,2026-04-18 18:02:10,phone,delivery,2,70.16,263,57,2,2026-04-20 16:47:19
T-10828,C-0233,2026-04-19 05:55:37,web_form,returns,3,78.72,74,107,3,2026-04-19 11:41:55
T-10829,C-0153,2026-04-19 13:38:50,email,delivery,3,110.58,15,75,3,2026-04-20 04:37:55
T-10830,C-0075,2026-04-19 14:20:03,chat,payment,1,52.67,74,146,1,2026-04-20 12:41:05
T-10831,C-0044,2026-04-19 17:10:37,web_form,payment,2,38.09,371,36,2,2026-04-21 22:31:51
T-10832,C-0239,2026-04-19 21:34:30,phone,returns,1,102.58,36,101,1,2026-04-20 04:31:24
T-10833,C-0074,2026-04-20 04:45:49,chat,account,2,,51,173,2,2026-04-28 18:35:38
T-10834,C-0113,2026-04-20 07:41:23,email,account,3,,108,186,3,2026-04-20 21:38:25
T-10835,C-0163,2026-04-20 08:14:04,chat,returns,1,32.17,102,25,1,2026-04-21 04:40:48
T-10836,C-0014,2026-04-20 08:35:24,chat,warranty,3,55.08,82,226,3,2026-04-21 16:10:32
T-10837,C-0016,2026-04-20 12:15:57, chat,payment,2,44.97,79,73,2,2026-04-21 19:55:42
T-10838,C-0041,2026-04-20 12:29:37,web_form,delivery,1,32.87,147,285,1,2026-04-21 07:51:03
T-10839,C-0064,2026-04-20 14:37:48,chat,account,2,,37,29,2,2026-04-22 20:27:38
T-10840,C-0023,2026-04-20 15:06:00,phone,delivery,3,31.25,77,157,3,2026-04-27 05:36:25
T-10841,C-0165,2026-04-20 16:03:28,phone,account,2,,138,2,1,2026-04-30 01:43:08
T-10842,C-0072,2026-04-20 16:25:58,phone,returns,3,27.8,84,322,3,2026-04-21 15:56:16
T-10843,C-0074,2026-04-20 18:12:14,,account,3,,553,34,3,2026-04-20 23:21:12
T-10844,C-0236,2026-04-20 18:39:27,email,returns,2,54.77,74,118,2,2026-04-22 00:28:15
T-10845,C-0039,2026-04-20 19:39:17,chat,payment,3,26.05,67,140,3,2026-04-27 01:12:02
T-10846,C-0099,2026-04-21 00:27:57,chat,delivery,3,302.99,24,29,3,2026-04-22 23:58:56
T-10847,C-0107,2026-04-21 07:42:30,email,delivery,2,186.12,76,61,2,2026-04-22 15:12:07
T-10848,C-0114,2026-04-21 09:48:41,phone,delivery,3,151.02,216,26,3,2026-04-25 08:50:47
T-10849,C-0193,2026-04-21 10:14:51,email,account,2,,97,362,2,2026-04-22 19:23:12
T-10850,C-0030,2026-04-21 10:48:21,phone,account,3,,170,21,3,2026-04-21 21:21:55
T-10851,C-0227,2026-04-21 11:41:41,email,delivery,3,11.89,125,58,3,2026-04-22 20:42:13
T-10852,C-0215,2026-04-21 13:28:31,chat,warranty,3,144.53,54,16,3,2026-04-22 17:09:58
T-10853,C-0007,2026-04-21 15:27:08,email,returns,3,145.19,166,61,3,2026-04-21 19:06:52
T-10854,C-0236,2026-04-21 15:34:24,email,delivery,3,295.41,137,84,3,2026-04-22 08:39:12
T-10855,C-0071,2026-04-21 16:50:31,email,returns,3,23.36,0,114,3,2026-04-25 15:09:56
T-10856,C-0210,2026-04-21 17:39:15,phone,delivery,3,28.95,50,10,3,2026-04-23 20:20:44
T-10857,C-0227,2026-04-21 19:58:04,chat,returns,3,173.05,123,334,3,2026-04-22 21:16:22
T-10858,C-0169,2026-04-22 13:53:44,chat,delivery,3,248.37,125,101,3,2026-04-22 17:48:46
T-10859,C-0236,2026-04-22 15:09:19,email,account,2,,42,79,2,2026-04-23 05:20:47
T-10860,C-0207,2026-04-22 17:00:43,web_form,delivery,1,214.24,71,14,1,2026-04-25 05:20:48
T-10861,C-0222,2026-04-22 19:15:57,email,returns,2,48.93,119,71,2,2026-04-24 18:37:36
T-10862,C-0050,2026-04-22 19:27:43,email,delivery,1,275.77,168,4,1,2026-04-24 11:51:46
T-10863,,2026-04-22 21:53:41,chat,warranty,3,55.43,137,120,3,2026-04-24 04:21:29
T-10864,C-0152,2026-04-23 07:51:09,chat,payment,1,88.85,57,30,1,2026-05-02 11:40:01
T-10865,C-0058,2026-04-23 08:27:33,chat,warranty,2,249.63,245,57,1,2026-04-24 13:32:33
T-10866,C-0152,2026-04-23 10:49:57,Email,returns,2,114.34,37,208,2,2026-04-24 06:10:27
T-10867,C-0236,2026-04-23 11:25:20,chat,delivery,2,375.95,32,139,2,2026-04-23 19:20:09
T-10868,C-0236,2026-04-23 12:23:16,email,warranty,3,168.47,156,175,3,2026-04-26 05:37:02
T-10869,C-0063,2026-04-23 12:56:09,phone,returns,3,105.28,59,49,3,2026-04-24 13:12:48
T-10870,C-0115,2026-04-23 14:49:54,email,warranty,3,91.44,75,46,3,2026-04-24 09:59:50
T-10871,C-0227,2026-04-23 15:25:02,chat,delivery,2,58.78,92,189,2,2026-04-24 14:31:07
T-10872,C-0039,2026-04-23 16:55:40,email,payment,2,389.0,59,114,2,2026-04-24 00:02:59
T-10873,C-0115,2026-04-23 17:29:24,email,returns,3,264.72,142,39,3,2026-04-23 20:43:08
T-10874,C-0178,2026-04-23 20:44:49,chat,delivery,3,137.99,108,315,3,2026-04-28 10:02:10
T-10875,C-0019,2026-04-23 22:52:03,email,returns,3,54.46,29,36,3,2026-04-24 16:36:02
T-10876,C-0039,2026-04-24 08:14:58,email,delivery,2,328.49,42,149,2,2026-04-25 05:37:22
T-10877,C-0003,2026-04-24 08:18:10,chat,account,2,,20,22,2,2026-04-25 06:17:26
T-10878,C-0007,2026-04-24 08:28:13,web_form,delivery,2,72.31,142,24,2,2026-04-26 17:38:15
T-10879,C-0024,2026-04-24 09:48:45,email,returns,2,87.24,148,172,2,2026-04-25 10:08:23
T-10880,C-0192,2026-04-24 09:54:39,web_form,delivery,3,72.64,89,254,3,2026-04-25 19:44:11
T-10881,C-0207,2026-04-24 12:21:01,chat,payment,2,79.42,158,33,2,2026-05-01 13:10:02
T-10882,C-0147,2026-04-24 12:44:42,web_form,account,2,,84,138,2,2026-04-26 01:16:14
T-10883,C-0115,2026-04-24 15:11:53,chat,returns,3,22.73,94,584,3,2026-04-27 04:20:22
T-10884,C-0236,2026-04-24 17:43:49,chat,payment,2,174.06,115,62,2,2026-04-25 08:27:18
T-10885,C-0201,2026-04-25 10:13:31,email,delivery,2,20.05,95,2,2,2026-04-27 18:12:49
T-10886,C-0236,2026-04-25 10:22:04,,warranty,2,85.88,178,107,2,2026-04-25 13:10:36
T-10887,C-0242,2026-04-25 20:19:08,email,returns,2,113.72,179,45,1,2026-05-01 17:59:36
T-10888,C-0168,2026-04-26 17:04:14,email,payment,3,521.58,60,6,1,2026-04-28 07:43:46
T-10889,C-0099,2026-04-26 17:16:02,chat,delivery,3,117.75,86,8,3,2026-04-26 23:16:33
T-10890,C-0050,2026-04-26 21:14:13,chat,account,2,,28,91,2,2026-04-27 07:42:25
T-10891,C-0096,2026-04-26 22:19:29,chat,returns,2,78.31,70,57,2,2026-04-27 12:46:35
T-10892,C-0053,2026-04-27 07:43:42,chat,returns,3,54.24,342,17,3,2026-04-28 15:55:24
T-10893,C-0227,2026-04-27 08:17:38,phone,account,2,,94,32,2,2026-04-29 02:57:50
T-10894,C-0064,2026-04-27 08:41:20,phone,returns,1,154.07,295,42,1,2026-04-28 07:08:19
T-10895,C-0058,2026-04-27 08:57:16,chat,delivery,3,28.5,195,72,3,2026-04-27 22:14:03
T-10896,C-0162,2026-04-27 09:03:58,phone,account,2,,149,32,2,2026-04-30 15:19:48
T-10897,C-0069,2026-04-27 10:00:01,web_form,delivery,3,345.68,305,417,3,2026-04-27 11:34:54
T-10898,C-0194,2026-04-27 10:02:03,phone,warranty,2,140.75,20,167,2,2026-04-28 05:05:39
T-10899,,2026-04-27 10:48:43,phone,returns,3,369.92,121,520,3,2026-04-28 17:08:33
T-10900,C-0014,2026-04-27 13:34:11,web_form,account,2,,132,306,2,2026-05-02 04:24:46
T-10901,C-0119,2026-04-27 14:20:17,email,delivery,2,88.27,61,305,2,2026-05-03 00:49:25
T-10902,C-0226,2026-04-27 14:21:28,web_form,delivery,3,62.48,35,93,3,2026-04-29 22:07:26
T-10903,C-0112,2026-04-27 16:05:25,chat,account,3,,69,75,3,2026-04-27 21:12:15
T-10904,C-0185,2026-04-27 16:54:03,web_form,payment,2,40.15,67,198,2,2026-04-28 21:28:09
T-10905,C-0205,2026-04-27 18:25:40,chat,account,2,,70,168,2,2026-04-29 06:45:21
T-10906,C-0163,2026-04-27 18:33:35,chat,warranty,2,32.71,47,59,2,2026-04-28 00:02:34
T-10907,C-0096,2026-04-27 20:56:26,chat,delivery,2,223.15,66,358,2,2026-04-28 12:53:57
T-10908,C-0114,2026-04-28 07:54:27,phone,delivery,3,60.72,228,324,3,2026-04-28 16:51:06
T-10909,C-0169,2026-04-28 08:01:45,chat,payment,1,110.97,365,485,1,2026-05-02 05:02:34
T-10910,C-0165,2026-04-28 09:03:36,email,payment,3,91.28,76,56,3,2026-04-29 05:29:48
T-10911,C-0130,2026-04-28 09:41:37,chat,account,2,,36,622,2,2026-04-29 09:19:01
T-10912,C-0228,2026-04-28 10:00:53,email,returns,3,33.02,83,10,3,2026-04-29 08:35:29
T-10913,C-0194,2026-04-28 13:28:54,email,account,3,,277,85,3,2026-04-29 02:03:55
T-10914,,2026-04-28 13:49:27,web_form,delivery,2,51.92,207,176,2,2026-04-29 16:58:21
T-10915,C-0073,2026-04-28 14:20:03,chat,returns,3,80.11,54,382,3,2026-04-30 22:38:55
T-10916,C-0096,2026-04-28 15:59:19,chat,returns,3,221.29,65,21,3,2026-04-29 10:17:12
T-10917,C-0021,2026-04-28 17:59:04,email,returns,2,39.53,66,210,2,2026-04-29 10:06:47
T-10918,C-0120,2026-04-29 07:26:32,phone,warranty,3,60.54,126,146,3,2026-04-29 18:22:11
T-10919,C-0206,2026-04-29 08:52:39,email,payment,2,59.23,105,8,2,2026-04-30 00:19:05
T-10920,C-0086,2026-04-29 10:38:16,email,delivery,3,232.76,72,45,3,2026-04-29 23:29:32
T-10921,C-0227,2026-04-29 13:04:28,chat,account,3,,82,65,3,2026-05-06 02:11:03
T-10922,C-0170,2026-04-29 16:16:51,email,delivery,3,205.76,80,5,3,2026-04-30 12:30:49
T-10923,C-0211,2026-04-29 19:47:36,email,account,3,,16,94,3,2026-04-30 11:12:35
T-10924,C-0052,2026-04-30 06:35:02,email,returns,3,237.84,123,11,1,2026-05-05 15:53:05
T-10925,C-0036,2026-04-30 08:31:14,chat,delivery,2,142.97,48,150,2,2026-05-02 14:46:37
T-10926,C-0152,2026-04-30 09:30:43,chat,warranty,3,169.12,42,88,3,2026-05-01 10:33:55
T-10927,C-0152,2026-04-30 14:32:33,email,account,1,,66,18,1,2026-05-02 06:54:20
T-10928,C-0237,2026-04-30 21:28:26,chat,delivery,2,33.25,168,129,2,2026-05-05 09:23:09
T-10929,C-0096,2026-04-30 23:54:47,email,delivery,2,165.08,68,5,1,2026-05-02 21:20:24
T-10930,C-0124,2026-05-01 11:14:19,email,returns,1,49.73,83,76,1,2026-05-03 07:08:14
T-10931,C-0089,2026-05-01 14:36:35,email,warranty,2,55.92,157,2,1,2026-05-04 10:14:06
T-10932,C-0151,2026-05-01 15:15:10,web_form,returns,3,23.91,398,128,3,2026-05-02 10:26:06
T-10933,C-0027,2026-05-01 16:09:51,email,warranty,2,164.83,292,40,1,2026-05-07 23:08:56
T-10934,C-0173,2026-05-02 00:02:03,email,delivery,2,57.6,125,74,2,2026-05-03 02:20:56
T-10935,C-0037,2026-05-02 15:41:16,phone,delivery,3,77.6,178,36,3,2026-05-05 02:30:01
T-10936,C-0039,2026-05-03 10:16:07,phone,delivery,3,35.82,52,54,3,2026-05-05 21:46:41
T-10937,C-0139,2026-05-03 20:26:56,chat,payment,3,21.96,46,53,3,2026-05-04 03:24:19
T-10938,C-0156,2026-05-03 20:41:51,web_form,returns,3,107.64,107,271,3,2026-05-04 07:22:24
T-10939,C-0105,2026-05-04 08:43:07,web_form,delivery,2,23.67,66,22,2,2026-05-04 21:53:12
T-10940,C-0105,2026-05-04 08:47:19,chat,delivery,1,35.18,60,35,1,2026-05-07 07:24:27
T-10941,C-0155,2026-05-04 12:35:05,email,warranty,2,64.2,113,27,2,2026-05-04 13:55:52
T-10942,C-0201,2026-05-04 18:06:08,phone,delivery,3,244.07,77,24,1,2026-05-07 00:27:08
T-10943,C-0207,2026-05-04 19:42:28,email,payment,3,259.8,52,107,3,2026-05-05 12:15:53
T-10944,C-0071,2026-05-05 07:13:35,chat,account,2,,76,344,2,2026-05-05 19:03:22
T-10945,C-0070,2026-05-05 07:45:09,phone,warranty,3,141.86,46,17,1,2026-05-07 02:24:39
T-10946,C-0096,2026-05-05 08:27:27,chat,warranty,3,20.86,60,42,1,2026-05-07 15:38:50
T-10947,C-0161,2026-05-05 11:36:48,chat,delivery,2,142.4,88,86,2,2026-05-05 22:58:48
T-10947,C-0161,2026-05-05 11:36:48,chat,delivery,2,142.4,88,86,2,2026-05-05 22:58:48
T-10948,C-0124,2026-05-05 12:13:11,chat,account,3,,264,55,3,2026-05-05 20:03:07
T-10949,C-0219,2026-05-05 14:11:37,phone,account,1,,56,196,1,2026-05-06 16:17:05
T-10950,C-0027,2026-05-05 14:21:42,email,delivery,2,80.67,44,37,2,2026-05-05 17:30:24
T-10951,C-0179,2026-05-05 16:52:22,email,payment,3,42.99,147,24,3,2026-05-08 09:22:29
T-10952,C-0099,2026-05-05 18:39:48,email,warranty,3,49.8,204,3,1,2026-05-06 19:20:19
T-10953,C-0207,2026-05-05 19:07:55,,delivery,2,35.02,285,27,1,2026-05-06 00:10:02
T-10954,C-0050,2026-05-05 19:43:24,chat,delivery,2,121.23,95,293,2,2026-05-06 00:56:05
T-10955,C-0019,2026-05-05 21:26:06,email,warranty,3,57.4,121,111,3,2026-05-10 10:59:03
T-10956,C-0014,2026-05-05 21:54:25,chat,returns,3,54.82,72,105,3,2026-05-07 23:34:39
T-10957,C-0209,2026-05-06 09:27:20,email,payment,3,65.83,30,510,3,2026-05-08 04:27:30
T-10958,C-0024,2026-05-06 09:33:22,web_form,returns,1,274.61,45,2,1,2026-05-07 01:16:27
T-10959,C-0104,2026-05-06 11:27:49,email,returns,2,117.1,246,110,2,2026-05-06 21:22:38
T-10960,C-0120,2026-05-06 19:16:02,,returns,3,81.12,96,34,1,2026-05-10 20:05:26
T-10961,C-0019,2026-05-07 02:57:15,email,account,3,,117,324,3,2026-05-07 09:24:33
T-10962,C-0194,2026-05-07 06:58:58,email,account,2,,55,12,2,2026-05-07 22:04:49
T-10963,C-0066,2026-05-07 07:49:06,email,account,3,,203,31,1,2026-05-10 08:00:13
T-10964,C-0198,2026-05-07 09:15:48,,warranty,2,32.65,71,97,2,2026-05-08 12:13:52
T-10965,C-0111,2026-05-07 10:24:04,phone,returns,3,328.25,44,23,3,2026-05-07 22:04:19
T-10966,C-0119,2026-05-07 10:46:31,chat,warranty,3,-1,96,24,1,2026-05-10 00:21:35
T-10967,C-0187,2026-05-07 11:02:03,web_form,payment,3,108.99,102,98,3,2026-05-07 22:55:19
T-10968,C-0069,2026-05-07 11:59:07,chat,account,1,,72,2,1,2026-05-13 02:00:03
T-10969,C-0189,2026-05-07 11:59:42,chat,delivery,3,6.36,56,259,3,2026-05-08 12:36:21
T-10970,C-0236,2026-05-07 14:01:35,email,delivery,2,60.66,192,189,2,2026-05-08 12:55:03
T-10971,C-0207,2026-05-07 15:38:47,chat,payment,2,158.97,46,13,1,2026-05-11 00:03:52
T-10972,C-0210,2026-05-07 16:19:23,email,warranty,3,32.6,88,18,1,2026-05-10 14:20:56
T-10973,C-0075,2026-05-07 16:44:03,chat,returns,3,17.16,101,250,3,2026-05-09 22:17:39
T-10974,C-0025,2026-05-07 19:33:45,chat,delivery,3,79.1,266,171,3,2026-05-08 06:58:47
T-10975,C-0169,2026-05-07 19:49:02,email,returns,3,340.48,197,7,1,2026-05-10 10:46:07
T-10976,C-0233,2026-05-07 20:11:34,phone,returns,3,50.0,156,30,1,2026-05-09 08:47:56
T-10977,C-0207,2026-05-07 21:51:16,web_form,account,3,,138,64,3,2026-05-08 19:51:52
T-10978,C-0025,2026-05-07 21:53:17,email,payment,3,333.49,35,40,3,2026-05-08 09:11:09
T-10979,C-0172,2026-05-07 22:27:09,email,warranty,3,59.58,300,159,3,2026-05-07 22:50:04
T-10980,C-0052,2026-05-08 05:08:09,email,payment,1,119.73,102,19,1,2026-05-08 11:57:33
T-10981,,2026-05-08 08:12:56,phone,warranty,3,166.29,109,22,1,2026-05-13 02:58:34
T-10982,C-0207,2026-05-08 10:51:32,phone,account,3,,59,286,3,2026-05-09 07:45:03
T-10983,C-0226,2026-05-08 12:54:19,email,payment,3,49.9,89,46,3,2026-05-09 03:49:23
T-10984,C-0182,2026-05-09 08:51:36,web_form,delivery,3,123.03,120,31,3,2026-05-10 03:10:04
T-10985,C-0207,2026-05-09 11:19:18,email,warranty,3,221.28,261,19,3,2026-05-09 19:12:22
T-10986,C-0119,2026-05-09 14:59:58,email,delivery,2,23.58,84,216,2,2026-05-15 02:48:01
T-10987,C-0155,2026-05-09 16:00:47,phone,account,2,,119,49,2,2026-05-10 04:05:19
T-10988,C-0206,2026-05-09 18:57:13,email,delivery,2,286.28,61,21,2,2026-05-10 10:23:23
T-10989,C-0050,2026-05-09 19:30:06,chat,returns,1,170.02,69,18,1,2026-05-13 00:00:41
T-10990,C-0107,2026-05-10 10:58:05,email,returns,3,59.84,112,32,3,2026-05-15 05:17:13
T-10991,C-0012,2026-05-10 14:34:07,email,account,3,,60,60,3,2026-05-11 04:23:56
T-10992,C-0162,2026-05-10 16:52:02,email,delivery,3,388.91,106,94,3,2026-05-11 19:11:58
T-10993,C-0058,2026-05-11 07:39:20,web_form,returns,3,815.47,63,114,3,2026-05-13 07:17:45
T-10994,C-0017,2026-05-11 07:50:38,email,delivery,2,48.02,71,163,2,2026-05-13 18:45:06
T-10995,C-0227,2026-05-11 08:22:05,chat,returns,3,165.69,139,78,3,2026-05-12 17:33:54
T-10996,C-0165,2026-05-11 10:10:54,web_form,payment,1,36.24,54,30,1,2026-05-13 15:21:08
T-10997,C-0027,2026-05-11 13:30:14,chat,returns,3,116.09,69,12,3,2026-05-14 03:41:52
T-10998,C-0224,2026-05-11 17:58:35,email,delivery,2,45.42,134,79,2,2026-05-13 18:17:26
T-10999,C-0236,2026-05-11 19:51:29,chat,returns,3,50.89,63,17,1,2026-05-14 21:04:01
T-11000,C-0063,2026-05-12 01:19:01,chat,returns,3,209.02,359,284,3,2026-05-12 11:13:05
T-11001,C-0169,2026-05-12 07:01:15,email,payment,3,157.36,130,351,3,2026-05-13 06:55:37
T-11002,C-0155,2026-05-12 07:27:02,Email,payment,3,140.19,128,41,3,2026-05-16 17:25:35
T-11003,C-0027,2026-05-12 14:33:49,chat,account,2,,100,163,2,2026-05-13 11:53:39
T-11004,C-0207,2026-05-12 15:33:13,chat,returns,3,168.48,86,27,3,2026-05-13 15:24:46
T-11005,C-0194,2026-05-12 17:58:05,chat,payment,1,44.3,245,4,1,2026-05-14 14:29:58
T-11006,C-0118,2026-05-12 18:02:04,chat,delivery,3,12.09,86,5,3,2026-05-14 20:25:03
T-11007,C-0024,2026-05-12 18:09:57,chat,delivery,2,146.0,122,283,2,2026-05-14 08:18:45
T-11008,C-0181,2026-05-12 18:24:25,email,returns,3,59.64,97,303,3,2026-05-13 06:20:22
T-11009,C-0026,2026-05-12 20:06:00,web_form,delivery,3,70.84,51,83,3,2026-05-13 21:59:22
T-11010,C-0115,2026-05-13 02:32:42,phone,warranty,2,98.42,171,198,2,2026-05-16 00:53:14
T-11011,C-0084,2026-05-13 03:22:07,web_form,payment,3,39.86,146,20,3,2026-05-14 06:58:15
T-11012,C-0162,2026-05-13 08:36:36,chat,payment,2,84.0,38,87,2,2026-05-14 13:41:31
T-11013,C-0201,2026-05-13 09:10:22,chat,returns,1,60.47,66,16,1,2026-05-14 21:59:20
T-11014,C-0094,2026-05-13 11:25:10,phone,delivery,1,184.47,142,5,1,2026-05-14 18:53:27
T-11015,C-0055,2026-05-13 13:34:19,web_form,returns,1,476.4,75,19,1,2026-05-14 12:15:01
T-11016,C-0194,2026-05-13 14:32:47,web_form,account,3,,56,58,3,2026-05-14 15:04:04
T-11017,C-0138,2026-05-13 20:21:48,chat,delivery,3,156.22,36,38,3,2026-05-15 03:01:14
T-11018,C-0099,2026-05-13 20:40:23,chat,warranty,1,150.82,62,21,1,2026-05-15 12:27:39
T-11019,C-0226,2026-05-13 21:12:35,web_form,warranty,3,88.59,72,5,3,2026-05-14 17:40:07
T-11020,C-0162,2026-05-13 21:40:11,chat,delivery,2,217.67,74,17,2,2026-05-14 09:44:37
T-11021,C-0152,2026-05-13 21:51:19,email,returns,3,45.11,69,165,3,2026-05-14 20:30:23
T-11022,C-0027,2026-05-14 08:11:06,Email,account,3,,108,84,3,2026-05-17 06:54:53
T-11023,C-0203,2026-05-14 08:21:08,chat,payment,1,57.99,109,80,1,2026-05-14 17:52:16
T-11024,C-0024,2026-05-14 11:35:17,chat,delivery,3,157.22,79,557,3,2026-05-16 03:13:36
T-11025,C-0161,2026-05-14 17:42:33,email,payment,3,57.26,145,83,3,2026-05-15 05:54:19
T-11026,C-0239,2026-05-14 18:13:51,chat,returns,2,74.29,149,144,2,2026-05-17 07:12:46
T-11027,C-0155,2026-05-14 19:49:18,phone,returns,2,49.83,135,30,2,2026-05-15 07:03:16
T-11028,C-0119,2026-05-15 07:26:27,email,warranty,2,71.96,68,62,1,2026-05-16 00:13:51
T-11029,C-0162,2026-05-15 13:16:07,phone,returns,3,114.09,97,200,3,2026-05-16 12:54:48
T-11030,C-0226,2026-05-15 13:43:48,email,warranty,2,60.53,164,24,1,2026-05-19 16:24:09
T-11031,C-0115,2026-05-15 16:40:00,email,delivery,3,123.81,48,43,3,2026-05-15 21:19:33
T-11032,C-0233,2026-05-15 20:09:56, chat,returns,2,50.73,48,129,2,2026-05-17 13:47:04
T-11033,C-0050,2026-05-15 20:44:16,email,account,3,,111,32,3,2026-05-16 05:21:30
T-11034,C-0227,2026-05-15 20:53:36,chat,payment,1,107.51,382,136,1,2026-05-15 20:59:25
T-11035,C-0114,2026-05-16 02:11:18,email,payment,2,43.99,96,11,1,2026-05-18 22:47:17
T-11036,C-0207,2026-05-16 08:59:02,chat,delivery,3,131.27,202,43,3,2026-05-21 22:51:47
T-11037,C-0050,2026-05-16 09:42:54,email,returns,2,100.72,88,270,2,2026-05-17 14:39:46
T-11038,C-0191,2026-05-16 11:51:50,email,account,2,,356,9,2,2026-05-17 03:47:03
T-11039,C-0207,2026-05-16 12:24:53,chat,warranty,2,142.12,85,101,1,2026-05-21 06:33:05
T-11040,C-0236,2026-05-16 13:36:42,chat,payment,3,36.83,55,623,3,2026-05-18 01:40:42
T-11041,C-0207,2026-05-16 17:16:05,web_form,payment,3,50.82,87,176,3,2026-05-17 03:42:48
T-11042,C-0177,2026-05-16 21:04:14,phone,account,2,,110,41,2,2026-05-17 10:36:44
T-11043,C-0096,2026-05-17 08:08:52,web_form,delivery,2,84.72,53,155,2,2026-05-18 10:31:44
T-11044,C-0207,2026-05-17 18:29:27,phone,warranty,3,163.18,92,86,3,2026-05-19 03:02:19
T-11045,C-0181,2026-05-18 07:09:51,email,warranty,3,37.11,42,25,3,2026-05-21 17:40:56
T-11046,C-0119,2026-05-18 11:18:53,email,payment,1,20.97,87,54,1,2026-05-19 01:10:18
T-11047,C-0236,2026-05-18 13:27:18,phone,payment,1,47.99,23,12,1,2026-05-21 17:23:28
T-11048,C-0115,2026-05-18 15:48:45,web_form,returns,3,44.59,70,17,3,2026-05-19 09:36:03
T-11049,C-0194,2026-05-18 16:19:35,chat,warranty,3,279.59,57,86,3,2026-05-19 05:13:51
T-11050,C-0130,2026-05-18 18:03:20,email,returns,3,72.54,58,40,3,2026-05-20 15:14:46
T-11051,C-0038,2026-05-18 20:49:33,chat,delivery,1,56.09,127,27,1,2026-05-23 02:59:17
T-11052,C-0152,2026-05-19 07:41:47,chat,returns,2,28.95,119,34,2,2026-05-20 00:03:00
T-11053,C-0210,2026-05-19 07:54:47,phone,warranty,1,42.19,224,23,1,2026-05-21 07:38:49
T-11054,C-0101,2026-05-19 10:13:05,email,delivery,1,27.32,177,15,1,2026-05-21 16:33:45
T-11055,C-0043,2026-05-19 10:56:02,phone,returns,1,132.36,56,5,1,2026-05-20 03:55:52
T-11056,C-0054,2026-05-19 11:26:00,chat,returns,3,39.15,119,149,3,2026-05-27 04:53:07
T-11057,C-0226,2026-05-19 12:01:47,email,delivery,3,109.94,101,101,3,2026-05-20 09:03:35
T-11058,C-0236,2026-05-19 14:38:28,email,warranty,2,40.92,53,175,2,2026-05-20 09:36:21
T-11059,C-0012,2026-05-19 15:08:42,email,delivery,1,225.59,127,175,1,2026-05-19 23:09:03
T-11060,C-0177,2026-05-19 16:08:44,email,delivery,2,222.06,173,76,2,2026-05-19 22:49:40
T-11061,C-0065,2026-05-19 20:23:18,chat,returns,3,86.69,158,56,3,2026-05-21 07:20:06
T-11062,C-0030,2026-05-19 20:27:00,web_form,returns,2,164.62,140,2,2,2026-05-21 12:30:16
T-11063,C-0170,2026-05-20 01:08:32,phone,delivery,3,34.48,60,56,3,2026-05-22 10:08:06
T-11064,C-0227,2026-05-20 07:08:53,chat,delivery,2,234.74,242,162,2,2026-05-21 22:46:55
T-11065,C-0226,2026-05-20 11:36:24,phone,delivery,3,267.74,208,24,3,2026-05-20 23:53:42
T-11066,C-0207,2026-05-20 11:44:46,chat,delivery,1,14.82,56,76,1,2026-05-26 22:12:15
T-11067,C-0158,2026-05-20 14:55:21,web_form,warranty,3,64.03,121,67,1,2026-05-22 02:29:21
T-11068,C-0159,2026-05-20 15:06:34,email,payment,3,57.4,63,267,3,2026-05-21 18:46:10
T-11069,C-0096,2026-05-20 16:05:12,phone,delivery,2,62.43,157,111,2,2026-05-22 00:51:26
T-11070,C-0162,2026-05-20 16:14:47,chat,delivery,3,45.86,149,30,3,2026-05-22 02:54:04
T-11071,C-0119,2026-05-20 16:42:23,email,account,2,,69,141,2,2026-05-21 16:30:39
T-11072,C-0024,2026-05-20 17:17:43,email,payment,1,442.44,56,369,1,2026-05-20 19:35:31
T-11073,C-0057,2026-05-20 17:59:03,Email,account,1,,109,10,1,2026-05-23 19:27:52
T-11074,C-0058,2026-05-20 21:01:37,email,account,3,,179,87,3,2026-05-22 02:33:38
T-11075,C-0191,2026-05-21 09:58:26,chat,returns,3,53.99,64,426,3,2026-05-22 10:03:48
T-11076,C-0092,2026-05-21 10:03:29,web_form,warranty,3,40.18,52,143,3,2026-05-22 07:34:24
T-11077,C-0236,2026-05-21 15:57:31,chat,returns,3,250.38,180,14,1,2026-05-22 16:04:30
T-11078,C-0034,2026-05-21 16:43:09,web_form,delivery,3,14.65,70,287,3,2026-05-22 09:39:43
T-11079,C-0104,2026-05-21 17:35:25,email,returns,3,43.92,88,191,3,2026-05-23 12:16:34
T-11080,C-0236,2026-05-21 20:19:13,Email,delivery,3,147.12,265,138,3,2026-05-22 23:31:18
T-11081,C-0207,2026-05-22 07:19:36,chat,returns,3,102.63,323,55,3,2026-05-24 10:05:03
T-11081,C-0207,2026-05-22 07:19:36,chat,returns,3,102.63,323,55,3,2026-05-24 10:05:03
T-11082,C-0025,2026-05-22 08:52:24,email,delivery,3,32.45,70,2,3,2026-05-22 21:31:12
T-11083,C-0107,2026-05-22 09:01:12,phone,payment,1,440.34,57,2,1,2026-06-03 03:14:44
T-11084,C-0206,2026-05-22 09:55:02,chat,payment,3,99.17,48,34,3,2026-05-23 15:14:12
T-11085,C-0094,2026-05-22 10:58:45,phone,returns,2,44.7,190,176,2,2026-05-23 21:43:47
T-11086,C-0191,2026-05-22 14:59:37,chat,returns,2,176.93,130,114,2,2026-05-22 22:55:44
T-11087,C-0145,2026-05-22 15:39:57,chat,warranty,3,168.47,89,56,1,2026-05-27 18:06:20
T-11088,C-0024,2026-05-22 16:19:05,email,account,1,,117,2,1,2026-05-23 14:21:49
T-11089,C-0236,2026-05-22 16:37:53,chat,returns,3,242.03,74,57,3,2026-05-23 17:21:03
T-11090,C-0227,2026-05-22 20:11:16,web_form,delivery,3,177.05,204,190,3,2026-05-23 03:01:32
T-11091,C-0155,2026-05-23 02:09:51,chat,delivery,3,210.91,101,13,1,2026-05-23 13:17:55
T-11092,C-0071,2026-05-23 07:42:31,chat,payment,2,432.44,116,253,2,2026-05-23 11:30:29
T-11093,C-0050,2026-05-23 09:57:42,chat,delivery,2,123.5,122,80,2,2026-05-24 17:58:10
T-11094,C-0227,2026-05-23 11:38:43,email,account,1,,33,112,1,2026-05-23 12:06:08
T-11095,C-0120,2026-05-23 16:36:02,email,payment,3,42.14,112,83,3,2026-05-24 20:38:15
T-11096,C-0014,2026-05-23 20:13:59,web_form,warranty,1,86.49,103,21,1,2026-05-26 02:08:06
T-11097,C-0226,2026-05-24 07:57:22,chat,returns,3,172.26,180,367,3,2026-05-24 13:36:41
T-11098,C-0139,2026-05-24 11:28:00,web_form,payment,3,239.95,49,12,1,2026-05-29 10:42:35
T-11099,C-0090,2026-05-24 18:14:36,email,payment,3,61.75,102,258,3,2026-06-01 13:34:00
T-11100,C-0158,2026-05-24 19:57:51,chat,payment,3,142.15,56,57,3,2026-05-24 23:13:51
T-11101,C-0226,2026-05-25 08:49:39,email,delivery,2,258.5,40,451,2,2026-05-25 16:11:34
T-11102,C-0227,2026-05-25 09:13:58,chat,delivery,3,436.5,54,93,3,2026-05-31 08:33:19
T-11103,C-0012,2026-05-25 09:37:06,phone,payment,1,72.36,115,205,1,2026-05-25 16:02:20
T-11104,C-0128,2026-05-25 10:02:00,email,payment,2,16.15,82,315,2,2026-05-25 14:03:24
T-11105,C-0169,2026-05-25 10:37:54,web_form,account,2,,23,20,2,2026-05-26 02:21:52
T-11106,C-0146,2026-05-25 10:58:12,web_form,delivery,2,137.47,137,211,2,2026-05-25 15:14:48
T-11107,C-0233,2026-05-25 15:29:57,email,account,2,,60,476,2,2026-05-25 18:58:04
T-11108,C-0219,2026-05-25 15:50:12,web_form,payment,2,258.35,114,171,2,2026-05-26 02:28:25
T-11109,C-0052,2026-05-25 19:41:30,phone,payment,1,101.97,30,37,1,2026-05-26 11:50:08
T-11110,C-0007,2026-05-25 19:58:13,email,account,2,,104,197,2,2026-05-26 12:13:52
T-11111,C-0155,2026-05-25 20:15:46,phone,payment,3,166.14,83,30,1,2026-05-30 06:48:36
T-11112,C-0096,2026-05-26 09:32:08,chat,account,3,,86,60,3,2026-05-28 02:35:13
T-11113,C-0105,2026-05-26 10:02:20,web_form,returns,3,161.31,58,295,3,2026-05-28 17:56:04
T-11114,C-0239,2026-05-26 10:15:01,email,returns,3,40.22,96,74,3,2026-05-26 17:11:55
T-11115,C-0188,2026-05-26 10:56:45,web_form,returns,1,67.18,93,33,1,2026-05-28 15:01:33
T-11116,C-0178,2026-05-26 12:38:52,web_form,warranty,3,103.49,78,82,3,2026-05-27 08:48:02
T-11117,C-0007,2026-05-26 20:54:31,email,payment,3,81.05,83,332,3,2026-05-27 21:06:43
T-11118,C-0024,2026-05-27 07:19:31,email,warranty,3,123.68,61,5,3,2026-05-28 21:35:27
T-11119,C-0028,2026-05-27 07:44:37,chat,warranty,2,14.1,144,2,1,2026-06-01 00:42:39
T-11120,C-0219,2026-05-27 07:59:44,web_form,payment,1,53.74,40,30,1,2026-05-28 03:19:03
T-11121,C-0076,2026-05-27 11:03:33,email,delivery,2,46.72,40,253,2,2026-05-27 15:19:34
T-11122,C-0125,2026-05-27 11:35:58,web_form,payment,2,135.16,134,28,1,2026-05-29 09:24:38
T-11123,C-0114,2026-05-27 12:04:52,chat,account,2,,65,187,2,2026-05-28 00:13:41
T-11124,C-0210,2026-05-27 12:30:25,phone,delivery,3,17.58,114,27,3,2026-05-27 13:51:33
T-11125,C-0199,2026-05-27 12:34:08,web_form,delivery,3,107.56,65,87,3,2026-05-28 07:10:39
T-11126,C-0201,2026-05-27 12:53:15,email,returns,3,59.39,74,5,3,2026-05-28 03:20:58
T-11127,C-0039,2026-05-27 18:40:40,phone,returns,3,146.41,59,179,3,2026-05-30 14:27:40
T-11128,C-0024,2026-05-27 21:27:32,chat,returns,2,100.86,62,208,2,2026-05-31 09:12:49
T-11129,C-0236,2026-05-28 07:03:55,chat,delivery,2,378.12,101,261,2,2026-05-31 22:11:02
T-11130,C-0099,2026-05-28 08:20:32,email,returns,3,137.17,145,40,3,2026-05-28 10:15:27
T-11131,C-0063,2026-05-28 08:43:18,phone,delivery,3,115.51,85,378,3,2026-05-29 03:24:04
T-11132,C-0072,2026-05-28 09:47:01,,delivery,3,440.03,99,71,3,2026-05-29 14:01:09
T-11133,C-0155,2026-05-28 11:34:11,email,warranty,2,194.83,95,44,2,2026-06-04 12:07:59
T-11134,C-0107,2026-05-28 14:53:30,chat,delivery,2,248.31,85,104,2,2026-05-29 10:43:04
T-11135,C-0145,2026-05-28 14:57:06,chat,returns,2,25.03,77,15,1,2026-05-31 11:10:12
T-11136,C-0165,2026-05-28 18:28:57,email,warranty,3,101.35,121,7,1,2026-06-07 19:00:33
T-11137,C-0217,2026-05-28 20:50:38,email,delivery,3,89.51,64,66,3,2026-05-28 23:03:41
T-11138,C-0226,2026-05-28 21:03:56,email,delivery,2,208.56,91,471,2,2026-05-31 11:40:17
T-11139,C-0227,2026-05-29 08:59:01,email,delivery,3,51.88,141,217,3,2026-05-30 12:55:09
T-11140,C-0109,2026-05-29 11:48:13,email,account,3,,139,129,3,2026-05-29 20:08:07
T-11141,C-0176,2026-05-29 17:39:48,email,account,2,,38,116,2,2026-05-31 17:26:26
T-11142,C-0226,2026-05-29 18:05:45,chat,delivery,2,84.22,252,98,2,2026-05-29 23:40:52
T-11143,C-0061,2026-05-29 19:18:58,phone,payment,3,74.71,43,35,3,2026-05-30 01:48:33
T-11143,C-0061,2026-05-29 19:18:58,phone,payment,3,74.71,43,35,3,2026-05-30 01:48:33
T-11144,C-0209,2026-05-29 19:31:31,chat,delivery,2,14.14,94,112,2,2026-05-31 18:04:50
T-11145,C-0007,2026-05-29 20:26:44,phone,returns,2,178.35,0,6,1,2026-05-30 17:56:26
T-11146,C-0057,2026-05-30 06:40:35,email,payment,1,86.39,91,270,1,2026-05-30 15:15:05
T-11147,C-0014,2026-05-30 09:00:28,web_form,warranty,3,38.14,41,9,3,2026-05-31 15:00:04
T-11148,C-0155,2026-05-30 10:30:34,email,payment,1,49.97,380,2,1,2026-05-31 21:54:03
T-11149,C-0054,2026-05-30 11:22:15,email,warranty,3,123.66,93,34,1,2026-06-03 07:53:24
T-11149,C-0054,2026-05-30 11:22:15,email,warranty,3,123.66,93,34,1,2026-06-03 07:53:24
T-11150,C-0226,2026-05-30 12:39:50,email,payment,1,140.08,125,46,1,2026-06-01 08:40:12
T-11151,C-0227,2026-05-30 15:02:00,phone,warranty,1,114.82,67,285,1,2026-05-31 02:03:05
T-11152,C-0126,2026-05-30 16:43:56,chat,delivery,2,129.15,227,676,2,2026-05-31 22:48:35
T-11153,C-0147,2026-05-31 07:04:49,phone,payment,3,40.89,94,28,1,2026-06-01 07:12:00
T-11154,C-0169,2026-05-31 07:42:03,email,payment,2,76.63,99,39,2,2026-06-03 15:10:04
T-11155,C-0058,2026-05-31 20:18:27,chat,delivery,3,80.6,113,180,3,2026-06-02 09:39:01
T-11156,C-0226,2026-05-31 20:57:12,web_form,delivery,3,481.12,177,129,3,2026-06-01 13:12:23
T-11157,C-0099,2026-06-01 08:42:16,email,payment,3,347.77,112,36,1,2026-06-04 04:45:00
T-11158,C-0113,2026-06-01 09:14:40,email,warranty,3,139.7,114,589,3,2026-06-02 04:20:13
T-11159,C-0017,2026-06-01 11:08:48,email,delivery,3,159.82,25,269,3,2026-06-02 02:58:59
T-11160,C-0024,2026-06-01 13:06:24,chat,account,2,,109,226,2,2026-06-03 11:26:34
T-11161,C-0159,2026-06-01 14:16:39,email,warranty,3,166.45,99,16,1,2026-06-02 23:31:24
T-11162,C-0141,2026-06-01 16:32:13,chat,returns,1,149.21,47,62,1,2026-06-03 01:59:35
T-11163,C-0014,2026-06-01 17:32:10,chat,returns,3,326.87,188,181,3,2026-06-02 12:15:31
T-11164,C-0207,2026-06-01 18:24:35,email,warranty,3,288.04,68,55,3,2026-06-02 20:14:30
T-11165,C-0046,2026-06-01 20:13:37,phone,returns,3,145.38,34,169,3,2026-06-02 02:13:13
T-11166,C-0054,2026-06-01 21:20:42,Email,returns,3,22.33,226,430,3,2026-06-03 21:34:57
T-11167,C-0207,2026-06-02 07:55:56,,payment,2,31.54,39,407,2,2026-06-02 11:32:38
T-11168,C-0158,2026-06-02 08:59:04,phone,returns,3,10.13,86,238,3,2026-06-09 13:55:56
T-11169,C-0119,2026-06-02 12:01:34,chat,returns,3,72.74,33,252,3,2026-06-02 23:33:46
T-11170,C-0155,2026-06-02 13:15:13,phone,warranty,2,130.93,181,58,1,2026-06-04 11:13:01
T-11171,C-0026,2026-06-02 15:12:56,chat,payment,2,106.51,64,26,2,2026-06-02 20:24:00
T-11172,C-0145,2026-06-02 19:45:49,email,account,3,,212,109,3,2026-06-03 17:17:08
T-11173,C-0162,2026-06-02 21:43:42,email,returns,2,92.14,203,33,2,2026-06-05 18:28:27
T-11174,C-0024,2026-06-02 23:28:04,email,delivery,3,30.33,179,29,3,2026-06-03 21:29:58
T-11175,C-0226,2026-06-03 05:55:54,email,payment,1,120.67,122,9,1,2026-06-05 08:21:02
T-11176,C-0224,2026-06-03 07:12:21,email,account,3,,87,110,3,2026-06-04 10:54:27
T-11177,C-0210,2026-06-03 08:30:36,email,delivery,2,199.71,111,195,2,2026-06-04 14:20:09
T-11178,C-0236,2026-06-03 12:54:25,email,warranty,2,142.44,80,51,1,2026-06-05 21:30:59
T-11179,,2026-06-03 13:50:13,web_form,delivery,2,35.02,122,204,2,2026-06-04 16:14:49
T-11180,C-0210,2026-06-03 15:21:56,chat,delivery,1,201.38,153,379,1,2026-06-05 16:28:03
T-11181,C-0152,2026-06-03 19:26:28,web_form,warranty,3,337.44,64,85,1,2026-06-06 03:49:55
T-11182,C-0207,2026-06-03 22:10:26,chat,returns,1,43.71,54,59,1,2026-06-06 17:16:07
T-11183,C-0089,2026-06-04 08:59:25,email,payment,2,65.23,136,89,2,2026-06-05 08:59:41
T-11184,C-0155,2026-06-04 15:33:03,email,returns,2,81.78,0,338,2,2026-06-08 20:01:43
T-11185,C-0126,2026-03-25 17:00:00,email,payment,2,134.19,40,126,2,2026-06-05 09:21:05
T-11186,C-0227,2026-06-04 18:47:56,chat,returns,3,222.41,98,81,3,2026-06-05 21:20:22
T-11187,C-0194,2026-06-05 01:28:57,email,delivery,3,246.92,114,52,3,2026-06-05 10:59:36
T-11188,C-0207,2026-06-05 04:44:23,email,account,2,,65,80,2,2026-06-06 14:32:02
T-11189,C-0188,2026-06-05 07:13:24,web_form,delivery,3,72.98,102,238,3,2026-06-06 01:26:18
T-11190,C-0086,2026-06-05 09:22:59,email,account,2,,61,510,2,2026-06-07 01:51:29
T-11191,C-0028,2026-06-05 09:51:39,chat,delivery,3,40.77,236,299,3,2026-06-06 12:51:16
T-11192,C-0054,2026-06-05 10:43:48,email,delivery,2,95.63,57,275,2,2026-06-06 08:06:44
T-11193,C-0086,2026-06-05 13:35:00,chat,account,2,,15,229,2,2026-06-06 03:25:34
T-11194,C-0233,2026-06-05 14:15:35,phone,warranty,3,97.33,70,447,3,2026-06-06 13:50:11
T-11195,C-0007,2026-06-05 14:38:58,email,account,2,,105,130,2,2026-06-07 11:29:53
T-11196,C-0155,2026-06-05 15:55:03,chat,account,3,,58,165,3,2026-06-07 20:05:52
T-11197,C-0169,2026-06-05 16:42:55,web_form,payment,2,239.61,135,289,2,2026-06-08 03:01:25
T-11198,C-0226,2026-06-05 19:31:52,email,delivery,1,347.55,98,239,1,2026-06-06 22:18:05
T-11199,C-0007,2026-06-05 20:07:08,web_form,account,3,,39,6,3,2026-06-06 02:11:01
T-11200,C-0239,2026-06-06 07:04:17,email,delivery,1,75.42,40,433,1,2026-06-07 05:17:02
T-11201,C-0217,2026-06-06 13:35:10,phone,delivery,2,31.48,92,64,2,2026-06-07 00:41:32
T-11202,C-0201,2026-06-06 14:15:44,email,returns,2,60.36,88,64,2,2026-06-08 01:41:13
T-11203,C-0025,2026-06-06 14:55:53,email,returns,3,14.69,121,8,3,2026-06-08 01:27:58
T-11204,C-0092,2026-06-06 16:24:10,chat,account,3,,56,8,3,2026-06-07 14:11:47
T-11205,C-0012,2026-06-06 20:53:08,email,returns,2,160.89,62,11,1,2026-06-09 00:22:01
T-11206,C-0146,2026-06-07 09:51:15,email,warranty,3,47.86,176,35,3,2026-06-10 23:38:50
T-11207,C-0105,2026-06-07 12:21:00,web_form,returns,2,60.04,103,39,1,2026-06-08 00:46:27
T-11208,C-0153,2026-06-07 16:33:11,phone,returns,1,77.14,119,35,1,2026-06-08 17:26:15
T-11209,C-0165,2026-06-08 07:36:57,webform,warranty,3,144.42,170,343,3,2026-06-09 11:28:01
T-11210,C-0086,2026-06-08 08:18:39,chat,returns,2,196.14,81,30,2,2026-06-08 20:34:28
T-11211,C-0152,2026-06-08 10:18:02,chat,account,3,,76,5,3,2026-06-12 18:16:19
T-11212,C-0185,2026-06-08 11:50:32,chat,warranty,3,10.98,26,19,3,2026-06-08 17:31:19
T-11213,C-0104,2026-06-08 14:36:20,web_form,account,3,,38,30,3,2026-06-08 23:44:33
T-11214,C-0007,2026-06-08 17:30:37,chat,warranty,3,117.64,54,29,3,2026-06-09 14:00:50
T-11215,C-0027,2026-06-08 18:29:38,email,returns,2,51.88,111,205,2,2026-06-10 03:23:42
T-11216,C-0152,2026-06-08 18:52:37,phone,account,3,,48,120,3,2026-06-09 19:53:14
T-11217,C-0219,2026-06-08 19:21:23,email,account,2,,47,89,1,2026-06-12 08:15:09
T-11218,C-0084,2026-06-08 20:23:58,chat,delivery,3,319.47,123,528,3,2026-06-10 00:47:17
T-11219,C-0229,2026-06-09 04:18:32,web_form,delivery,3,33.98,104,73,3,2026-06-10 12:25:10
T-11220,C-0165,2026-06-09 07:05:12,chat,account,3,,83,29,3,2026-06-09 22:08:51
T-11221,C-0119,2026-06-09 10:09:00,email,delivery,3,60.16,72,642,3,2026-06-10 04:17:36
T-11222,C-0138,2026-06-09 14:17:29,email,delivery,3,33.1,96,274,3,2026-06-10 05:14:32
T-11223,C-0105,2026-06-09 17:51:32,chat,delivery,3,1185.55,156,16,1,2026-06-19 13:43:48
T-11224,C-0009,2026-05-17 23:00:00,phone,payment,1,327.74,98,11,1,2026-06-11 01:35:30
T-11225,C-0190,2026-06-10 08:22:56,chat,account,3,,49,37,3,2026-06-11 00:38:52
T-11226,C-0162,2026-06-10 09:47:38,phone,delivery,3,302.19,73,506,3,2026-06-11 23:39:20
T-11227,C-0024,2026-06-10 10:49:00,email,warranty,3,164.13,65,98,3,2026-06-11 23:26:38
T-11228,C-0162,2026-06-10 11:57:34,web_form,account,2,,88,12,2,2026-06-11 06:41:19
T-11229,C-0162,2026-06-10 15:15:55,email,account,3,,76,256,3,2026-06-11 11:33:04
T-11230,C-0024,2026-06-10 17:58:57,email,returns,2,216.71,126,134,2,2026-06-11 19:29:09
T-11231,C-0226,2026-06-10 19:15:09,email,delivery,2,137.25,129,162,2,2026-06-12 05:39:25
T-11232,C-0215,2026-06-10 19:26:14,email,payment,1,140.0,120,36,1,2026-06-13 18:54:40
T-11233,C-0024,2026-06-11 07:32:11,chat,delivery,3,96.91,41,753,3,2026-06-20 21:09:50
T-11234,C-0210,2026-06-11 09:12:02,chat,delivery,2,67.09,130,5,2,2026-06-12 10:00:21
T-11235,C-0158,2026-06-11 10:42:08,web_form,returns,3,28.6,28,32,3,2026-06-13 12:23:11
T-11236,C-0074,2026-06-11 11:14:54,chat,account,2,,270,101,2,2026-06-12 07:09:22
T-11237,C-0039,2026-06-11 11:41:50,email,account,2,,61,141,2,2026-06-11 23:22:09
T-11238,C-0058,2026-06-11 11:54:19,web_form,payment,3,78.31,50,60,3,2026-06-12 05:47:16
T-11239,C-0076,2026-06-11 13:56:20,web_form,delivery,2,24.04,230,55,2,2026-06-12 08:47:39
T-11240,C-0217,2026-06-11 16:13:27,chat,delivery,3,23.22,79,121,3,2026-06-12 11:28:02
T-11241,C-0094,2026-06-11 17:53:05,email,warranty,3,59.85,92,419,3,2026-06-18 05:09:06
T-11242,C-0189,2026-06-11 20:03:55,email,warranty,3,98.95,45,37,1,2026-06-17 09:25:03
T-11243,C-0138,2026-06-11 20:18:49,email,payment,1,20.5,118,190,1,2026-06-16 07:46:16
T-11244,C-0074,2026-06-11 21:51:02,email,payment,1,625.8,118,564,1,2026-06-14 05:48:19
T-11245,C-0207,2026-06-12 08:21:42,chat,returns,3,200.77,100,40,3,2026-06-13 05:31:50
T-11246,C-0071,2026-06-12 09:05:40,web_form,returns,3,159.0,127,214,3,2026-06-13 10:05:37
T-11247,C-0233,2026-06-12 11:40:43,web_form,returns,2,66.19,31,21,2,2026-06-13 21:31:46
T-11248,C-0165,2026-06-12 12:26:47,phone,returns,2,28.03,80,60,2,2026-06-14 07:49:37
T-11249,C-0163,2026-06-12 14:17:47,web_form,warranty,3,62.65,240,29,3,2026-06-13 17:03:25
T-11250,C-0050,2026-06-12 14:59:54,email,returns,3,37.82,134,255,3,2026-06-13 23:53:18
T-11251,C-0108,2026-06-12 17:20:06,email,returns,2,95.53,257,46,2,2026-06-13 19:02:53
T-11252,C-0058,2026-06-12 18:04:12,email,returns,2,53.66,125,129,2,2026-06-14 01:06:43
T-11253,C-0138,2026-06-13 09:39:44,web_form,account,2,,146,309,2,2026-06-14 03:18:54
T-11254,C-0055,2026-06-13 13:24:31,chat,payment,2,263.91,74,9,1,2026-06-14 00:30:45
T-11255,C-0107,2026-06-13 17:27:48,email,payment,3,231.64,305,54,3,2026-06-14 08:39:47
T-11256,C-0155,2026-06-13 17:29:52,email,returns,1,179.55,174,15,1,2026-06-14 20:55:23
T-11257,C-0169,2026-06-14 07:18:37,email,returns,3,125.0,77,2,3,2026-06-16 17:50:45
T-11258,C-0202,2026-06-14 08:00:43,web_form,returns,3,54.11,224,469,3,2026-06-14 16:12:48
T-11259,C-0210,2026-06-14 08:20:29,chat,returns,2,-1,81,279,2,2026-06-18 05:59:38
T-11260,C-0207,2026-06-14 17:36:57,chat,delivery,3,100.25,28,12,3,2026-06-15 17:46:57
T-11261,C-0169,2026-06-14 20:17:13,phone,delivery,2,166.02,22,110,2,2026-06-15 11:03:11
T-11262,C-0055,2026-06-15 09:44:09,webform,warranty,2,79.61,65,12,1,2026-06-25 00:51:39
T-11263,C-0081,2026-06-15 12:30:16,chat,account,3,,92,79,3,2026-06-16 16:28:35
T-11264,C-0173,2026-06-15 15:38:29,email,account,2,,136,14,2,2026-06-18 02:51:03
T-11265,C-0227,2026-06-15 16:20:07,chat,delivery,3,54.42,75,631,3,2026-06-17 02:14:51
T-11266,C-0210,2026-06-15 17:43:04,chat,warranty,3,137.1,62,8,3,2026-06-16 08:07:35
T-11267,C-0139,2026-06-15 20:35:14,chat,returns,3,77.3,85,323,3,2026-06-16 10:50:37
T-11268,C-0050,2026-06-16 09:39:01,email,delivery,3,53.38,114,297,3,2026-06-16 23:16:27
T-11269,C-0010,2026-06-16 09:55:58,email,returns,3,49.97,117,53,3,2026-06-16 11:58:43
T-11270,C-0035,2026-06-16 12:33:51,,delivery,2,25.39,48,68,2,2026-06-18 21:15:48
T-11271,C-0058,2026-06-16 15:54:06,chat,returns,1,85.08,58,29,1,2026-06-18 16:30:39
T-11272,C-0050,2026-06-16 16:04:33,web_form,warranty,2,123.11,35,24,1,2026-06-26 01:52:40
T-11273,C-0162,2026-06-16 16:32:31,email,warranty,3,271.35,189,3,1,2026-06-19 02:31:38
T-11274,C-0119,2026-06-16 17:09:36,web_form,delivery,3,70.57,448,66,3,2026-06-18 08:05:44
T-11275,C-0050,2026-06-17 07:58:10,phone,delivery,3,287.82,84,107,3,2026-06-24 00:06:42
T-11276,C-0105,2026-06-17 08:45:17,email,returns,3,99.73,31,25,1,2026-06-19 04:08:32
T-11277,C-0145,2026-06-17 10:14:24,email,returns,2,-1,330,71,1,2026-06-19 07:05:36
T-11278,C-0105,2026-06-17 11:50:29,chat,delivery,1,12.51,60,241,1,2026-06-19 16:49:04
T-11279,C-0210,2026-06-17 12:38:01,chat,payment,2,80.92,56,444,2,2026-06-19 19:55:43
T-11280,C-0119,2026-06-17 15:54:01,email,returns,2,138.04,207,49,2,2026-06-19 08:55:09
T-11281,C-0114,2026-06-17 17:25:58,web_form,warranty,2,295.45,66,10,1,2026-06-22 15:09:58
T-11282,C-0027,2026-06-17 17:43:01,email,warranty,2,118.42,192,215,2,2026-06-19 02:57:46
T-11283,C-0054,2026-06-17 18:18:11,phone,delivery,3,60.12,125,57,1,2026-06-18 22:02:42
T-11284,C-0207,2026-06-17 20:18:17,chat,payment,2,43.03,215,137,2,2026-06-18 23:53:04
T-11285,C-0115,2026-06-17 20:43:57,chat,delivery,3,65.97,108,381,3,2026-06-18 07:36:28
T-11286,C-0017,2026-06-17 21:30:18,chat,returns,2,44.7,143,54,2,2026-06-18 11:26:16
T-11287,C-0071,2026-06-18 08:20:35,email,payment,3,811.29,37,2,1,2026-06-20 02:19:37
T-11288,C-0152,2026-06-18 10:58:26,chat,warranty,3,71.2,283,31,1,2026-06-20 07:42:12
T-11289,C-0050,2026-06-18 12:22:15,chat,delivery,3,93.47,79,262,3,2026-06-20 11:12:36
T-11290,C-0147,2026-06-18 14:31:35,phone,delivery,2,144.7,93,326,2,2026-06-19 05:28:17
T-11291,C-0226,2026-06-18 15:45:53,email,returns,3,102.57,126,17,3,2026-06-24 16:50:24
T-11291,C-0226,2026-06-18 15:45:53,email,returns,3,102.57,126,17,3,2026-06-24 16:50:24
T-11292,C-0058,2026-06-18 17:14:28,email,warranty,3,175.54,126,21,1,2026-06-19 05:49:31
T-11293,C-0217,2026-06-18 17:15:44,chat,returns,3,226.23,79,219,3,2026-06-23 05:24:03
T-11294,C-0240,2026-06-18 19:04:10,chat,returns,3,150.56,120,5,3,2026-06-20 05:53:13
T-11295,C-0058,2026-06-18 19:42:52,email,returns,3,191.96,70,34,1,2026-06-20 20:17:29
T-11296,C-0236,2026-06-18 19:54:49,email,delivery,3,-1,79,347,3,2026-06-21 14:26:50
T-11297,C-0194,2026-06-18 23:08:02,web_form,payment,2,63.47,108,107,2,2026-06-19 13:40:51
T-11298,C-0163,2026-06-19 04:06:12,web_form,account,3,,109,46,3,2026-06-20 06:39:00
T-11299,C-0072,2026-06-19 07:35:55,phone,account,2,,65,253,2,2026-06-21 01:32:03
T-11300,C-0203,2026-06-19 08:34:49,email,payment,3,29.34,125,87,3,2026-06-22 07:30:24
T-11301,C-0227,2026-06-19 10:40:56,email,delivery,1,63.87,63,129,1,2026-06-21 02:56:15
T-11302,C-0203,2026-06-19 12:04:30,phone,account,2,,113,268,2,2026-06-24 05:10:59
T-11303,C-0107,2026-06-19 12:08:36,chat,payment,3,77.99,94,92,3,2026-06-19 19:46:00
T-11304,C-0014,2026-06-19 12:29:26,email,returns,3,64.08,82,77,3,2026-06-20 05:43:11
T-11305,C-0071,2026-06-19 12:36:20,email,delivery,2,73.12,122,116,2,2026-06-19 20:03:11
T-11306,C-0015,2026-06-19 14:02:55,chat,delivery,3,52.87,102,50,3,2026-06-19 14:10:15
T-11307,C-0152,2026-06-19 14:37:44,phone,warranty,2,205.93,140,8,1,2026-06-21 23:19:11
T-11308,C-0168,2026-06-19 14:50:57,email,account,1,,76,7,1,2026-06-21 21:58:55
T-11309,C-0181,2026-06-19 18:49:38,phone,returns,3,48.94,59,13,3,2026-06-21 21:38:33
T-11310,C-0196,2026-06-19 19:06:38,web_form,returns,2,109.4,63,786,2,2026-06-20 09:10:40
T-11311,C-0017,2026-06-19 20:58:16,email,returns,2,31.95,128,536,2,2026-06-20 16:24:50
T-11312,C-0158,2026-06-20 07:52:42,web_form,delivery,2,29.92,317,42,2,2026-06-22 03:50:21
T-11313,C-0227,2026-06-20 08:55:47,email,delivery,3,214.73,55,3,3,2026-06-21 06:54:38
T-11314,C-0099,2026-06-20 17:30:52,web_form,warranty,3,116.29,153,46,1,2026-06-22 02:48:20
T-11315,C-0024,2026-06-21 01:14:45,chat,delivery,3,84.77,209,88,3,2026-06-22 14:34:48
T-11316,C-0224,2026-06-21 10:39:09,web_form,account,2,,268,194,2,2026-06-21 19:12:39
T-11317,C-0050,2026-06-21 10:39:40,email,payment,1,197.8,57,53,1,2026-06-26 23:08:27
T-11318,C-0236,2026-06-21 14:37:27,chat,delivery,3,102.34,113,346,3,2026-06-22 04:05:40
T-11319,C-0099,2026-06-21 17:03:24,email,delivery,3,424.02,63,52,3,2026-06-23 03:24:06
T-11320,C-0227,2026-06-22 09:27:11,phone,returns,3,46.61,72,116,3,2026-06-26 10:15:00
T-11321,C-0010,2026-06-22 14:57:16,chat,delivery,3,45.82,99,441,3,2026-06-23 04:50:28
T-11322,C-0165,2026-06-22 21:53:29,email,returns,3,69.74,38,568,3,2026-06-25 02:17:37
T-11323,C-0058,2026-06-23 07:21:22,chat,delivery,2,44.93,41,69,2,2026-06-26 01:49:06
T-11324,C-0119,2026-06-23 08:15:29,chat,warranty,3,27.91,104,11,3,2026-06-24 19:24:57
T-11325,C-0169,2026-06-23 09:46:59,chat,delivery,3,52.03,108,463,3,2026-06-24 12:52:06
T-11326,C-0020,2026-06-23 11:12:31,phone,payment,2,89.6,81,118,2,2026-06-24 11:53:02
T-11327,C-0229,2026-06-23 12:01:47,email,warranty,2,19.16,172,89,2,2026-06-23 23:40:53
T-11328,C-0159,2026-06-23 12:05:14,web_form,warranty,3,131.38,197,4,1,2026-06-24 09:45:22
T-11329,C-0071,2026-06-23 14:23:13,chat,returns,1,75.93,48,10,1,2026-06-26 09:15:19
T-11330,C-0207,2026-06-23 14:59:08,phone,payment,1,270.7,132,7,1,2026-06-25 11:27:18
T-11331,C-0226,2026-06-23 15:07:35,email,delivery,2,57.97,42,71,2,2026-06-23 20:13:28
T-11332,C-0177,2026-06-23 16:22:59,,warranty,3,90.27,64,30,3,2026-06-24 15:36:40
T-11333,C-0114,2026-06-23 17:27:23,Email,payment,1,369.77,104,2,1,2026-06-27 00:57:49
T-11334,C-0033,2026-06-23 18:26:16,phone,payment,3,44.69,112,523,3,2026-06-24 17:44:38
T-11335,C-0050,2026-06-23 18:49:42,email,delivery,2,292.62,182,154,2,2026-06-24 13:57:33
T-11336,C-0087,2026-06-23 18:55:19,chat,payment,3,107.68,131,37,3,2026-06-24 16:51:09
T-11337,C-0207,2026-06-23 19:58:10,chat,returns,3,270.36,423,5,1,2026-06-25 07:40:38
T-11338,C-0162,2026-06-24 07:07:13,web_form,delivery,3,180.5,103,17,3,2026-06-25 06:56:45
T-11339,C-0046,2026-06-24 07:48:43,web_form,account,2,,81,79,2,2026-06-24 18:56:01
T-11340,C-0115,2026-06-24 08:10:31,email,returns,2,292.77,77,10,2,2026-06-25 09:52:24
T-11341,C-0061,2026-06-24 11:33:53,phone,returns,3,184.93,48,84,3,2026-06-26 01:58:59
T-11342,C-0024,2026-06-24 11:36:17,email,payment,2,279.8,208,92,2,2026-06-25 09:31:34
T-11343,C-0236,2026-06-24 13:28:26,chat,delivery,3,341.83,91,14,3,2026-06-25 07:25:33
T-11344,C-0119,2026-06-24 15:24:23,chat,delivery,3,97.96,46,107,3,2026-06-25 04:34:59
T-11345,C-0217,2026-06-24 17:46:29,phone,returns,2,103.44,172,179,2,2026-06-25 16:24:09
T-11346,C-0055,2026-06-24 18:27:48,email,delivery,2,323.11,72,90,2,2026-06-25 03:36:09
T-11347,C-0100,2026-06-24 19:10:11,chat,delivery,2,125.68,148,19,2,2026-06-25 22:08:51
T-11348,C-0210,2026-06-24 19:52:31,phone,returns,2,194.47,90,129,2,
T-11349,C-0091,2026-06-24 20:46:29,chat,delivery,2,166.46,60,704,2,2026-06-25 03:27:30
T-11350,C-0181,2026-06-25 07:12:09,chat,warranty,2,49.05,122,9,1,
T-11351,C-0099,2026-06-25 10:36:25,email,payment,2,166.16,118,294,2,2026-06-30 08:44:49
T-11352,C-0207,2026-06-25 10:38:07,email,account,2,,50,175,2,2026-06-25 15:30:07
T-11353,C-0126,2026-06-25 10:49:03,email,payment,3,248.1,255,2,1,2026-06-27 18:31:17
T-11354,C-0229,2026-06-25 12:05:06,phone,payment,3,181.62,93,2,3,2026-06-26 02:47:26
T-11355,C-0099,2026-06-25 12:38:09, chat,returns,3,292.22,182,175,3,2026-06-28 14:45:19
T-11356,C-0226,2026-06-25 13:04:44,web_form,delivery,3,53.3,58,29,3,2026-06-27 03:03:55
T-11357,C-0162,2026-06-25 13:59:52,chat,delivery,3,53.95,59,47,3,2026-06-29 03:55:02
T-11358,C-0194,2026-06-25 17:19:33,chat,returns,2,22.71,254,225,2,2026-06-25 20:04:26
T-11359,C-0194,2026-06-26 00:12:37,phone,warranty,3,116.52,85,76,3,2026-06-26 23:42:28
T-11360,C-0074,2026-06-26 09:21:26,chat,payment,2,174.5,127,42,2,2026-06-28 05:57:55
T-11361,C-0083,2026-06-26 11:16:44,phone,delivery,1,96.17,175,2,1,2026-06-29 22:39:26
T-11362,C-0226,2026-06-26 13:36:23,web_form,delivery,3,74.02,75,223,3,2026-06-27 13:22:10
T-11363,C-0050,2026-06-26 15:40:32,email,warranty,1,133.4,130,4,1,2026-06-28 17:31:32
T-11364,C-0012,2026-06-26 16:30:34,email,warranty,1,55.23,90,173,1,2026-06-27 14:54:38
T-11365,C-0172,2026-06-26 18:20:25,web_form,payment,3,83.77,92,157,3,2026-06-29 00:12:10
T-11366,C-0115,2026-06-26 18:24:42,email,delivery,3,90.0,54,24,3,2026-06-27 20:22:13
T-11367,C-0105,2026-06-26 21:22:51,chat,returns,2,23.52,38,207,2,2026-06-27 21:30:53
T-11368,C-0024,2026-06-27 11:40:32,chat,payment,3,586.96,71,2,3,2026-06-28 07:05:47
T-11369,C-0140,2026-06-27 13:50:20,web_form,returns,2,76.24,66,156,2,2026-06-29 10:37:10
T-11370,C-0033,2026-06-27 14:46:00,web_form,delivery,2,76.68,173,2,1,2026-06-29 06:20:33
T-11371,C-0177,2026-06-27 16:20:29,email,delivery,3,34.57,80,2,3,2026-06-29 16:31:44
T-11372,C-0224,2026-06-27 18:16:08,phone,returns,2,33.07,65,100,2,2026-06-28 00:52:39
T-11373,C-0077,2026-06-27 20:14:04,email,account,3,,144,39,3,2026-06-28 10:35:41
T-11374,C-0086,2026-06-28 07:14:18,,payment,3,175.46,60,15,1,2026-06-30 04:53:21
T-11375,C-0175,2026-03-23 23:00:00,chat,delivery,3,28.9,73,165,3,2026-06-29 10:20:17
T-11376,C-0241,2026-06-28 08:43:18,email,delivery,2,137.35,62,19,1,2026-06-30 15:32:07
T-11377,C-0194,2026-06-28 08:49:04,chat,warranty,3,319.3,197,206,3,2026-06-30 13:29:17
T-11378,C-0058,2026-06-28 09:44:52,email,delivery,3,215.86,89,20,1,2026-06-29 13:43:07
T-11379,C-0155,2026-06-28 11:03:16,email,warranty,3,58.83,114,145,3,2026-06-30 22:39:00
T-11380,C-0036,2026-06-28 11:39:13,email,account,2,,99,229,2,2026-06-28 20:54:02
T-11381,C-0227,2026-06-28 18:20:28,chat,delivery,2,203.76,121,37,2,2026-06-29 11:40:58
T-11382,C-0091,2026-06-29 10:07:50,email,returns,1,24.07,114,3,1,
T-11383,C-0217,2026-06-29 10:21:33,email,delivery,2,47.92,48,33,2,2026-06-29 18:50:51
T-11384,C-0226,2026-06-29 11:40:07,chat,delivery,1,266.46,84,171,1,2026-06-30 13:19:17
T-11385,C-0007,2026-06-29 11:59:55,Email,delivery,3,110.77,114,6,1,2026-06-29 16:36:49
T-11386,C-0177,2026-06-29 12:54:42,web_form,returns,2,169.65,140,126,2,2026-06-29 23:58:23
T-11387,C-0192,2026-06-29 16:14:23,chat,account,2,,105,230,2,
T-11388,C-0193,2026-06-29 16:34:10,chat,warranty,3,50.93,52,635,3,2026-07-01 05:24:27
T-11389,C-0237,2026-06-29 19:50:50,chat,account,3,,67,2,3,2026-06-30 00:02:45
T-11390,C-0005,2026-06-29 20:36:22,phone,account,2,,293,45,2,2026-06-30 06:21:15
T-11391,C-0170,2026-06-29 21:51:50,phone,returns,3,101.55,73,2,3,2026-06-30 07:23:41
T-11392,C-0097,2026-06-30 01:56:43,email,returns,3,78.84,57,257,3,2026-06-30 22:53:24
T-11393,C-0134,2026-06-30 09:27:26,email,delivery,3,23.09,87,2,3,2026-07-01 04:13:34
T-11394,C-0165,2026-06-30 11:45:02,web_form,payment,2,172.15,199,110,2,
T-11395,C-0152,2026-06-30 13:39:55,chat,delivery,3,78.25,45,35,3,
T-11396,C-0007,2026-06-30 14:14:26,chat,payment,3,35.92,125,2,3,
T-11397,C-0091,2026-06-30 15:14:54,chat,account,3,,104,13,1,
T-11398,C-0007,2026-06-30 15:39:40,email,delivery,3,114.83,59,183,3,
T-11399,C-0014,2026-06-30 16:12:37,chat,delivery,3,80.64,241,148,3,
T-11400,,2026-06-30 16:43:29,chat,warranty,3,33.3,66,37,3,2026-06-30 21:23:59
T-11401,C-0057,2026-06-30 19:25:18,email,returns,2,64.39,74,17,1,
T-11402,C-0027,2026-06-30 19:45:54,chat,delivery,3,169.21,214,2,3,
T-11403,C-0227,2026-06-30 20:04:36,web_form,returns,3,59.05,75,272,3,2026-07-01 00:37:13
