ticket_id,customer_id,created_at,channel,team,priority,segment,region,order_value,word_count,customer_tenure_days,prior_tickets_90d,created_hour,escalated_72h,priority_now,first_reply_minutes
T-10001,C-0228,2026-01-05 07:30:24,email,returns,2,home,north,47.25,134,86.0,0,7,0,2,9
T-10002,C-0207,2026-01-05 09:09:23,email,delivery,3,business,west,76.37,70,1724.0,0,9,0,3,58
T-10003,C-0119,2026-01-05 13:22:27,email,delivery,2,trade,unknown,360.62,119,86.0,0,13,0,1,105
T-10004,C-0048,2026-01-05 16:14:56,phone,returns,2,trade,south,33.96,50,1938.0,0,16,0,2,30
T-10005,C-0039,2026-01-05 17:31:57,phone,returns,3,trade,east,89.84,74,2292.0,0,17,0,3,424
T-10006,C-0099,2026-01-05 21:17:28,email,delivery,3,business,north,86.21,141,2073.0,0,21,0,3,196
T-10007,C-0025,2026-01-05 21:18:51,chat,delivery,3,home,west,37.62,66,2100.0,0,21,0,3,10
T-10008,C-0119,2026-01-06 08:14:45,email,delivery,2,trade,unknown,140.43,285,87.0,1,8,1,1,12
T-10009,C-0024,2026-01-06 08:21:01,chat,payment,1,trade,east,183.48,59,1315.0,0,8,0,1,18
T-10010,C-0067,2026-01-06 10:11:23,chat,delivery,3,home,east,143.54,42,205.0,0,10,0,3,134
T-10011,C-0135,2026-01-06 11:10:58,chat,delivery,3,home,west,74.69,117,1605.0,0,11,0,3,65
T-10012,C-0086,2026-01-06 19:28:13,email,returns,2,trade,north,31.06,196,2273.0,0,19,0,2,57
T-10013,C-0073,2026-01-06 20:33:03,web_form,warranty,3,home,east,32.6,30,1150.0,0,20,0,3,189
T-10014,C-0039,2026-01-06 21:38:50,email,delivery,1,trade,east,89.89,47,2293.0,1,21,0,1,240
T-10015,C-0168,2026-01-07 07:59:56,web_form,returns,2,trade,west,52.46,133,771.0,0,7,0,2,170
T-10016,C-0241,2026-01-07 08:10:27,email,delivery,1,unknown,unknown,46.03,59,,0,8,1,1,46
T-10017,C-0207,2026-01-07 12:57:04,chat,warranty,3,business,west,69.89,30,1726.0,1,12,0,3,578
T-10018,C-0113,2026-01-07 14:06:35,web_form,warranty,1,trade,north,91.05,132,1091.0,0,14,0,1,3
T-10019,C-0226,2026-01-07 14:20:48,email,delivery,2,business,east,208.57,73,1769.0,0,14,0,2,20
T-10020,C-0027,2026-01-07 15:00:47,chat,warranty,2,business,unknown,273.47,229,542.0,0,15,0,2,116
T-10021,C-0050,2026-01-07 17:24:58,chat,warranty,1,trade,unknown,55.25,97,935.0,0,17,0,1,178
T-10022,C-0168,2026-01-07 18:26:15,email,returns,1,trade,west,86.25,183,771.0,1,18,1,1,72
T-10023,C-0119,2026-01-08 07:41:01,email,account,3,trade,unknown,,29,89.0,2,7,0,3,264
T-10024,C-0207,2026-01-08 13:24:19,phone,payment,3,business,west,232.42,330,1727.0,2,13,0,3,288
T-10025,C-0025,2026-01-08 14:30:09,email,payment,2,home,west,27.14,56,2103.0,1,14,0,2,7
T-10026,C-0024,2026-01-08 17:21:52,web_form,delivery,2,trade,east,103.94,163,1317.0,1,17,0,2,116
T-10027,C-0071,2026-01-08 17:28:05,chat,payment,1,trade,west,84.89,27,1475.0,0,17,0,1,101
T-10028,C-0114,2026-01-08 19:29:51,chat,account,3,trade,unknown,,57,1227.0,0,19,0,3,241
T-10029,C-0210,2026-01-08 20:12:37,chat,delivery,1,trade,south,649.68,188,267.0,0,20,0,1,58
T-10030,C-0224,2026-01-08 21:56:55,web_form,payment,2,home,north,85.54,113,1531.0,0,21,0,2,150
T-10031,C-0236,2026-01-08 23:49:26,chat,warranty,1,business,east,232.12,127,1287.0,0,23,1,1,12
T-10032,C-0202,2026-01-09 04:26:38,web_form,returns,2,home,east,45.35,42,1415.0,0,4,0,2,288
T-10033,C-0096,2026-01-09 08:31:54,web_form,payment,3,business,south,66.25,61,2431.0,0,8,1,1,53
T-10034,C-0177,2026-01-09 08:55:26,email,returns,2,trade,west,21.09,61,1056.0,0,8,0,2,167
T-10035,C-0219,2026-01-09 09:26:44,email,account,3,trade,south,,224,564.0,0,9,0,1,7
T-10036,C-0200,2026-01-09 10:13:18,email,payment,3,trade,west,126.48,97,803.0,0,10,0,3,106
T-10037,C-0119,2026-01-09 12:25:21,email,delivery,2,trade,unknown,108.08,55,90.0,3,12,0,2,18
T-10038,C-0162,2026-01-09 15:16:21,email,payment,1,trade,north,133.79,211,1910.0,0,15,0,1,144
T-10039,C-0217,2026-01-09 16:22:38,email,payment,3,home,east,42.94,215,2429.0,0,16,0,3,81
T-10040,C-0107,2026-01-09 19:17:17,email,returns,3,trade,east,73.73,92,2246.0,0,19,0,3,145
T-10041,C-0169,2026-01-09 19:20:57,email,payment,3,trade,east,52.87,106,1650.0,0,19,0,3,37
T-10042,C-0125,2026-01-09 20:13:54,chat,payment,3,home,west,34.2,116,1158.0,0,20,0,3,46
T-10043,C-0046,2026-01-09 20:47:50,email,account,3,trade,south,,32,656.0,0,20,0,3,24
T-10044,C-0141,2026-01-09 20:53:02,chat,returns,2,trade,west,112.88,16,2356.0,0,20,0,2,86
T-10045,C-0227,2026-01-10 08:51:59,chat,delivery,2,trade,north,87.24,93,2465.0,0,8,0,2,221
T-10046,C-0014,2026-01-10 11:51:08,email,returns,3,business,north,,131,406.0,0,11,0,3,277
T-10047,C-0003,2026-01-10 12:00:09,email,delivery,3,trade,west,102.5,107,105.0,0,12,0,3,108
T-10048,C-0105,2026-01-10 15:01:03,chat,account,1,trade,south,,33,2387.0,0,15,0,1,469
T-10049,C-0086,2026-01-10 15:36:08,unknown,delivery,3,trade,north,104.34,95,2277.0,1,15,1,1,2
T-10050,C-0226,2026-01-10 19:00:23,chat,returns,3,business,east,164.1,216,1772.0,1,19,0,3,156
T-10051,C-0082,2026-01-10 20:17:24,email,delivery,3,home,east,32.68,154,2440.0,0,20,0,3,95
T-10052,C-0220,2026-01-10 21:38:12,email,warranty,3,home,south,73.95,102,2035.0,0,21,0,3,59
T-10053,C-0152,2026-01-11 09:22:01,unknown,payment,2,trade,west,200.4,92,1019.0,0,9,0,2,286
T-10054,C-0099,2026-01-11 10:45:05,chat,delivery,1,business,north,307.33,69,2079.0,1,10,0,1,2
T-10055,C-0236,2026-01-11 14:37:24,email,returns,3,business,east,95.52,79,1290.0,1,14,0,3,33
T-10056,C-0155,2026-01-11 20:02:36,email,returns,3,trade,north,115.69,42,162.0,0,20,0,3,55
T-10057,C-0169,2026-01-12 09:25:00,email,returns,2,trade,east,52.39,164,1653.0,1,9,0,2,18
T-10058,C-0096,2026-01-12 10:09:56,chat,delivery,3,business,south,206.59,96,2434.0,1,10,0,3,67
T-10059,C-0071,2026-01-12 15:43:55,phone,payment,2,trade,west,115.82,61,1479.0,1,15,0,2,174
T-10060,C-0212,2026-01-12 16:50:28,phone,warranty,3,home,west,12.28,33,311.0,0,16,0,3,157
T-10061,C-0079,2026-01-12 17:47:10,email,payment,3,home,west,22.43,178,936.0,0,17,0,3,165
T-10062,C-0027,2026-01-12 19:40:06,email,returns,2,business,unknown,273.38,150,547.0,1,19,0,2,49
T-10063,C-0162,2026-01-13 09:57:09,email,warranty,3,trade,north,111.8,53,1914.0,1,9,0,3,378
T-10064,,2026-01-13 11:42:05,email,account,2,guest,unknown,,68,,0,11,0,2,43
T-10065,C-0226,2026-01-13 12:55:19,email,returns,3,business,east,27.7,150,1775.0,2,12,0,3,76
T-10066,C-0118,2026-01-13 12:57:19,web_form,returns,2,home,west,45.03,97,1076.0,0,12,1,1,9
T-10067,C-0014,2026-01-13 15:24:20,email,delivery,2,business,north,116.06,189,409.0,1,15,0,2,132
T-10068,C-0025,2026-01-13 19:28:58,phone,delivery,3,home,west,35.57,57,2108.0,2,19,0,3,30
T-10069,C-0114,2026-01-13 21:07:17,phone,warranty,2,trade,unknown,173.76,409,1232.0,1,21,1,1,67
T-10070,C-0024,2026-01-14 02:09:48,chat,account,3,trade,east,,99,1323.0,2,2,0,3,79
T-10071,C-0207,2026-01-14 11:21:27,web_form,returns,3,business,west,20.64,151,1733.0,3,11,0,3,41
T-10072,C-0094,2026-01-14 12:29:00,email,delivery,2,home,south,18.11,163,2358.0,0,12,0,2,94
T-10073,C-0182,2026-01-14 15:10:19,email,warranty,3,home,north,50.3,82,2340.0,0,15,0,3,21
T-10074,C-0152,2026-01-14 15:24:41,web_form,delivery,2,trade,west,96.34,60,1022.0,1,15,0,2,261
T-10075,C-0028,2026-01-14 15:44:30,chat,delivery,3,home,west,52.53,256,1714.0,0,15,0,3,104
T-10076,C-0057,2026-01-14 16:05:15,email,returns,1,business,south,52.19,231,1070.0,0,16,0,1,27
T-10077,C-0227,2026-01-14 16:22:01,web_form,returns,2,trade,north,27.66,41,2469.0,1,16,0,2,22
T-10078,C-0194,2026-01-14 17:46:55,phone,payment,3,business,north,37.18,45,936.0,0,17,0,3,177
T-10079,C-0152,2026-01-14 18:59:05,chat,delivery,3,trade,west,415.58,165,1022.0,2,18,0,3,202
T-10080,C-0217,2026-01-14 19:46:52,chat,returns,3,home,east,142.17,32,2434.0,1,19,0,3,371
T-10081,C-0201,2026-01-14 20:46:27,chat,delivery,2,business,south,94.24,74,1511.0,0,20,0,2,138
T-10082,C-0119,2026-01-15 07:37:07,chat,delivery,2,trade,unknown,118.65,62,96.0,4,7,0,2,37
T-10083,C-0210,2026-01-15 12:06:45,email,warranty,3,trade,south,116.03,191,274.0,1,12,0,3,41
T-10084,C-0173,2026-01-15 13:55:05,email,account,3,home,west,,49,1679.0,0,13,0,3,280
T-10085,C-0027,2026-01-15 15:48:25,unknown,returns,3,business,unknown,15.14,87,550.0,2,15,0,3,109
T-10086,C-0099,2026-01-15 19:43:04,email,account,2,business,north,,65,2083.0,2,19,0,2,41
T-10087,C-0207,2026-01-15 21:28:52,email,returns,2,business,west,379.54,208,1734.0,4,21,1,1,2
T-10088,C-0226,2026-01-16 07:44:14,chat,delivery,2,business,east,170.01,121,1778.0,3,7,0,2,3
T-10089,C-0050,2026-01-16 07:47:26,web_form,delivery,1,trade,unknown,70.89,117,944.0,1,7,0,1,204
T-10090,C-0096,2026-01-16 08:36:32,web_form,returns,2,business,south,122.76,70,2438.0,2,8,0,2,34
T-10091,C-0177,2026-01-16 08:48:48,chat,account,3,trade,west,,474,1063.0,1,8,0,3,236
T-10092,C-0192,2026-01-16 13:18:21,email,delivery,2,home,north,76.75,55,1741.0,0,13,0,2,187
T-10093,C-0147,2026-01-16 13:28:43,email,warranty,3,home,south,58.77,188,1039.0,0,13,0,3,161
T-10094,C-0239,2026-01-16 15:28:01,email,payment,2,home,west,31.25,238,1307.0,0,15,1,1,2
T-10095,C-0006,2026-01-16 17:43:41,chat,payment,1,business,west,30.48,99,1053.0,0,17,1,1,30
T-10096,C-0071,2026-01-17 11:07:29,chat,payment,2,trade,west,262.72,64,1484.0,2,11,0,2,40
T-10097,C-0017,2026-01-17 17:10:58,phone,account,3,home,south,,109,540.0,0,17,0,3,43
T-10098,C-0071,2026-01-17 20:08:54,chat,account,2,trade,west,,178,1484.0,3,20,0,2,45
T-10099,C-0033,2026-01-17 20:51:34,email,delivery,2,home,west,16.68,95,1231.0,0,20,0,2,117
T-10100,C-0204,2026-01-18 18:58:47,phone,delivery,2,trade,north,551.54,103,212.0,0,18,1,1,31
T-10101,C-0025,2026-01-19 11:07:14,chat,payment,3,home,west,277.3,167,2114.0,3,11,0,3,136
T-10102,C-0115,2026-01-19 16:56:38,email,warranty,2,trade,south,40.27,141,1591.0,0,16,1,1,48
T-10103,C-0162,2026-01-19 18:01:10,email,delivery,3,trade,north,316.18,96,1920.0,2,18,0,3,31
T-10104,C-0071,2026-01-19 21:28:20,email,delivery,3,trade,west,102.15,236,1486.0,4,21,0,3,53
T-10105,C-0025,2026-01-20 07:13:59,phone,payment,3,home,west,91.31,57,2115.0,4,7,0,3,34
T-10106,C-0207,2026-01-20 11:25:12,email,delivery,3,business,west,175.68,157,1739.0,5,11,1,1,62
T-10107,C-0099,2026-01-20 14:10:25,chat,delivery,3,business,north,83.42,287,2088.0,3,14,0,3,343
T-10108,C-0192,2026-01-20 15:02:21,unknown,payment,2,home,north,56.59,172,1745.0,1,15,0,2,119
T-10109,C-0107,2026-01-20 16:04:21,email,delivery,3,trade,east,163.38,157,2257.0,1,16,0,3,43
T-10110,C-0024,2026-01-20 17:30:47,email,payment,1,trade,east,110.46,62,1329.0,3,17,0,1,174
T-10111,C-0080,2026-01-20 17:46:27,email,warranty,2,home,south,397.37,57,2005.0,0,17,0,2,195
T-10112,C-0022,2026-01-20 19:51:56,email,payment,2,home,east,75.15,165,1699.0,0,19,0,2,69
T-10113,C-0087,2026-01-20 20:15:51,email,warranty,1,home,west,364.49,83,1523.0,0,20,0,1,112
T-10114,C-0210,2026-01-20 20:23:58,phone,delivery,2,trade,south,73.09,77,279.0,2,20,0,2,73
T-10115,C-0152,2026-01-21 00:49:00,chat,delivery,1,trade,west,678.88,36,1029.0,3,0,1,1,12
T-10116,C-0024,2026-01-21 05:52:31,chat,delivery,1,trade,east,50.23,106,1330.0,4,5,0,1,315
T-10117,C-0227,2026-01-21 08:11:39,chat,delivery,3,trade,north,95.2,129,2476.0,2,8,0,3,12
T-10118,C-0119,2026-01-21 10:01:03,email,returns,1,trade,unknown,72.76,82,102.0,5,10,0,1,23
T-10119,C-0014,2026-01-21 10:21:20,email,warranty,1,business,north,36.82,42,417.0,2,10,0,1,238
T-10120,C-0236,2026-01-21 11:51:42,email,returns,2,business,east,274.78,213,1300.0,2,11,1,1,12
T-10121,C-0206,2026-01-21 12:38:50,email,delivery,1,business,north,85.11,137,606.0,0,12,0,1,78
T-10122,C-0169,2026-01-21 18:42:58,chat,delivery,2,trade,east,116.08,49,1662.0,2,18,0,2,46
T-10123,C-0071,2026-01-21 18:47:15,chat,account,3,trade,west,,123,1488.0,5,18,0,3,174
T-10124,C-0028,2026-01-21 21:42:48,chat,warranty,3,home,west,27.38,43,1721.0,1,21,0,3,111
T-10125,C-0146,2026-01-22 10:10:00,email,delivery,2,home,east,33.16,54,516.0,0,10,0,2,66
T-10126,C-0071,2026-01-22 14:10:38,email,delivery,3,trade,west,262.31,41,1489.0,6,14,0,3,61
T-10127,C-0119,2026-01-22 14:17:51,web_form,delivery,3,trade,unknown,70.47,69,103.0,6,14,0,3,32
T-10128,C-0007,2026-01-22 14:51:46,chat,returns,1,business,north,112.08,253,416.0,0,14,1,1,32
T-10129,C-0007,2026-01-22 14:54:26,email,returns,2,business,north,36.08,110,416.0,1,14,0,2,61
T-10130,C-0074,2026-01-22 15:15:12,email,returns,3,trade,west,186.41,88,1303.0,0,15,0,3,37
T-10131,C-0081,2026-01-22 18:54:52,email,payment,2,home,west,31.43,82,302.0,0,18,0,2,50
T-10132,C-0027,2026-01-22 20:00:32,email,delivery,2,business,unknown,162.38,91,557.0,3,20,0,2,145
T-10133,C-0233,2026-01-22 21:33:52,unknown,payment,1,business,north,142.12,49,958.0,0,21,0,1,189
T-10134,C-0207,2026-01-23 08:43:11,email,delivery,3,business,west,104.26,90,1742.0,6,8,0,3,38
T-10135,C-0119,2026-01-23 08:55:54,chat,delivery,3,trade,unknown,56.73,130,104.0,7,8,0,3,27
T-10136,C-0091,2026-01-23 08:58:39,chat,delivery,2,home,west,7.39,133,646.0,0,8,0,2,38
T-10137,C-0096,2026-01-23 09:34:00,phone,returns,3,business,south,55.67,0,2445.0,3,9,0,3,267
T-10138,C-0107,2026-01-23 12:22:36,email,delivery,3,trade,east,51.57,13,2260.0,2,12,0,3,49
T-10139,C-0185,2026-01-23 13:55:41,web_form,account,3,home,east,,138,1893.0,0,13,0,3,3
T-10140,C-0028,2026-01-23 15:05:27,email,returns,3,home,west,186.13,44,1723.0,2,15,0,3,176
T-10141,C-0007,2026-01-23 16:04:33,web_form,delivery,1,business,north,134.07,88,417.0,2,16,0,1,38
T-10142,C-0114,2026-01-23 16:58:59,chat,warranty,3,trade,unknown,48.05,141,1242.0,2,16,0,3,129
T-10143,C-0217,2026-01-23 18:12:35,phone,returns,2,home,east,18.1,234,2443.0,2,18,0,2,508
T-10144,C-0012,2026-01-23 20:25:51,chat,delivery,2,trade,west,17.8,53,62.0,0,20,0,2,158
T-10145,C-0163,2026-01-24 18:52:17,unknown,delivery,2,home,north,29.76,119,2283.0,0,18,0,2,143
T-10146,C-0071,2026-01-24 19:43:47,email,account,2,trade,west,,190,1491.0,7,19,0,2,41
T-10148,C-0076,2026-01-25 07:40:38,phone,warranty,3,business,north,96.69,57,1858.0,0,7,0,3,413
T-10149,C-0058,2026-01-25 08:16:27,web_form,returns,3,trade,north,68.17,279,1636.0,0,8,0,3,153
T-10150,C-0180,2026-01-25 12:38:21,web_form,warranty,2,home,north,21.54,94,1479.0,0,12,0,2,13
T-10151,C-0012,2026-01-25 13:25:55,chat,account,2,trade,west,,73,64.0,1,13,0,2,13
T-10152,C-0165,2026-01-25 15:32:06,chat,payment,2,trade,south,587.99,27,1852.0,0,15,0,2,72
T-10153,C-0183,2026-01-25 16:36:21,email,account,3,home,north,,54,669.0,0,16,0,3,740
T-10154,C-0201,2026-01-25 19:18:04,email,returns,2,business,south,83.1,71,1522.0,1,19,1,1,29
T-10155,C-0024,2026-01-26 02:15:31,phone,delivery,2,trade,east,61.81,208,1335.0,5,2,0,2,83
T-10156,C-0071,2026-01-26 07:59:05,phone,returns,3,trade,west,111.69,0,1493.0,8,7,0,3,171
T-10157,C-0050,2026-01-26 08:22:09,web_form,returns,2,trade,unknown,79.65,133,954.0,2,8,0,2,495
T-10158,C-0236,2026-01-26 10:53:27,email,payment,2,business,east,400.08,49,1305.0,3,10,1,1,3
T-10159,C-0201,2026-01-26 12:40:56,chat,delivery,1,business,south,134.93,92,1523.0,2,12,1,1,20
T-10160,C-0236,2026-01-26 13:46:09,unknown,account,1,business,east,,48,1305.0,4,13,0,1,125
T-10161,C-0089,2026-01-26 14:20:04,chat,delivery,2,home,south,82.84,84,1049.0,0,14,1,1,18
T-10162,C-0027,2026-01-26 14:51:20,web_form,warranty,3,business,unknown,47.54,67,561.0,4,14,0,3,21
T-10163,C-0169,2026-01-26 17:52:11,phone,account,3,trade,east,,31,1667.0,3,17,0,3,48
T-10164,C-0004,2026-01-26 19:01:50,email,payment,2,home,west,65.16,141,2122.0,0,19,0,2,98
T-10165,C-0183,2026-01-26 20:06:18,phone,delivery,2,home,north,41.41,55,670.0,1,20,0,2,96
T-10166,C-0017,2026-01-26 20:49:24,web_form,returns,2,home,south,30.58,100,549.0,1,20,0,2,18
T-10167,C-0155,2026-01-26 21:11:33,email,warranty,2,trade,north,35.37,61,177.0,1,21,0,2,153
T-10168,C-0139,2026-01-26 21:23:54,email,delivery,2,business,east,102.13,84,595.0,0,21,0,2,29
T-10169,C-0206,2026-01-26 21:26:13,phone,delivery,3,business,north,120.62,119,611.0,1,21,0,3,11
T-10170,C-0227,2026-01-27 07:21:35,phone,warranty,3,trade,north,99.93,94,2482.0,3,7,0,3,169
T-10171,C-0030,2026-01-27 09:13:30,email,returns,3,trade,south,24.76,67,2184.0,0,9,0,3,542
T-10172,C-0236,2026-01-27 10:37:33,phone,returns,2,business,east,125.41,55,1306.0,5,10,0,2,23
T-10173,C-0219,2026-01-27 11:26:17,email,delivery,2,trade,south,53.0,128,582.0,1,11,1,1,64
T-10174,C-0046,2026-01-27 11:40:36,chat,account,2,trade,south,,144,674.0,1,11,0,2,25
T-10175,C-0228,2026-01-27 16:17:42,phone,delivery,2,home,north,21.57,26,108.0,1,16,0,2,214
T-10176,C-0099,2026-01-27 16:59:23,web_form,delivery,3,business,north,173.19,39,2095.0,4,16,0,3,18
T-10177,C-0226,2026-01-27 19:20:19,email,delivery,3,business,east,273.47,94,1789.0,4,19,0,3,42
T-10178,C-0024,2026-01-27 19:23:05,phone,warranty,2,trade,east,45.07,100,1336.0,6,19,0,2,90
T-10179,C-0162,2026-01-27 20:38:42,chat,returns,2,trade,north,58.46,62,1928.0,3,20,0,2,55
T-10180,C-0155,2026-01-27 22:48:46,email,delivery,3,trade,north,364.8,330,178.0,2,22,0,3,36
T-10181,C-0098,2026-01-28 07:00:10,chat,account,3,home,south,,106,410.0,0,7,0,3,192
T-10182,C-0086,2026-01-28 07:56:49,chat,delivery,3,trade,north,105.11,185,2295.0,2,7,0,3,203
T-10183,C-0177,2026-01-28 11:09:17,email,account,2,trade,west,,75,1075.0,2,11,0,2,2
T-10184,C-0201,2026-01-28 11:39:15,email,returns,3,business,south,41.9,39,1525.0,3,11,0,3,55
T-10185,C-0104,2026-01-28 13:57:35,email,payment,2,trade,south,96.02,141,1069.0,0,13,0,2,175
T-10186,C-0037,2026-01-28 14:04:10,chat,warranty,1,home,south,109.34,86,926.0,0,14,0,1,94
T-10187,C-0226,2026-01-28 16:09:58,email,payment,1,business,east,48.17,532,1790.0,5,16,0,1,17
T-10188,C-0227,2026-01-28 16:47:29,email,delivery,3,trade,north,46.51,127,2483.0,4,16,0,3,646
T-10189,C-0027,2026-01-28 17:45:45,email,delivery,3,business,unknown,553.29,144,563.0,5,17,0,3,147
T-10190,C-0146,2026-01-28 20:41:06,phone,payment,2,home,east,98.19,22,522.0,1,20,0,2,233
T-10191,C-0169,2026-01-28 21:51:52,email,returns,3,trade,east,419.57,57,1669.0,4,21,0,3,42
T-10192,C-0107,2026-01-29 07:34:52,email,payment,1,trade,east,222.08,114,2266.0,3,7,1,1,23
T-10193,C-0014,2026-01-29 08:52:34,web_form,warranty,2,business,north,111.94,125,425.0,3,8,0,2,8
T-10194,C-0057,2026-01-29 09:26:42,email,payment,3,business,south,213.79,35,1085.0,1,9,0,3,517
T-10195,C-0210,2026-01-29 15:28:39,email,payment,1,trade,south,118.26,350,288.0,3,15,0,1,146
T-10196,C-0130,2026-01-29 16:20:41,chat,delivery,3,trade,east,32.16,147,548.0,0,16,0,3,340
T-10197,C-0071,2026-01-29 16:31:15,web_form,payment,3,trade,west,41.32,65,1496.0,9,16,0,3,366
T-10198,C-0215,2026-01-30 07:38:31,chat,returns,3,home,south,194.5,88,1853.0,0,7,0,3,36
T-10199,C-0092,2026-01-30 09:03:28,phone,delivery,3,home,west,88.26,55,1879.0,0,9,0,3,72
T-10200,C-0096,2026-01-30 10:22:00,chat,delivery,3,business,south,430.32,23,2452.0,4,10,0,3,204
T-10201,C-0101,2026-01-30 14:12:05,chat,warranty,3,trade,south,518.23,216,1750.0,0,14,0,3,84
T-10202,C-0039,2026-01-30 15:01:37,email,delivery,3,trade,east,178.2,188,2317.0,2,15,0,3,32
T-10203,C-0226,2026-01-30 15:50:12,email,returns,1,business,east,149.59,482,1792.0,6,15,0,1,16
T-10204,C-0224,2026-01-30 16:27:16,email,returns,2,home,north,64.42,34,1553.0,1,16,0,2,124
T-10205,C-0066,2026-01-30 17:33:00,chat,payment,2,home,unknown,24.68,118,1258.0,0,17,0,2,249
T-10206,C-0096,2026-01-30 19:40:38,phone,warranty,3,business,south,787.56,48,2452.0,5,19,0,3,3
T-10207,C-0115,2026-01-30 21:35:16,chat,account,2,trade,south,,269,1602.0,1,21,0,2,96
T-10208,C-0047,2026-01-31 10:47:30,web_form,warranty,3,home,south,223.94,73,2445.0,0,10,0,3,351
T-10209,C-0099,2026-01-31 15:00:52,email,delivery,2,business,north,180.03,71,2099.0,5,15,0,2,35
T-10210,C-0234,2026-01-31 15:16:42,chat,warranty,3,home,west,44.76,104,1198.0,0,15,0,3,195
T-10211,C-0014,2026-01-31 16:21:43,chat,returns,3,business,north,64.8,86,427.0,4,16,0,3,192
T-10212,C-0027,2026-02-01 07:38:38,email,delivery,2,business,unknown,157.99,20,567.0,6,7,0,2,79
T-10213,C-0227,2026-02-01 08:38:10,web_form,payment,1,trade,north,130.77,201,2487.0,5,8,0,1,591
T-10214,C-0113,2026-02-01 12:10:25,phone,delivery,3,trade,north,58.78,21,1116.0,1,12,0,3,205
T-10215,C-0241,2026-02-01 12:16:04,email,returns,3,unknown,unknown,14.91,82,,1,12,0,3,248
T-10216,C-0176,2026-02-01 13:55:08,email,returns,3,home,west,50.33,92,395.0,0,13,0,3,74
T-10217,C-0152,2026-02-01 18:51:49,chat,payment,2,trade,west,39.19,75,1040.0,4,18,0,2,4
T-10218,C-0054,2026-02-01 19:32:21,phone,delivery,3,home,north,29.36,130,1408.0,0,19,0,3,38
T-10219,C-0162,2026-02-01 20:01:25,unknown,delivery,3,trade,north,195.32,127,1933.0,4,20,0,3,113
T-10220,C-0142,2026-02-02 08:05:10,chat,payment,1,home,south,31.68,142,621.0,0,8,0,1,3
T-10221,C-0073,2026-02-02 09:59:39,chat,delivery,2,home,east,461.83,59,1177.0,1,9,0,2,50
T-10222,C-0027,2026-02-02 12:06:05,phone,delivery,3,business,unknown,129.21,111,568.0,7,12,0,3,34
T-10223,,2026-02-02 13:17:59,phone,delivery,3,guest,unknown,262.42,0,,0,13,0,3,18
T-10224,C-0086,2026-02-02 13:22:02,web_form,delivery,2,trade,north,57.78,356,2300.0,3,13,1,1,15
T-10225,C-0207,2026-02-02 14:08:35,email,delivery,3,business,west,61.88,136,1752.0,7,14,0,3,136
T-10226,C-0040,2026-02-03 07:29:56,phone,warranty,3,business,west,16.82,89,2427.0,0,7,0,3,100
T-10227,C-0239,2026-02-03 10:45:14,email,delivery,2,home,west,29.32,61,1325.0,1,10,0,2,262
T-10228,C-0046,2026-02-03 10:45:47,chat,payment,3,trade,south,190.35,166,681.0,2,10,0,3,22
T-10229,C-0030,2026-02-03 11:06:06,unknown,payment,1,trade,south,298.05,99,2191.0,1,11,1,1,10
T-10230,C-0113,2026-02-03 11:21:07,web_form,delivery,3,trade,north,58.98,155,1118.0,2,11,0,3,159
T-10231,C-0039,2026-02-03 13:57:03,email,warranty,2,trade,east,132.21,135,2321.0,3,13,0,2,332
T-10232,C-0233,2026-02-03 16:46:07,email,payment,2,business,north,359.29,115,970.0,1,16,0,2,28
T-10233,C-0105,2026-02-03 18:34:01,chat,delivery,2,trade,south,43.49,133,2411.0,1,18,0,2,6
T-10234,C-0152,2026-02-03 20:44:35,phone,returns,3,trade,west,90.18,111,1042.0,5,20,0,3,31
T-10235,C-0226,2026-02-03 21:14:00,email,payment,3,business,east,57.52,222,1796.0,7,21,0,3,121
T-10236,C-0119,2026-02-03 21:21:17,chat,warranty,3,trade,unknown,43.71,72,115.0,8,21,0,3,122
T-10237,C-0165,2026-02-03 21:51:27,chat,returns,2,trade,south,380.44,151,1861.0,1,21,0,2,78
T-10238,C-0027,2026-02-04 01:56:13,web_form,delivery,2,business,unknown,49.23,69,570.0,8,1,0,2,142
T-10239,C-0063,2026-02-04 07:02:06,email,delivery,3,home,north,21.54,44,1399.0,0,7,0,3,34
T-10240,C-0037,2026-02-04 08:01:19,email,warranty,2,home,south,76.14,163,933.0,1,8,0,2,16
T-10241,C-0233,2026-02-04 17:41:57,email,account,2,business,north,,86,971.0,2,17,0,2,58
T-10242,C-0115,2026-02-04 20:53:34,email,warranty,3,trade,south,100.74,114,1607.0,2,20,0,3,53
T-10243,C-0162,2026-02-05 07:43:24,email,warranty,3,trade,north,87.84,49,1937.0,5,7,0,3,30
T-10244,C-0161,2026-02-05 11:04:37,email,delivery,2,trade,west,82.99,77,2157.0,0,11,0,2,312
T-10245,C-0028,2026-02-05 12:15:34,web_form,warranty,3,home,west,85.97,48,1736.0,3,12,0,3,162
T-10246,C-0025,2026-02-05 13:21:25,web_form,returns,1,home,west,94.44,99,2131.0,5,13,0,1,29
T-10247,C-0039,2026-02-05 14:27:08,email,returns,2,trade,east,143.46,26,2323.0,4,14,0,2,124
T-10248,C-0024,2026-02-05 17:56:29,unknown,payment,3,trade,east,91.68,137,1345.0,7,17,0,3,72
T-10249,C-0173,2026-02-05 18:23:03,email,delivery,3,home,west,39.85,60,1700.0,1,18,1,1,3
T-10250,C-0058,2026-02-05 20:17:25,email,account,1,trade,north,,44,1647.0,1,20,0,1,207
T-10251,C-0105,2026-02-05 20:52:05,chat,payment,3,trade,south,191.26,53,2413.0,2,20,0,3,302
T-10252,C-0226,2026-02-05 21:31:08,web_form,warranty,2,business,east,20.33,135,1798.0,8,21,0,2,155
T-10253,C-0158,2026-02-06 07:26:26,chat,payment,1,home,south,73.78,170,1774.0,0,7,0,1,68
T-10254,C-0086,2026-02-06 09:34:54,email,delivery,2,trade,north,66.68,34,2304.0,4,9,0,2,28
T-10255,C-0093,2026-02-06 11:14:21,chat,warranty,3,home,east,72.51,182,2513.0,0,11,0,3,283
T-10256,C-0071,2026-02-06 12:53:58,email,delivery,2,trade,west,71.09,135,1504.0,10,12,0,2,121
T-10257,C-0155,2026-02-06 15:07:01,web_form,account,3,trade,north,,187,188.0,3,15,0,3,169
T-10258,C-0054,2026-02-06 19:56:31,email,returns,3,home,north,41.9,50,1413.0,1,19,0,3,8
T-10259,C-0081,2026-02-06 20:38:06,email,delivery,2,home,west,21.21,140,317.0,1,20,0,2,181
T-10260,C-0099,2026-02-07 07:01:16,email,warranty,3,business,north,43.1,184,2106.0,6,7,1,1,21
T-10261,C-0099,2026-02-07 09:34:50,web_form,warranty,2,business,north,121.21,346,2106.0,7,9,0,2,24
T-10262,C-0086,2026-02-07 10:18:06,email,returns,2,trade,north,161.17,197,2305.0,5,10,0,2,35
T-10263,C-0210,2026-02-07 13:01:34,email,delivery,3,trade,south,40.43,94,297.0,4,13,0,3,296
T-10264,C-0227,2026-02-07 16:29:47,phone,payment,3,trade,north,63.31,154,2493.0,6,16,0,3,82
T-10265,C-0057,2026-02-07 19:24:49,web_form,returns,1,business,south,97.3,26,1094.0,2,19,0,1,309
T-10266,C-0071,2026-02-07 20:08:16,phone,warranty,2,trade,west,200.41,43,1505.0,11,20,0,2,112
T-10267,C-0071,2026-02-08 09:38:22,chat,delivery,1,trade,west,76.87,170,1506.0,12,9,0,1,58
T-10268,C-0024,2026-02-08 10:23:22,email,returns,3,trade,east,79.45,104,1348.0,8,10,0,3,92
T-10269,C-0166,2026-02-08 12:47:33,email,account,3,home,south,,43,1720.0,0,12,0,3,21
T-10270,C-0001,2026-02-08 14:01:04,chat,warranty,2,home,north,112.08,41,478.0,0,14,0,2,153
T-10271,C-0058,2026-02-08 14:04:12,phone,returns,2,trade,north,166.36,30,1650.0,2,14,0,2,62
T-10272,C-0025,2026-02-08 20:11:47,web_form,payment,3,home,west,96.79,106,2134.0,6,20,0,3,260
T-10273,C-0024,2026-02-09 07:09:23,email,delivery,3,trade,east,98.14,95,1349.0,9,7,0,3,39
T-10274,C-0230,2026-02-09 07:16:07,email,payment,1,home,north,65.23,56,2074.0,0,7,1,1,25
T-10275,C-0211,2026-02-09 08:06:24,email,returns,3,home,south,22.81,22,421.0,0,8,0,3,129
T-10276,C-0217,2026-02-09 12:42:50,chat,returns,3,home,east,52.58,71,2460.0,3,12,0,3,160
T-10277,C-0207,2026-02-09 13:50:53,web_form,payment,3,business,west,83.4,119,1759.0,8,13,0,3,201
T-10278,C-0096,2026-02-09 17:08:24,web_form,account,3,business,south,,72,2462.0,6,17,0,3,226
T-10279,C-0019,2026-02-09 17:28:07,web_form,account,3,home,west,,232,1277.0,0,17,0,3,24
T-10280,C-0017,2026-02-09 18:21:22,chat,returns,2,home,south,222.9,73,563.0,2,18,1,1,2
T-10281,C-0082,2026-02-09 18:34:59,web_form,returns,3,home,east,46.3,55,2470.0,1,18,0,3,120
T-10282,C-0136,2026-02-10 07:59:10,chat,delivery,3,home,west,36.34,47,2193.0,0,7,0,3,72
T-10283,C-0155,2026-02-10 09:14:42,chat,delivery,1,trade,north,88.57,129,192.0,4,9,1,1,7
T-10284,C-0188,2026-02-10 12:41:49,chat,payment,2,trade,south,55.42,156,1167.0,0,12,0,2,7
T-10285,C-0099,2026-02-10 12:46:53,chat,delivery,3,business,north,92.59,80,2109.0,8,12,0,3,231
T-10286,C-0121,2026-02-10 13:17:51,chat,delivery,2,home,east,19.09,82,2056.0,0,13,0,2,30
T-10287,C-0040,2026-02-10 18:18:55,email,returns,3,business,west,,57,2434.0,1,18,0,3,130
T-10288,C-0017,2026-02-10 18:51:09,email,returns,2,home,south,17.53,218,564.0,3,18,0,1,17
T-10289,C-0058,2026-02-10 20:33:42,chat,warranty,2,trade,north,383.94,68,1652.0,3,20,0,2,27
T-10290,C-0071,2026-02-10 20:35:52,web_form,payment,2,trade,west,64.33,95,1508.0,13,20,0,2,104
T-10291,C-0169,2026-02-10 20:41:48,unknown,account,3,trade,east,,100,1682.0,5,20,0,3,289
T-10292,C-0071,2026-02-11 08:41:27,email,delivery,2,trade,west,58.2,63,1509.0,14,8,0,2,80
T-10293,C-0227,2026-02-11 10:10:41,chat,payment,3,trade,north,124.2,78,2497.0,7,10,0,3,17
T-10294,C-0130,2026-02-11 10:32:29,chat,payment,3,trade,east,137.16,47,561.0,1,10,0,3,93
T-10295,C-0105,2026-02-11 10:58:04,email,delivery,2,trade,south,33.21,89,2419.0,3,10,0,2,116
T-10296,C-0115,2026-02-11 15:07:42,email,returns,2,trade,south,152.14,60,1614.0,3,15,0,2,81
T-10297,,2026-02-11 15:20:07,email,delivery,3,guest,unknown,211.81,116,,0,15,0,3,55
T-10298,C-0030,2026-02-11 17:58:37,email,returns,2,trade,south,265.92,74,2199.0,2,17,1,1,26
T-10299,C-0099,2026-02-11 20:30:27,phone,warranty,3,business,north,137.4,33,2110.0,9,20,0,3,93
T-10300,C-0239,2026-02-11 21:05:33,email,warranty,2,home,west,64.37,193,1333.0,2,21,0,1,2
T-10301,C-0037,2026-02-11 21:41:46,email,delivery,1,home,south,127.58,166,940.0,2,21,0,1,11
T-10302,C-0105,2026-02-11 23:48:27,email,delivery,3,trade,south,116.85,40,2419.0,4,23,0,3,40
T-10303,C-0227,2026-02-12 07:22:52,web_form,delivery,2,trade,north,54.05,93,2498.0,8,7,0,2,131
T-10304,C-0050,2026-02-12 07:33:05,phone,delivery,1,trade,unknown,45.28,36,971.0,3,7,0,1,178
T-10305,C-0048,2026-02-12 10:30:01,email,warranty,3,trade,south,83.51,74,1976.0,1,10,0,3,11
T-10306,C-0155,2026-02-12 12:29:25,chat,returns,2,trade,north,52.92,285,194.0,5,12,0,2,782
T-10307,C-0065,2026-02-12 12:51:05,email,payment,2,home,west,74.37,171,1488.0,0,12,1,1,18
T-10308,C-0034,2026-02-12 12:53:03,email,warranty,2,home,south,152.21,63,603.0,0,12,0,2,55
T-10309,C-0226,2026-02-12 15:38:47,chat,delivery,3,business,east,70.7,88,1805.0,9,15,0,3,46
T-10310,C-0105,2026-02-12 16:36:00,unknown,account,3,trade,south,,111,2420.0,5,16,0,3,403
T-10311,C-0217,2026-02-12 16:58:37,chat,returns,2,home,east,130.89,152,2463.0,4,16,0,2,12
T-10312,C-0050,2026-02-13 06:00:29,chat,delivery,1,trade,unknown,47.01,70,972.0,4,6,1,1,3
T-10313,C-0141,2026-02-13 07:17:36,chat,account,3,trade,west,,86,2391.0,1,7,0,3,67
T-10314,C-0210,2026-02-13 11:02:05,web_form,delivery,3,trade,south,181.28,58,303.0,5,11,0,3,41
T-10315,C-0027,2026-02-13 14:09:58,unknown,returns,3,business,unknown,186.44,46,579.0,9,14,0,3,24
T-10316,C-0071,2026-02-13 14:39:30,web_form,delivery,2,trade,west,101.44,235,1511.0,15,14,0,2,9
T-10317,C-0152,2026-02-13 16:20:08,email,payment,3,trade,west,228.08,148,1052.0,6,16,0,3,7
T-10318,C-0220,2026-02-13 17:08:13,phone,returns,3,home,south,229.26,131,2069.0,1,17,0,3,136
T-10319,C-0169,2026-02-13 18:12:53,email,payment,2,trade,east,118.07,84,1685.0,6,18,0,2,563
T-10320,C-0152,2026-02-13 19:40:21,chat,delivery,2,trade,west,198.93,19,1052.0,7,19,0,2,82
T-10321,C-0024,2026-02-13 21:54:34,chat,payment,1,trade,east,71.49,301,1353.0,10,21,0,1,86
T-10322,C-0236,2026-02-14 21:23:03,chat,account,3,business,east,,83,1324.0,6,21,0,3,175
T-10323,C-0096,2026-02-14 21:31:33,web_form,delivery,2,business,south,35.58,167,2467.0,7,21,1,1,8
T-10324,C-0169,2026-02-14 22:35:14,web_form,delivery,2,trade,east,228.96,116,1686.0,7,22,1,1,14
T-10325,C-0063,2026-02-15 07:25:31,web_form,delivery,2,home,north,33.48,155,1410.0,1,7,0,2,82
T-10326,C-0086,2026-02-15 10:18:20,unknown,account,2,trade,north,,47,2313.0,6,10,0,2,2
T-10327,C-0188,2026-02-15 14:06:16,chat,payment,2,trade,south,125.57,92,1172.0,1,14,0,2,159
T-10328,C-0163,2026-02-15 16:41:53,chat,delivery,2,home,north,26.11,42,2305.0,1,16,0,2,60
T-10329,C-0188,2026-02-15 19:16:42,email,account,3,trade,south,,114,1172.0,2,19,0,3,20
T-10330,C-0194,2026-02-15 21:44:03,web_form,account,3,business,north,,194,968.0,1,21,0,3,844
T-10331,C-0242,2026-02-16 07:55:33,email,payment,1,unknown,unknown,18.03,162,,0,7,0,1,2
T-10332,C-0068,2026-02-16 10:17:22,phone,delivery,3,home,north,46.14,81,25.0,0,10,0,3,33
T-10333,C-0236,2026-02-16 14:40:23,email,payment,2,business,east,103.55,179,1326.0,7,14,0,2,38
T-10334,C-0228,2026-02-16 21:53:59,email,delivery,3,home,north,39.2,320,128.0,2,21,0,3,90
T-10335,C-0099,2026-02-17 09:33:11,email,delivery,3,business,north,144.93,67,2116.0,10,9,0,3,52
T-10336,C-0227,2026-02-17 16:39:39,chat,warranty,2,trade,north,41.6,221,2503.0,9,16,0,2,79
T-10337,C-0202,2026-02-17 19:04:56,chat,delivery,3,home,east,134.67,58,1454.0,1,19,0,3,175
T-10338,C-0169,2026-02-17 21:13:25,phone,returns,2,trade,east,158.42,150,1689.0,8,21,0,2,41
T-10339,C-0050,2026-02-18 04:21:04,chat,payment,3,trade,unknown,113.9,66,977.0,5,4,0,3,61
T-10340,C-0227,2026-02-18 07:02:33,chat,payment,2,trade,north,73.56,77,2504.0,10,7,0,2,4
T-10341,C-0087,2026-02-18 07:25:04,email,returns,3,home,west,13.51,72,1552.0,1,7,0,3,512
T-10342,C-0012,2026-02-18 10:37:35,web_form,account,3,trade,west,,102,88.0,2,10,0,3,56
T-10343,C-0185,2026-02-18 12:56:41,web_form,delivery,2,home,east,88.63,77,1919.0,1,12,0,2,79
T-10344,C-0169,2026-02-18 13:46:09,web_form,returns,1,trade,east,99.8,30,1690.0,9,13,0,1,185
T-10345,C-0119,2026-02-18 17:06:19,email,warranty,2,trade,unknown,206.41,68,130.0,9,17,0,2,19
T-10346,C-0018,2026-02-18 18:49:53,email,returns,3,home,east,67.55,59,624.0,0,18,0,3,90
T-10347,C-0134,2026-02-18 20:16:25,chat,returns,3,home,north,25.41,57,2500.0,0,20,0,3,82
T-10348,C-0104,2026-02-18 20:48:12,email,warranty,3,trade,south,56.62,121,1090.0,1,20,0,3,48
T-10349,C-0073,2026-02-18 21:38:31,email,delivery,3,home,east,47.23,153,1193.0,2,21,0,3,168
T-10350,C-0094,2026-02-19 04:23:41,phone,payment,2,home,south,28.44,53,2394.0,1,4,0,2,23
T-10351,C-0169,2026-02-19 11:24:26,unknown,delivery,2,trade,east,155.62,106,1691.0,10,11,0,2,126
T-10352,C-0207,2026-02-19 11:25:20,chat,payment,3,business,west,41.44,32,1769.0,9,11,0,3,271
T-10353,C-0185,2026-02-19 13:51:27,web_form,returns,2,home,east,61.67,118,1920.0,2,13,0,2,55
T-10354,C-0181,2026-02-19 14:52:16,chat,payment,2,home,north,142.62,50,1131.0,0,14,0,2,55
T-10355,C-0050,2026-02-19 15:18:12,email,payment,3,trade,unknown,110.73,39,978.0,6,15,0,3,33
T-10356,C-0119,2026-02-19 16:28:52,email,returns,2,trade,unknown,300.44,60,131.0,10,16,0,2,217
T-10357,C-0115,2026-02-19 17:00:20,email,returns,2,trade,south,55.83,219,1622.0,4,17,0,2,47
T-10358,C-0152,2026-02-19 18:12:26,email,warranty,2,trade,west,140.12,64,1058.0,8,18,0,2,243
T-10359,C-0119,2026-02-19 21:58:41,chat,delivery,3,trade,unknown,42.49,91,131.0,11,21,0,3,43
T-10360,C-0229,2026-02-20 06:08:30,email,account,3,home,south,,144,617.0,0,6,0,3,135
T-10362,C-0081,2026-02-20 07:25:51,email,returns,2,home,west,7.84,97,331.0,2,7,0,2,461
T-10363,C-0024,2026-02-20 08:05:33,web_form,returns,3,trade,east,76.66,262,1360.0,11,8,0,3,154
T-10364,C-0177,2026-02-20 09:07:00,chat,returns,3,trade,west,46.71,124,1098.0,3,9,0,3,173
T-10365,C-0226,2026-02-20 10:06:30,email,payment,3,business,east,56.19,83,1813.0,10,10,0,3,87
T-10366,C-0063,2026-02-20 15:17:02,email,delivery,2,home,north,32.03,165,1415.0,2,15,0,2,102
T-10367,C-0115,2026-02-20 19:18:26,chat,payment,2,trade,south,229.62,98,1623.0,5,19,0,2,314
T-10368,C-0039,2026-02-20 21:30:48,email,delivery,3,trade,east,71.97,83,2338.0,5,21,0,3,112
T-10369,C-0115,2026-02-21 00:50:21,phone,payment,3,trade,south,69.96,140,1624.0,6,0,1,1,28
T-10370,C-0099,2026-02-21 09:36:15,email,warranty,2,business,north,107.2,93,2120.0,11,9,0,2,170
T-10371,C-0071,2026-02-21 11:09:25,email,delivery,3,trade,west,28.55,37,1519.0,16,11,0,3,109
T-10372,C-0226,2026-02-21 14:28:32,email,delivery,3,business,east,84.71,68,1814.0,11,14,0,3,452
T-10373,C-0105,2026-02-21 19:37:38,email,returns,3,trade,south,150.23,154,2429.0,6,19,0,3,80
T-10374,C-0169,2026-02-22 07:34:14,unknown,warranty,1,trade,east,562.29,25,1694.0,11,7,1,1,7
T-10375,C-0099,2026-02-22 08:17:19,email,account,2,business,north,,212,2121.0,12,8,0,2,162
T-10376,C-0155,2026-02-22 09:44:40,email,returns,3,trade,north,167.24,79,204.0,6,9,0,3,20
T-10377,C-0145,2026-02-22 11:22:30,phone,delivery,2,business,north,35.71,29,26.0,0,11,0,2,170
T-10378,C-0096,2026-02-22 11:54:43,web_form,delivery,3,business,south,98.79,222,2475.0,8,11,0,3,240
T-10379,C-0099,2026-02-22 14:14:22,email,warranty,3,business,north,135.09,60,2121.0,13,14,1,1,27
T-10380,C-0040,2026-02-22 22:40:14,email,payment,3,business,west,127.46,40,2446.0,2,22,0,3,304
T-10381,C-0058,2026-02-23 08:10:16,chat,returns,2,trade,north,88.74,74,1665.0,4,8,0,2,69
T-10382,C-0158,2026-02-23 11:35:54,email,delivery,3,home,south,53.84,111,1791.0,1,11,0,3,73
T-10383,C-0140,2026-02-23 15:02:39,email,delivery,2,home,east,27.67,107,551.0,0,15,0,2,103
T-10384,C-0058,2026-02-23 15:42:03,web_form,account,2,trade,north,,126,1665.0,5,15,0,2,211
T-10385,C-0105,2026-02-23 17:25:09,chat,account,2,trade,south,,65,2431.0,7,17,0,2,38
T-10386,C-0050,2026-02-24 07:46:48,email,delivery,3,trade,unknown,78.43,112,983.0,7,7,0,3,25
T-10387,C-0133,2026-02-24 07:54:09,phone,delivery,1,home,east,19.34,84,1.0,0,7,1,1,3
T-10388,C-0207,2026-02-24 08:30:16,email,warranty,3,business,west,374.77,56,1774.0,10,8,1,1,2
T-10389,C-0162,2026-02-24 11:47:33,web_form,delivery,3,trade,north,92.4,264,1956.0,6,11,0,3,5
T-10390,C-0104,2026-02-24 12:30:50,email,payment,3,trade,south,,53,1096.0,2,12,0,3,81
T-10391,C-0003,2026-02-24 13:05:53,email,delivery,3,trade,west,83.65,73,150.0,1,13,0,3,543
T-10392,C-0096,2026-02-24 14:03:31,chat,payment,1,business,south,65.99,141,2477.0,9,14,1,1,19
T-10393,C-0145,2026-02-24 14:35:38,email,returns,3,business,north,11.23,114,28.0,1,14,0,3,21
T-10394,C-0236,2026-02-24 16:00:17,chat,returns,2,business,east,233.67,36,1334.0,8,16,0,2,419
T-10395,C-0124,2026-02-24 16:09:57,phone,returns,2,home,north,41.75,110,916.0,0,16,0,2,70
T-10396,C-0207,2026-02-24 16:51:03,chat,payment,3,business,west,139.96,66,1774.0,11,16,0,3,264
T-10397,C-0050,2026-02-24 19:05:24,web_form,account,3,trade,unknown,,98,983.0,8,19,0,3,76
T-10398,C-0014,2026-02-24 19:29:42,email,delivery,1,business,north,99.83,42,451.0,5,19,0,1,381
T-10399,C-0024,2026-02-25 08:38:45,phone,delivery,1,trade,east,249.01,51,1365.0,12,8,0,1,44
T-10400,C-0226,2026-02-25 09:05:11,email,account,2,business,east,,246,1818.0,12,9,0,2,67
T-10401,C-0207,2026-02-25 12:17:06,email,warranty,2,business,west,249.26,74,1775.0,12,12,1,1,16
T-10402,C-0017,2026-02-25 12:32:32,email,warranty,3,home,south,22.27,359,579.0,4,12,0,3,258
T-10403,C-0055,2026-02-25 14:23:39,email,delivery,3,trade,north,44.31,103,1606.0,0,14,0,3,119
T-10404,C-0206,2026-02-25 14:30:49,phone,payment,2,business,north,156.24,105,641.0,2,14,1,1,17
T-10405,C-0233,2026-02-25 20:30:06,phone,returns,3,business,north,88.28,50,992.0,3,20,0,3,67
T-10406,C-0152,2026-02-25 21:15:34,web_form,delivery,3,trade,west,166.6,164,1064.0,9,21,0,3,9
T-10407,C-0134,2026-02-25 21:55:38,email,delivery,3,home,north,128.88,36,2507.0,1,21,0,3,16
T-10408,C-0030,2026-02-26 07:48:00,email,returns,2,trade,south,183.72,71,2214.0,3,7,0,2,167
T-10409,C-0226,2026-02-26 10:02:22,chat,warranty,2,business,east,190.19,36,1819.0,13,10,0,2,206
T-10410,C-0230,2026-02-26 10:09:23,email,payment,2,home,north,63.74,226,2091.0,1,10,0,2,127
T-10411,C-0074,2026-02-26 14:41:03,email,payment,1,trade,west,69.8,79,1338.0,1,14,0,1,41
T-10412,C-0236,2026-02-26 16:58:19,email,warranty,2,business,east,291.15,355,1336.0,9,16,1,1,10
T-10413,C-0099,2026-02-26 17:12:48,chat,payment,3,business,north,22.74,41,2125.0,14,17,0,3,52
T-10414,C-0003,2026-02-26 17:40:38,email,payment,3,trade,west,92.97,35,152.0,2,17,0,3,113
T-10415,C-0017,2026-02-26 20:37:50,email,warranty,2,home,south,75.82,171,580.0,5,20,1,1,2
T-10416,C-0201,2026-02-26 21:01:52,web_form,warranty,3,business,south,106.03,138,1554.0,4,21,0,3,219
T-10417,C-0050,2026-02-26 21:26:08,email,delivery,1,trade,unknown,158.9,226,985.0,9,21,1,1,3
T-10418,C-0091,2026-02-27 07:23:09,chat,returns,2,home,west,69.01,75,681.0,1,7,0,2,39
T-10419,C-0244,2026-02-27 09:00:08,phone,delivery,3,unknown,unknown,55.82,51,,0,9,0,3,188
T-10420,C-0096,2026-02-27 10:21:23,email,delivery,3,business,south,130.21,87,2480.0,10,10,1,1,8
T-10421,C-0057,2026-02-27 11:00:05,email,delivery,3,business,south,231.24,193,1114.0,3,11,0,3,87
T-10422,C-0039,2026-02-27 11:05:44,web_form,delivery,2,trade,east,71.0,132,2345.0,6,11,0,2,66
T-10423,C-0214,2026-02-27 16:22:31,web_form,account,2,home,south,,81,6.0,0,16,0,2,5
T-10424,C-0181,2026-02-27 16:36:20,email,payment,2,home,north,58.08,78,1139.0,1,16,0,2,177
T-10425,C-0074,2026-02-27 17:59:22,email,returns,3,trade,west,218.33,100,1339.0,2,17,0,3,56
T-10426,C-0188,2026-02-27 18:03:28,email,account,2,trade,south,,45,1184.0,3,18,0,2,149
T-10427,C-0151,2026-02-27 19:10:09,email,returns,3,home,west,60.39,188,1447.0,0,19,0,3,86
T-10428,C-0057,2026-02-27 19:41:17,chat,warranty,1,business,south,141.62,58,1114.0,4,19,0,1,75
T-10429,C-0226,2026-02-27 20:59:53,email,delivery,3,business,east,315.77,67,1820.0,14,20,0,3,58
T-10430,C-0071,2026-02-27 21:02:09,web_form,delivery,2,trade,west,109.76,124,1525.0,17,21,0,2,43
T-10431,C-0050,2026-02-28 08:16:33,web_form,delivery,3,trade,unknown,64.23,118,987.0,10,8,0,3,119
T-10432,C-0022,2026-02-28 11:19:15,email,delivery,2,home,east,55.84,97,1738.0,1,11,0,2,14
T-10433,C-0155,2026-02-28 12:25:48,email,delivery,3,trade,north,55.96,263,210.0,7,12,0,3,49
T-10434,C-0050,2026-02-28 14:54:45,email,delivery,3,trade,unknown,31.78,69,987.0,11,14,0,3,128
T-10435,C-0024,2026-02-28 15:40:14,phone,account,3,trade,east,,52,1368.0,13,15,0,3,4
T-10436,C-0162,2026-02-28 17:49:39,chat,account,3,trade,north,,78,1960.0,7,17,0,3,331
T-10437,C-0107,2026-02-28 19:59:12,unknown,payment,1,trade,east,105.25,567,2296.0,4,19,1,1,47
T-10438,C-0165,2026-03-01 02:35:13,email,delivery,3,trade,south,50.38,147,1887.0,2,2,0,3,99
T-10439,C-0169,2026-03-01 10:54:48,email,delivery,3,trade,east,71.45,107,1701.0,12,10,0,3,169
T-10440,C-0024,2026-03-01 11:41:25,chat,delivery,2,trade,east,189.43,65,1369.0,14,11,0,2,74
T-10441,C-0115,2026-03-01 19:00:46,email,account,2,trade,south,,126,1632.0,7,19,0,2,89
T-10442,C-0011,2026-03-02 07:49:13,email,payment,2,home,west,27.34,42,159.0,0,7,0,2,699
T-10443,C-0180,2026-03-02 07:49:13,email,delivery,3,home,north,36.34,132,1515.0,1,7,0,3,37
T-10444,C-0050,2026-03-02 10:34:36,phone,warranty,2,trade,unknown,155.23,50,989.0,12,10,0,2,28
T-10445,C-0007,2026-03-02 11:47:54,phone,payment,3,business,north,47.52,353,455.0,3,11,1,1,11
T-10446,C-0163,2026-03-02 12:18:51,phone,delivery,3,home,north,21.49,68,2320.0,2,12,0,3,45
T-10447,C-0058,2026-03-02 13:19:36,email,delivery,3,trade,north,162.38,165,1672.0,6,13,0,3,125
T-10448,C-0063,2026-03-02 13:25:16,email,returns,2,home,north,91.67,79,1425.0,3,13,0,2,42
T-10449,C-0139,2026-03-02 17:35:23,email,delivery,2,business,east,89.3,41,630.0,1,17,0,2,141
T-10450,C-0047,2026-03-02 20:22:57,email,delivery,3,home,south,80.48,85,2475.0,1,20,0,3,86
T-10451,C-0005,2026-03-02 20:26:25,web_form,warranty,3,home,east,16.69,43,550.0,0,20,0,3,39
T-10452,C-0119,2026-03-03 01:37:55,email,payment,3,trade,unknown,60.39,119,143.0,12,1,0,3,117
T-10453,C-0119,2026-03-03 09:41:28,email,warranty,3,trade,unknown,110.65,26,143.0,13,9,0,3,22
T-10454,C-0034,2026-03-03 11:39:56,phone,returns,2,home,south,31.01,35,622.0,1,11,0,2,260
T-10455,C-0217,2026-03-03 12:29:50,web_form,delivery,3,home,east,78.07,50,2482.0,5,12,0,3,105
T-10456,C-0038,2026-03-03 12:42:09,chat,payment,2,home,west,49.4,79,2125.0,0,12,1,1,10
T-10457,C-0243,2026-03-03 14:48:06,email,account,2,unknown,unknown,,74,,0,14,0,2,86
T-10458,C-0086,2026-03-03 16:33:32,chat,warranty,3,trade,north,51.65,324,2329.0,7,16,0,1,8
T-10459,C-0169,2026-03-03 17:44:13,email,returns,1,trade,east,230.58,110,1703.0,13,17,0,1,32
T-10460,C-0048,2026-03-03 17:54:45,web_form,account,3,trade,south,,51,1995.0,2,17,0,3,559
T-10461,C-0050,2026-03-03 18:50:35,email,payment,1,trade,unknown,61.54,107,990.0,13,18,0,1,210
T-10462,C-0114,2026-03-03 21:25:58,email,payment,3,trade,unknown,233.33,74,1281.0,3,21,0,3,104
T-10463,C-0165,2026-03-04 09:44:29,chat,warranty,3,trade,south,106.49,76,1890.0,3,9,0,3,110
T-10464,C-0094,2026-03-04 11:20:33,email,delivery,1,home,south,48.03,233,2407.0,2,11,0,1,23
T-10465,C-0107,2026-03-04 15:12:47,email,delivery,1,trade,east,162.0,61,2300.0,5,15,1,1,10
T-10466,C-0147,2026-03-04 16:58:32,email,returns,3,home,south,,192,1086.0,1,16,0,3,137
T-10467,C-0194,2026-03-04 17:47:05,email,account,2,business,north,,118,985.0,2,17,0,2,66
T-10468,C-0147,2026-03-04 20:22:01,unknown,delivery,3,home,south,97.55,18,1086.0,2,20,0,3,206
T-10469,C-0228,2026-03-05 07:42:41,chat,payment,3,home,north,69.96,22,145.0,3,7,0,3,291
T-10470,C-0086,2026-03-05 08:09:23,email,warranty,3,trade,north,311.31,121,2331.0,8,8,0,3,148
T-10471,C-0096,2026-03-05 08:30:22,email,payment,3,business,south,374.05,125,2486.0,11,8,0,3,104
T-10472,C-0024,2026-03-05 11:55:03,chat,delivery,3,trade,east,116.65,92,1373.0,15,11,0,3,29
T-10473,C-0169,2026-03-05 13:54:41,chat,returns,1,trade,east,27.96,77,1705.0,14,13,0,1,348
T-10474,C-0105,2026-03-05 16:53:59,email,account,3,trade,south,,126,2441.0,8,16,0,3,2
T-10475,C-0130,2026-03-05 18:36:27,email,account,3,trade,east,,108,583.0,2,18,0,3,157
T-10476,C-0057,2026-03-05 18:53:47,email,delivery,3,business,south,77.59,56,1120.0,5,18,0,3,65
T-10477,C-0187,2026-03-05 20:26:34,chat,delivery,2,home,north,389.86,34,2372.0,0,20,0,2,128
T-10478,C-0096,2026-03-05 20:57:49,email,account,2,business,south,,76,2486.0,12,20,0,2,6
T-10479,C-0057,2026-03-05 23:36:47,email,warranty,2,business,south,35.42,146,1120.0,6,23,0,2,96
T-10480,C-0027,2026-03-06 07:45:37,unknown,returns,2,business,unknown,68.04,80,600.0,10,7,0,2,304
T-10481,C-0194,2026-03-06 07:50:50,email,account,2,business,north,,50,987.0,3,7,0,2,2
T-10482,C-0119,2026-03-06 10:29:34,chat,returns,1,trade,unknown,30.99,64,146.0,14,10,1,1,58
T-10483,C-0006,2026-03-06 11:46:21,phone,delivery,3,business,west,168.15,51,1102.0,1,11,0,3,130
T-10484,,2026-03-06 12:55:06,phone,payment,3,guest,unknown,132.94,34,,0,12,0,3,73
T-10485,C-0028,2026-03-06 16:43:17,unknown,delivery,3,home,west,69.86,83,1765.0,4,16,0,3,339
T-10486,C-0063,2026-03-06 17:04:28,email,delivery,3,home,north,24.68,69,1429.0,4,17,0,3,87
T-10487,C-0030,2026-03-07 03:33:18,email,delivery,3,trade,south,35.19,157,2223.0,4,3,0,3,135
T-10488,C-0007,2026-03-07 07:38:28,unknown,returns,3,business,north,109.89,231,460.0,4,7,0,3,373
T-10489,C-0227,2026-03-07 08:14:26,chat,delivery,3,trade,north,91.29,29,2521.0,11,8,0,3,81
T-10490,C-0222,2026-03-07 10:20:27,email,payment,3,home,east,54.28,149,242.0,0,10,0,3,54
T-10491,C-0162,2026-03-07 10:37:29,email,returns,3,trade,north,62.95,178,1967.0,8,10,0,3,131
T-10492,C-0199,2026-03-07 11:59:10,chat,warranty,1,home,west,51.67,86,690.0,0,11,0,1,354
T-10493,C-0169,2026-03-07 18:04:32,web_form,delivery,3,trade,east,41.54,123,1707.0,15,18,0,3,457
T-10494,C-0169,2026-03-08 07:59:35,phone,delivery,3,trade,east,81.97,147,1708.0,16,7,0,3,293
T-10495,C-0185,2026-03-08 13:57:39,email,delivery,3,home,east,124.34,68,1937.0,3,13,0,3,749
T-10496,C-0050,2026-03-08 14:51:30,phone,returns,1,trade,unknown,582.82,82,995.0,14,14,0,1,142
T-10497,C-0183,2026-03-09 09:46:02,web_form,returns,2,home,north,43.67,32,712.0,2,9,0,2,11
T-10498,C-0012,2026-03-09 09:53:46,email,warranty,2,trade,west,167.66,92,107.0,3,9,0,2,131
T-10499,C-0155,2026-03-09 10:57:18,email,returns,2,trade,north,148.44,94,219.0,8,10,1,1,12
T-10500,C-0058,2026-03-09 11:02:15,chat,returns,3,trade,north,94.44,84,1679.0,7,11,0,3,93
T-10501,C-0212,2026-03-09 11:32:04,email,payment,2,home,west,136.23,108,367.0,1,11,0,2,18
T-10502,C-0181,2026-03-09 17:06:18,chat,returns,3,home,north,137.03,70,1149.0,2,17,0,3,2
T-10503,C-0064,2026-03-09 19:51:12,email,delivery,3,home,north,101.75,71,2308.0,0,19,0,3,85
T-10504,C-0104,2026-03-10 05:36:09,email,delivery,2,trade,south,630.74,67,1110.0,3,5,0,2,79
T-10505,C-0096,2026-03-10 09:25:19,chat,payment,2,business,south,52.51,48,2491.0,13,9,1,1,6
T-10506,C-0194,2026-03-10 10:27:31,email,delivery,2,business,north,237.83,96,991.0,4,10,0,2,485
T-10507,C-0115,2026-03-10 10:42:35,chat,payment,2,trade,south,163.51,119,1641.0,8,10,0,2,67
T-10508,C-0064,2026-03-10 11:38:55,email,delivery,2,home,north,17.72,72,2309.0,1,11,0,2,212
T-10509,C-0180,2026-03-10 13:31:19,email,delivery,2,home,north,19.23,41,1523.0,2,13,0,2,179
T-10510,C-0152,2026-03-10 19:53:10,chat,payment,2,trade,west,65.02,55,1077.0,10,19,1,1,6
T-10511,C-0227,2026-03-10 20:12:28,phone,delivery,3,trade,north,88.53,110,2524.0,12,20,0,3,50
T-10512,C-0194,2026-03-10 21:25:40,chat,account,2,business,north,,248,991.0,5,21,0,2,30
T-10513,C-0162,2026-03-11 07:25:17,web_form,returns,3,trade,north,119.95,72,1971.0,9,7,0,3,940
T-10514,C-0151,2026-03-11 08:41:48,chat,delivery,2,home,west,88.34,69,1459.0,1,8,0,2,396
T-10515,C-0050,2026-03-11 08:46:09,email,payment,3,trade,unknown,102.57,32,998.0,15,8,0,3,387
T-10516,C-0233,2026-03-11 09:53:10,chat,account,3,business,north,,59,1006.0,4,9,0,3,75
T-10517,C-0063,2026-03-11 10:20:10,email,delivery,1,home,north,59.01,204,1434.0,5,10,0,1,353
T-10518,C-0210,2026-03-11 12:10:17,phone,payment,3,trade,south,261.48,129,329.0,6,12,0,3,85
T-10519,C-0058,2026-03-11 13:10:54,email,returns,3,trade,north,46.26,146,1681.0,8,13,0,3,123
T-10520,C-0152,2026-03-11 13:21:18,chat,account,2,trade,west,,215,1078.0,11,13,1,1,5
T-10521,C-0210,2026-03-11 14:46:31,chat,account,2,trade,south,,251,329.0,7,14,0,2,180
T-10522,C-0046,2026-03-11 17:46:45,web_form,delivery,3,trade,south,151.6,112,717.0,3,17,1,1,18
T-10523,C-0226,2026-03-11 19:08:44,email,delivery,2,business,east,70.31,69,1832.0,15,19,0,2,568
T-10524,C-0016,2026-03-11 21:24:42,phone,warranty,3,home,west,237.29,72,19.0,0,21,0,3,229
T-10525,C-0203,2026-03-12 02:11:05,web_form,payment,2,home,north,98.67,37,1882.0,0,2,0,2,9
T-10526,C-0084,2026-03-12 07:42:55,web_form,delivery,3,home,south,57.39,81,2202.0,0,7,0,3,103
T-10527,C-0139,2026-03-12 07:56:09,web_form,returns,2,business,east,1082.71,82,640.0,2,7,0,2,49
T-10528,C-0122,2026-03-12 08:41:37,email,payment,2,home,east,129.88,161,336.0,0,8,0,2,168
T-10529,C-0090,2026-03-12 09:01:21,web_form,warranty,3,trade,east,97.22,183,1034.0,0,9,0,3,29
T-10530,C-0001,2026-03-12 09:39:06,email,returns,2,home,north,22.29,151,510.0,1,9,0,2,193
T-10531,C-0162,2026-03-12 10:23:04,web_form,account,1,trade,north,,146,1972.0,10,10,0,1,71
T-10532,C-0169,2026-03-12 14:13:52,web_form,delivery,2,trade,east,102.26,67,1712.0,17,14,0,2,21
T-10533,C-0139,2026-03-12 16:36:44,email,delivery,3,business,east,96.97,87,640.0,3,16,0,3,157
T-10534,C-0227,2026-03-12 17:22:09,chat,returns,3,trade,north,95.26,73,2526.0,13,17,0,3,28
T-10535,C-0177,2026-03-13 07:43:14,web_form,payment,3,trade,west,147.52,78,1119.0,4,7,0,3,159
T-10536,C-0162,2026-03-13 14:37:09,phone,payment,1,trade,north,234.65,77,1973.0,11,14,1,1,13
T-10537,C-0227,2026-03-13 15:27:02,phone,payment,3,trade,north,148.18,100,2527.0,14,15,0,3,358
T-10538,C-0058,2026-03-13 15:49:54,web_form,delivery,3,trade,north,48.48,23,1683.0,9,15,0,3,367
T-10539,C-0236,2026-03-13 20:42:17,chat,warranty,3,business,east,40.83,32,1351.0,10,20,0,3,43
T-10540,C-0086,2026-03-13 21:10:38,chat,delivery,3,trade,north,92.26,87,2339.0,9,21,0,3,164
T-10541,C-0207,2026-03-14 07:44:50,web_form,account,2,business,west,,105,1792.0,13,7,0,2,300
T-10542,C-0012,2026-03-14 09:11:37,chat,payment,3,trade,west,86.98,106,112.0,4,9,0,3,161
T-10543,C-0119,2026-03-14 12:09:10,email,account,2,trade,unknown,,46,154.0,15,12,0,2,14
T-10544,C-0054,2026-03-14 15:40:37,email,warranty,3,home,north,40.72,115,1449.0,2,15,1,1,5
T-10545,C-0107,2026-03-14 17:13:08,chat,payment,2,trade,east,127.11,34,2310.0,6,17,0,2,21
T-10546,C-0199,2026-03-15 04:13:12,email,delivery,2,home,west,184.17,31,698.0,1,4,1,1,66
T-10547,C-0224,2026-03-15 17:57:57,chat,delivery,3,home,north,33.33,116,1597.0,2,17,0,3,254
T-10548,C-0044,2026-03-15 18:14:51,email,returns,3,home,west,227.72,77,2287.0,0,18,0,3,234
T-10549,C-0145,2026-03-15 20:22:12,chat,account,3,business,north,,101,47.0,2,20,0,1,46
T-10550,C-0014,2026-03-16 07:17:24,phone,returns,3,business,north,87.32,352,471.0,6,7,0,3,208
T-10551,C-0162,2026-03-16 08:39:50,email,delivery,2,trade,north,94.94,97,1976.0,12,8,0,2,313
T-10552,C-0109,2026-03-16 08:56:51,email,account,2,home,west,,32,1236.0,0,8,0,2,45
T-10553,C-0207,2026-03-16 09:02:12,email,account,3,business,west,,178,1794.0,14,9,0,3,138
T-10554,C-0024,2026-03-16 09:11:19,chat,returns,2,trade,east,285.61,103,1384.0,16,9,0,2,98
T-10555,C-0039,2026-03-16 17:09:29,web_form,delivery,2,trade,east,411.69,110,2362.0,7,17,0,2,8
T-10556,C-0096,2026-03-16 18:05:33,chat,delivery,2,business,south,122.76,66,2497.0,14,18,0,2,761
T-10557,C-0169,2026-03-16 20:31:35,email,warranty,2,trade,east,112.07,40,1716.0,18,20,0,2,38
T-10558,C-0236,2026-03-16 21:52:04,phone,delivery,2,business,east,216.86,145,1354.0,11,21,0,2,209
T-10559,C-0054,2026-03-17 08:36:42,chat,delivery,3,home,north,60.86,83,1452.0,3,8,0,3,47
T-10560,C-0225,2026-03-17 10:28:35,email,account,1,home,east,,56,1571.0,0,10,0,1,355
T-10561,C-0024,2026-03-17 11:39:06,phone,account,2,trade,east,,176,1385.0,17,11,0,2,59
T-10562,C-0039,2026-03-17 11:50:11,email,warranty,1,trade,east,100.04,39,2363.0,8,11,0,1,26
T-10563,C-0217,2026-03-17 12:43:17,chat,returns,2,home,east,54.68,64,2496.0,6,12,0,2,156
T-10564,C-0051,2026-03-17 12:56:27,phone,account,3,home,east,,84,1858.0,0,12,0,3,343
T-10565,C-0226,2026-03-17 13:01:51,email,delivery,1,business,east,126.01,119,1838.0,16,13,1,1,28
T-10566,C-0030,2026-03-17 14:43:32,email,returns,2,trade,south,199.92,40,2233.0,5,14,0,2,19
T-10567,C-0107,2026-03-17 15:05:37,phone,returns,1,trade,east,297.79,111,2313.0,7,15,1,1,23
T-10568,C-0081,2026-03-17 18:13:03,email,returns,3,home,west,38.49,135,356.0,3,18,0,3,488
T-10569,C-0162,2026-03-17 19:38:35,chat,delivery,3,trade,north,95.76,76,1977.0,13,19,0,3,234
T-10570,C-0066,2026-03-17 20:37:52,phone,account,2,home,unknown,,102,1304.0,1,20,0,2,31
T-10571,C-0180,2026-03-18 08:31:51,unknown,warranty,2,home,north,181.95,86,1531.0,3,8,1,1,9
T-10572,C-0087,2026-03-18 10:17:30,chat,delivery,3,home,west,40.72,54,1580.0,2,10,0,3,307
T-10573,C-0093,2026-03-18 11:10:47,phone,warranty,2,home,east,54.66,435,2553.0,1,11,1,1,22
T-10574,C-0226,2026-03-18 14:32:44,chat,payment,2,business,east,131.19,117,1839.0,17,14,0,2,71
T-10575,C-0219,2026-03-18 16:31:32,chat,warranty,3,trade,south,58.62,101,632.0,2,16,0,3,130
T-10576,C-0055,2026-03-18 17:42:21,email,account,3,trade,north,,81,1627.0,1,17,0,3,11
T-10577,C-0105,2026-03-18 18:59:27,phone,delivery,2,trade,south,194.98,108,2454.0,9,18,1,1,2
T-10578,C-0055,2026-03-18 19:20:58,email,delivery,3,trade,north,273.37,58,1627.0,2,19,0,3,517
T-10579,C-0194,2026-03-19 07:41:05,chat,payment,3,business,north,53.3,20,1000.0,6,7,0,3,251
T-10580,C-0226,2026-03-19 07:50:13,chat,account,3,business,east,,144,1840.0,18,7,0,3,158
T-10581,C-0014,2026-03-19 09:26:50,web_form,delivery,1,business,north,133.07,62,474.0,7,9,1,1,3
T-10582,C-0191,2026-03-19 11:06:53,chat,delivery,2,home,west,60.45,66,1295.0,0,11,0,2,81
T-10583,C-0227,2026-03-19 11:21:05,chat,payment,2,trade,north,54.64,157,2533.0,15,11,0,2,58
T-10584,C-0071,2026-03-19 12:11:02,phone,warranty,2,trade,west,184.08,109,1545.0,18,12,0,2,215
T-10585,C-0114,2026-03-19 15:44:35,web_form,delivery,2,trade,unknown,246.45,110,1297.0,4,15,0,2,26
T-10586,C-0099,2026-03-19 17:22:05,chat,warranty,2,business,north,98.28,38,2146.0,15,17,0,2,2
T-10587,C-0226,2026-03-19 19:23:16,web_form,payment,3,business,east,61.44,128,1840.0,19,19,0,3,117
T-10588,C-0119,2026-03-19 20:16:01,chat,account,3,trade,unknown,,242,159.0,16,20,0,3,245
T-10589,C-0025,2026-03-20 02:32:01,chat,delivery,3,home,west,40.03,135,2174.0,7,2,0,3,120
T-10590,C-0008,2026-03-20 04:10:07,web_form,delivery,3,home,west,26.11,53,1398.0,0,4,0,3,468
T-10591,C-0233,2026-03-20 07:18:18,web_form,returns,3,business,north,28.51,47,1015.0,5,7,0,3,17
T-10592,C-0162,2026-03-20 07:30:07,chat,delivery,3,trade,north,45.22,42,1980.0,14,7,0,3,168
T-10593,C-0105,2026-03-20 08:35:47,email,returns,2,trade,south,244.83,46,2456.0,10,8,0,2,375
T-10594,C-0169,2026-03-20 10:04:31,phone,warranty,3,trade,east,77.63,39,1720.0,19,10,0,3,5
T-10595,C-0050,2026-03-20 12:07:57,unknown,warranty,3,trade,unknown,96.56,63,1007.0,16,12,0,3,5
T-10596,C-0228,2026-03-20 12:53:09,email,returns,3,home,north,71.73,64,160.0,4,12,0,3,104
T-10597,C-0244,2026-03-20 13:10:50,chat,warranty,3,unknown,unknown,,102,,1,13,0,3,159
T-10598,C-0003,2026-03-20 13:35:27,email,returns,3,trade,west,24.62,150,174.0,3,13,0,3,104
T-10599,C-0165,2026-03-20 13:51:00,chat,payment,3,trade,south,280.31,130,1906.0,4,13,1,1,2
T-10600,C-0119,2026-03-20 14:46:17,web_form,account,3,trade,unknown,,80,160.0,17,14,0,3,193
T-10601,C-0071,2026-03-20 16:54:36,email,payment,3,trade,west,347.23,82,1546.0,19,16,0,3,841
T-10602,C-0206,2026-03-20 18:13:45,chat,returns,3,business,north,52.48,49,664.0,3,18,0,3,135
T-10603,C-0022,2026-03-20 19:16:42,chat,returns,2,home,east,53.0,98,1758.0,2,19,0,2,3
T-10604,C-0074,2026-03-20 20:37:31,chat,delivery,3,trade,west,242.72,33,1360.0,3,20,0,3,337
T-10605,C-0007,2026-03-20 21:05:20,email,warranty,3,business,north,226.33,41,473.0,5,21,1,1,8
T-10606,C-0053,2026-03-20 21:52:13,chat,payment,2,home,west,25.95,52,449.0,0,21,0,2,110
T-10607,C-0086,2026-03-21 19:05:01,phone,delivery,2,trade,north,42.39,26,2347.0,10,19,0,2,10
T-10608,C-0217,2026-03-21 21:39:44,chat,delivery,2,home,east,32.27,100,2500.0,7,21,0,2,58
T-10609,C-0052,2026-03-22 07:00:30,email,returns,2,trade,west,303.61,174,1400.0,0,7,1,1,41
T-10610,C-0219,2026-03-22 07:07:11,chat,returns,1,trade,south,92.22,75,636.0,3,7,0,1,108
T-10611,C-0177,2026-03-22 10:04:06,email,delivery,3,trade,west,117.7,331,1128.0,5,10,0,3,16
T-10612,C-0071,2026-03-22 11:05:40,phone,delivery,2,trade,west,62.59,57,1548.0,20,11,0,2,91
T-10613,C-0194,2026-03-22 11:20:27,email,returns,1,business,north,54.6,128,1003.0,7,11,0,1,115
T-10614,C-0152,2026-03-22 15:31:39,email,payment,2,trade,west,205.69,99,1089.0,12,15,0,2,139
T-10615,C-0028,2026-03-23 08:44:17,phone,returns,1,home,west,90.95,163,1782.0,5,8,0,1,22
T-10616,C-0240,2026-03-23 09:26:34,web_form,returns,2,home,south,105.33,36,2164.0,0,9,0,2,112
T-10617,C-0139,2026-03-23 11:23:35,email,payment,1,business,east,32.41,59,651.0,4,11,0,1,388
T-10618,C-0207,2026-03-23 14:08:15,email,returns,3,business,west,70.92,138,1801.0,15,14,0,3,564
T-10619,C-0139,2026-03-23 15:36:35,chat,returns,1,business,east,55.59,25,651.0,5,15,0,1,355
T-10620,C-0041,2026-03-23 18:48:37,email,payment,2,home,west,85.32,81,1336.0,0,18,0,2,264
T-10621,C-0071,2026-03-23 19:53:33,web_form,account,3,trade,west,,144,1549.0,21,19,1,1,15
T-10622,C-0234,2026-03-23 20:00:29,email,payment,2,home,west,746.08,39,1249.0,1,20,0,2,226
T-10623,C-0124,2026-03-24 03:14:24,email,delivery,2,home,north,62.8,88,944.0,1,3,0,1,22
T-10624,C-0007,2026-03-24 04:44:03,web_form,delivery,2,business,north,224.81,33,477.0,6,4,0,2,22
T-10625,C-0228,2026-03-24 09:08:24,email,delivery,1,home,north,44.99,74,164.0,5,9,0,1,41
T-10626,C-0165,2026-03-24 11:50:21,chat,account,3,trade,south,,97,1910.0,5,11,0,3,36
T-10627,C-0105,2026-03-24 13:00:17,phone,delivery,2,trade,south,124.86,153,2460.0,11,13,0,2,7
T-10628,C-0169,2026-03-24 14:59:19,chat,returns,2,trade,east,122.78,202,1724.0,20,14,0,2,35
T-10629,C-0207,2026-03-24 16:11:15,email,account,3,business,west,,38,1802.0,16,16,0,3,45
T-10630,C-0099,2026-03-24 19:00:11,email,delivery,2,business,north,95.83,97,2151.0,16,19,1,1,67
T-10631,C-0236,2026-03-24 19:21:34,email,delivery,3,business,east,45.35,91,1362.0,12,19,0,1,60
T-10632,C-0087,2026-03-24 22:22:39,email,account,2,home,west,,172,1586.0,3,22,0,2,88
T-10633,C-0227,2026-03-25 14:19:41,chat,delivery,3,trade,north,122.35,59,2539.0,16,14,0,3,23
T-10634,C-0236,2026-03-25 15:33:14,web_form,delivery,3,business,east,121.39,135,1363.0,13,15,1,1,4
T-10635,C-0119,2026-03-25 18:19:16,phone,payment,1,trade,unknown,96.96,93,165.0,18,18,1,1,5
T-10636,C-0207,2026-03-25 20:49:26,email,account,1,business,west,,62,1803.0,17,20,0,1,5
T-10637,C-0119,2026-03-25 20:53:47,email,warranty,2,trade,unknown,372.27,80,165.0,19,20,0,2,390
T-10638,C-0096,2026-03-26 08:46:13,chat,warranty,1,business,south,238.62,105,2507.0,15,8,1,1,27
T-10639,C-0027,2026-03-26 13:38:34,chat,payment,2,business,unknown,70.94,42,620.0,11,13,0,2,20
T-10640,C-0165,2026-03-26 13:41:39,email,returns,1,trade,south,63.75,58,1912.0,6,13,1,1,83
T-10641,C-0236,2026-03-26 16:18:04,web_form,delivery,3,business,east,111.34,134,1364.0,14,16,0,3,149
T-10642,C-0057,2026-03-26 18:24:03,email,warranty,3,business,south,49.39,244,1141.0,7,18,0,3,67
T-10643,C-0227,2026-03-26 19:25:03,phone,payment,3,trade,north,68.72,57,2540.0,17,19,0,3,48
T-10644,C-0237,2026-03-26 21:00:21,chat,warranty,3,home,west,83.8,143,35.0,0,21,0,3,242
T-10645,C-0230,2026-03-26 21:33:08,phone,returns,3,home,north,28.8,64,2119.0,2,21,0,3,23
T-10646,C-0236,2026-03-27 07:15:48,email,delivery,3,business,east,205.88,210,1365.0,15,7,0,3,19
T-10647,C-0024,2026-03-27 09:14:59,web_form,delivery,2,trade,east,210.32,56,1395.0,18,9,0,2,158
T-10648,C-0162,2026-03-27 13:03:49,email,warranty,2,trade,north,176.48,35,1987.0,15,13,0,2,2
T-10649,C-0226,2026-03-27 15:28:34,chat,delivery,2,business,east,72.38,102,1848.0,20,15,1,1,7
T-10650,C-0159,2026-03-27 16:18:59,phone,payment,1,home,west,182.19,78,33.0,0,16,1,1,10
T-10651,C-0050,2026-03-27 16:26:52,chat,returns,2,trade,unknown,80.51,69,1014.0,17,16,0,2,31
T-10652,C-0014,2026-03-28 12:53:47,email,warranty,1,business,north,312.1,84,483.0,8,12,0,1,46
T-10653,C-0169,2026-03-28 14:24:26,chat,warranty,2,trade,east,111.59,93,1728.0,21,14,1,1,2
T-10654,C-0181,2026-03-28 14:48:47,unknown,warranty,2,home,north,227.68,64,1168.0,3,14,0,2,15
T-10655,C-0040,2026-03-28 15:49:56,email,delivery,3,business,west,264.51,140,2480.0,3,15,0,3,30
T-10656,C-0039,2026-03-28 15:56:51,web_form,returns,3,trade,east,374.24,84,2374.0,9,15,0,3,391
T-10657,C-0067,2026-03-28 16:13:56,chat,delivery,3,home,east,95.01,71,286.0,1,16,0,3,188
T-10658,C-0067,2026-03-29 07:44:54,email,returns,2,home,east,231.81,15,287.0,2,7,0,2,161
T-10659,C-0099,2026-03-29 08:01:59,web_form,returns,2,business,north,165.16,119,2156.0,17,8,0,2,128
T-10660,C-0138,2026-03-29 08:38:03,web_form,returns,3,home,south,105.84,119,1827.0,0,8,0,3,18
T-10661,C-0199,2026-03-29 10:35:54,email,payment,3,home,west,38.05,118,712.0,2,10,0,3,104
T-10662,C-0162,2026-03-29 10:43:02,chat,returns,3,trade,north,72.81,30,1989.0,16,10,0,3,71
T-10663,C-0165,2026-03-29 11:32:48,chat,payment,3,trade,south,57.92,169,1915.0,7,11,0,3,629
T-10664,C-0147,2026-03-29 16:22:18,email,returns,2,home,south,175.07,105,1111.0,3,16,0,2,138
T-10665,C-0020,2026-03-29 17:38:54,email,delivery,3,home,north,72.84,44,1484.0,0,17,0,3,261
T-10666,C-0233,2026-03-29 17:50:00,phone,account,1,business,north,,43,1024.0,6,17,0,1,248
T-10667,C-0155,2026-03-29 21:38:19,chat,delivery,2,trade,north,79.85,106,239.0,9,21,1,1,2
T-10668,C-0165,2026-03-30 03:44:22,phone,delivery,2,trade,south,143.97,35,1916.0,8,3,0,2,4
T-10669,C-0071,2026-03-30 07:43:34,email,delivery,2,trade,west,43.6,104,1556.0,22,7,0,2,33
T-10670,C-0188,2026-03-30 09:53:46,email,account,3,trade,south,,54,1215.0,4,9,0,3,47
T-10671,C-0025,2026-03-30 12:12:44,chat,account,2,home,west,,102,2184.0,8,12,0,2,56
T-10672,C-0236,2026-03-30 12:33:02,phone,returns,3,business,east,242.83,66,1368.0,16,12,0,3,263
T-10673,C-0113,2026-03-30 13:34:47,phone,payment,2,trade,north,350.29,145,1173.0,3,13,0,1,33
T-10674,C-0031,2026-03-30 14:19:48,chat,warranty,3,home,north,39.88,71,43.0,0,14,0,3,341
T-10675,C-0201,2026-03-30 17:03:01,email,warranty,3,business,south,55.29,127,1586.0,5,17,0,3,172
T-10676,C-0219,2026-03-30 20:09:10,chat,returns,2,trade,south,42.23,248,644.0,4,20,0,2,152
T-10677,C-0074,2026-03-31 02:22:59,unknown,account,2,trade,west,,139,1371.0,4,2,0,2,38
T-10678,C-0207,2026-03-31 06:00:16,web_form,payment,1,business,west,71.5,118,1809.0,18,6,1,1,7
T-10679,C-0226,2026-03-31 07:11:37,web_form,payment,3,business,east,101.06,49,1852.0,21,7,0,3,3
T-10680,C-0119,2026-03-31 09:58:22,chat,delivery,2,trade,unknown,56.25,43,171.0,20,9,0,2,36
T-10681,C-0217,2026-03-31 16:26:50,chat,delivery,3,home,east,34.66,42,2510.0,8,16,0,3,567
T-10682,C-0163,2026-03-31 16:36:42,email,delivery,2,home,north,74.5,34,2349.0,3,16,0,2,108
T-10683,C-0071,2026-03-31 17:00:49,chat,returns,3,trade,west,186.51,23,1557.0,23,17,0,3,95
T-10684,C-0132,2026-03-31 18:46:26,email,account,3,home,west,,52,1731.0,0,18,0,3,19
T-10685,C-0119,2026-03-31 20:29:33,chat,returns,3,trade,unknown,268.78,144,171.0,21,20,0,3,203
T-10686,C-0226,2026-03-31 20:41:15,phone,returns,3,business,east,148.95,130,1852.0,22,20,0,3,281
T-10687,C-0169,2026-04-01 08:28:32,chat,warranty,3,trade,east,51.53,121,1732.0,22,8,1,1,2
T-10688,C-0058,2026-04-01 08:55:43,email,payment,3,trade,north,149.43,40,1702.0,10,8,0,3,70
T-10689,C-0050,2026-04-01 09:17:39,web_form,delivery,3,trade,unknown,278.77,92,1019.0,18,9,0,3,100
T-10690,C-0161,2026-04-01 11:25:38,phone,returns,2,trade,west,89.53,65,2212.0,1,11,0,1,55
T-10691,C-0046,2026-04-01 12:35:04,email,delivery,1,trade,south,176.68,50,738.0,4,12,0,1,174
T-10692,C-0037,2026-04-01 12:55:47,email,account,3,home,south,,33,989.0,3,12,0,3,12
T-10693,C-0086,2026-04-01 13:24:15,email,delivery,3,trade,north,89.81,62,2358.0,11,13,0,3,265
T-10694,C-0163,2026-04-01 15:20:27,web_form,delivery,3,home,north,103.76,49,2350.0,4,15,0,3,197
T-10695,C-0115,2026-04-01 15:22:29,email,payment,1,trade,south,640.81,60,1663.0,9,15,0,1,118
T-10696,C-0119,2026-04-01 16:06:38,email,warranty,1,trade,unknown,100.0,105,172.0,22,16,1,1,33
T-10697,C-0069,2026-04-01 16:39:01,email,returns,2,trade,south,32.74,57,1294.0,0,16,0,2,118
T-10698,C-0039,2026-04-01 18:28:59,email,returns,2,trade,east,138.71,208,2378.0,10,18,0,2,244
T-10699,C-0055,2026-04-01 18:39:06,email,account,1,trade,north,,121,1641.0,3,18,1,1,5
T-10700,C-0160,2026-04-01 19:34:37,chat,delivery,3,home,east,32.12,58,481.0,0,19,0,3,37
T-10701,C-0149,2026-04-01 19:43:05,email,warranty,3,home,south,25.62,99,93.0,0,19,0,3,376
T-10702,C-0163,2026-04-01 20:11:36,chat,payment,2,home,north,172.92,141,2350.0,5,20,0,2,444
T-10703,C-0099,2026-04-01 21:15:23,chat,warranty,3,business,north,70.05,320,2159.0,18,21,1,1,7
T-10704,C-0047,2026-04-01 21:27:00,phone,warranty,3,home,south,65.56,54,2505.0,2,21,0,3,10
T-10705,C-0119,2026-04-01 21:30:09,email,payment,2,trade,unknown,144.3,111,172.0,23,21,0,1,66
T-10706,C-0054,2026-04-02 09:00:08,chat,account,2,home,north,,123,1468.0,4,9,0,2,274
T-10707,C-0050,2026-04-02 13:59:29,unknown,warranty,2,trade,unknown,43.51,25,1020.0,19,13,0,2,115
T-10708,C-0165,2026-04-02 15:33:20,email,account,3,trade,south,,57,1919.0,9,15,1,1,13
T-10709,C-0141,2026-04-02 16:08:56,chat,delivery,1,trade,west,72.06,205,2439.0,2,16,0,1,97
T-10710,C-0166,2026-04-02 16:28:46,email,delivery,2,home,south,38.56,50,1773.0,1,16,0,2,398
T-10711,C-0115,2026-04-02 18:39:20,email,warranty,2,trade,south,45.25,33,1664.0,10,18,0,2,43
T-10712,C-0054,2026-04-02 18:50:34,email,payment,3,home,north,96.17,170,1468.0,5,18,0,3,41
T-10713,C-0177,2026-04-02 21:28:02,chat,delivery,2,trade,west,291.67,170,1139.0,6,21,0,2,183
T-10714,C-0001,2026-04-02 22:48:49,email,account,3,home,north,,62,531.0,2,22,0,3,35
T-10715,C-0194,2026-04-03 07:57:40,email,delivery,3,business,north,97.17,39,1015.0,8,7,0,3,189
T-10716,C-0158,2026-04-03 08:02:01,email,delivery,2,home,south,11.53,323,1830.0,2,8,1,1,15
T-10717,C-0071,2026-04-03 08:48:02,email,returns,3,trade,west,196.99,198,1560.0,24,8,0,3,298
T-10718,C-0227,2026-04-03 14:00:22,chat,returns,2,trade,north,18.09,163,2548.0,18,14,0,2,251
T-10719,C-0115,2026-04-03 15:07:26,unknown,returns,2,trade,south,24.7,49,1665.0,11,15,0,2,425
T-10720,C-0168,2026-04-03 19:29:11,chat,delivery,3,trade,west,54.96,20,857.0,2,19,0,3,228
T-10721,C-0224,2026-04-03 19:39:08,chat,warranty,3,home,north,141.03,226,1616.0,3,19,0,3,616
T-10722,C-0130,2026-04-03 19:44:13,chat,delivery,3,trade,east,192.93,149,612.0,3,19,0,3,59
T-10723,C-0123,2026-04-03 21:18:36,phone,delivery,2,home,north,41.7,203,2003.0,0,21,0,2,102
T-10724,C-0105,2026-04-03 21:20:12,phone,returns,2,trade,south,28.46,204,2470.0,12,21,1,1,29
T-10725,C-0155,2026-04-04 07:30:14,chat,payment,2,trade,north,76.08,55,245.0,10,7,0,2,184
T-10726,C-0083,2026-04-04 08:03:46,email,delivery,1,home,east,32.02,30,880.0,0,8,0,1,43
T-10727,C-0220,2026-04-04 08:32:13,chat,returns,2,home,south,51.45,47,2119.0,2,8,0,2,85
T-10728,C-0139,2026-04-04 14:25:59,chat,payment,2,business,east,149.41,55,663.0,6,14,0,2,230
T-10729,C-0061,2026-04-05 10:36:01,chat,delivery,2,trade,west,101.82,103,2198.0,0,10,0,2,228
T-10730,C-0071,2026-04-05 15:23:38,email,account,3,trade,west,,139,1562.0,25,15,0,3,503
T-10731,C-0182,2026-04-05 15:26:55,chat,returns,3,home,north,51.31,107,2421.0,1,15,0,3,142
T-10732,C-0152,2026-04-05 15:53:20,email,account,2,trade,west,,33,1103.0,13,15,0,2,37
T-10733,C-0169,2026-04-05 21:33:53,email,payment,3,trade,east,255.82,159,1736.0,23,21,0,3,145
T-10734,C-0178,2026-04-06 08:12:29,chat,warranty,3,home,east,69.76,22,1682.0,0,8,0,3,95
T-10735,C-0014,2026-04-06 08:40:20,email,returns,3,business,north,25.24,104,492.0,9,8,0,3,397
T-10736,C-0226,2026-04-06 09:11:03,web_form,delivery,3,business,east,34.73,181,1858.0,23,9,0,3,186
T-10737,C-0054,2026-04-06 11:39:39,email,delivery,1,home,north,63.9,166,1472.0,6,11,0,1,10
T-10738,C-0027,2026-04-06 11:53:27,chat,account,3,business,unknown,,129,631.0,12,11,0,3,7
T-10739,C-0236,2026-04-06 12:35:17,chat,delivery,3,business,east,75.88,113,1375.0,17,12,0,3,232
T-10740,C-0024,2026-04-06 15:33:21,email,delivery,1,trade,east,94.91,124,1405.0,18,15,0,1,61
T-10741,C-0146,2026-04-06 18:47:24,email,returns,3,home,east,19.11,62,590.0,2,18,0,3,158
T-10742,C-0057,2026-04-06 19:15:48,email,payment,1,business,south,75.95,31,1152.0,8,19,0,1,30
T-10743,C-0147,2026-04-06 19:40:26,unknown,delivery,2,home,south,481.15,51,1119.0,4,19,0,2,136
T-10744,C-0062,2026-04-07 07:41:52,email,delivery,2,trade,unknown,451.42,137,1835.0,0,7,0,2,127
T-10745,C-0217,2026-04-07 08:37:44,chat,returns,3,home,east,61.71,33,2517.0,9,8,0,3,238
T-10746,C-0050,2026-04-07 09:10:05,email,returns,2,trade,unknown,56.93,69,1025.0,20,9,0,2,108
T-10747,C-0037,2026-04-07 10:00:37,chat,returns,2,home,south,82.37,65,995.0,4,10,0,2,131
T-10748,C-0110,2026-04-07 10:18:09,chat,warranty,2,home,east,39.27,208,1519.0,0,10,0,2,370
T-10749,C-0062,2026-04-07 11:54:21,web_form,payment,3,trade,unknown,22.3,104,1835.0,1,11,0,3,67
T-10750,C-0014,2026-04-07 17:22:19,email,delivery,3,business,north,191.91,105,493.0,10,17,0,3,61
T-10751,C-0217,2026-04-07 18:15:35,email,delivery,2,home,east,21.24,428,2517.0,10,18,0,2,162
T-10752,C-0243,2026-04-07 19:25:03,chat,returns,3,unknown,unknown,67.9,93,,1,19,0,3,91
T-10753,C-0152,2026-04-07 19:45:00,web_form,delivery,3,trade,west,127.39,183,1105.0,14,19,0,3,65
T-10754,C-0019,2026-04-07 21:18:25,email,returns,3,home,west,18.2,29,1334.0,1,21,0,3,211
T-10755,C-0099,2026-04-08 12:13:10,email,delivery,1,business,north,84.22,91,2166.0,18,12,0,1,131
T-10756,C-0105,2026-04-08 15:31:10,email,delivery,2,trade,south,189.06,37,2475.0,13,15,0,2,78
T-10757,C-0055,2026-04-08 16:10:02,phone,warranty,2,trade,north,85.37,78,1648.0,4,16,1,1,9
T-10758,C-0158,2026-04-08 21:48:40,email,delivery,1,home,south,17.02,22,1835.0,3,21,0,1,172
T-10759,C-0039,2026-04-09 07:03:40,web_form,warranty,3,trade,east,30.86,55,2386.0,9,7,0,3,70
T-10760,C-0237,2026-04-09 07:24:18,chat,account,3,home,west,,100,49.0,1,7,0,3,9
T-10761,C-0115,2026-04-09 09:14:14,web_form,warranty,2,trade,south,344.62,106,1671.0,12,9,1,1,36
T-10762,C-0086,2026-04-09 10:32:50,phone,delivery,3,trade,north,55.61,101,2366.0,11,10,1,1,14
T-10763,C-0194,2026-04-09 10:52:57,chat,delivery,3,business,north,72.72,75,1021.0,9,10,0,3,171
T-10764,C-0074,2026-04-09 16:23:11,email,account,2,trade,west,,116,1380.0,5,16,0,2,104
T-10765,C-0158,2026-04-09 17:35:15,web_form,warranty,3,home,south,118.95,252,1836.0,4,17,0,3,173
T-10766,C-0177,2026-04-09 20:43:49,web_form,returns,2,trade,west,225.15,69,1146.0,6,20,1,1,28
T-10767,C-0226,2026-04-09 20:53:19,chat,returns,2,business,east,121.46,201,1861.0,23,20,0,2,754
T-10768,C-0194,2026-04-10 07:00:34,email,account,3,business,north,,47,1022.0,10,7,0,3,75
T-10769,C-0014,2026-04-10 09:55:17,chat,returns,1,business,north,136.48,39,496.0,11,9,0,1,696
T-10770,C-0061,2026-04-10 10:11:38,web_form,returns,1,trade,west,44.04,50,2203.0,1,10,1,1,8
T-10771,C-0139,2026-04-10 11:19:27,email,warranty,1,business,east,56.46,98,669.0,7,11,1,1,8
T-10772,C-0090,2026-04-10 14:00:30,phone,payment,1,trade,east,145.45,37,1063.0,1,14,0,1,149
T-10773,C-0019,2026-04-10 16:31:09,chat,returns,3,home,west,118.26,42,1337.0,2,16,0,3,14
T-10774,C-0055,2026-04-10 18:12:15,email,delivery,2,trade,north,131.67,122,1650.0,5,18,1,1,9
T-10775,C-0058,2026-04-10 18:52:31,email,payment,1,trade,north,41.11,242,1711.0,11,18,0,1,52
T-10776,C-0207,2026-04-10 20:37:28,chat,account,1,business,west,,289,1819.0,16,20,0,1,77
T-10777,C-0083,2026-04-11 01:02:50,email,payment,1,home,east,104.69,135,887.0,1,1,0,1,31
T-10778,,2026-04-11 08:31:48,web_form,delivery,3,guest,unknown,41.63,95,,0,8,0,3,60
T-10779,C-0124,2026-04-11 14:34:07,chat,delivery,2,home,north,52.03,92,962.0,2,14,0,2,4
T-10780,C-0210,2026-04-11 17:21:30,chat,delivery,2,trade,south,48.21,83,360.0,7,17,0,2,95
T-10781,C-0227,2026-04-11 21:28:12,chat,account,1,trade,north,,48,2556.0,18,21,0,1,209
T-10782,C-0227,2026-04-12 07:23:36,phone,payment,3,trade,north,93.63,79,2557.0,19,7,0,3,249
T-10783,C-0119,2026-04-12 08:14:52,chat,warranty,3,trade,unknown,56.82,52,183.0,20,8,0,3,538
T-10784,C-0186,2026-04-13 08:08:42,phone,delivery,2,home,east,57.44,106,410.0,0,8,0,2,6
T-10785,C-0033,2026-04-13 10:39:13,web_form,returns,1,home,west,62.34,213,1317.0,1,10,0,1,303
T-10786,C-0147,2026-04-13 11:51:41,phone,delivery,3,home,south,,92,1126.0,5,11,0,3,61
T-10787,C-0169,2026-04-13 11:53:04,chat,account,3,trade,east,,49,1744.0,22,11,0,3,145
T-10788,C-0162,2026-04-13 18:02:20,web_form,returns,3,trade,north,30.09,252,2004.0,15,18,0,3,72
T-10789,C-0152,2026-04-13 20:33:07,email,delivery,3,trade,west,92.76,47,1111.0,14,20,0,3,32
T-10790,C-0024,2026-04-13 20:55:06,email,delivery,3,trade,east,66.63,55,1412.0,18,20,0,3,115
T-10791,,2026-04-13 23:13:38,email,delivery,2,guest,unknown,44.73,201,,0,23,0,2,11
T-10792,C-0227,2026-04-14 07:32:27,phone,delivery,3,trade,north,31.59,29,2559.0,20,7,0,3,278
T-10793,C-0163,2026-04-14 09:19:15,email,warranty,3,home,north,21.71,115,2363.0,6,9,0,3,29
T-10794,C-0014,2026-04-14 10:44:23,email,returns,2,business,north,38.5,91,500.0,10,10,0,2,27
T-10795,C-0071,2026-04-14 11:46:08,web_form,account,3,trade,west,,238,1571.0,24,11,0,3,80
T-10796,C-0107,2026-04-14 12:12:35,chat,warranty,2,trade,east,230.52,52,2341.0,7,12,0,2,74
T-10797,C-0226,2026-04-14 15:58:14,phone,account,3,business,east,,72,1866.0,22,15,0,3,23
T-10798,C-0169,2026-04-14 16:50:32,chat,delivery,2,trade,east,59.97,63,1745.0,23,16,0,2,174
T-10799,C-0224,2026-04-14 20:43:37,chat,delivery,1,home,north,118.26,167,1627.0,3,20,0,1,62
T-10800,C-0051,2026-04-15 08:41:37,phone,warranty,3,home,east,76.31,87,1887.0,1,8,0,3,275
T-10801,C-0158,2026-04-15 10:55:26,chat,delivery,3,home,south,,84,1842.0,5,10,0,3,150
T-10802,C-0071,2026-04-15 11:06:46,chat,payment,2,trade,west,261.9,38,1572.0,25,11,0,2,82
T-10803,C-0099,2026-04-15 14:39:14,email,returns,3,business,north,100.47,254,2173.0,18,14,1,1,14
T-10804,C-0162,2026-04-15 15:33:13,chat,delivery,3,trade,north,151.44,83,2006.0,16,15,0,3,171
T-10805,C-0039,2026-04-15 15:57:54,web_form,returns,2,trade,east,244.41,152,2392.0,10,15,0,2,81
T-10806,C-0012,2026-04-15 18:48:20,email,returns,3,trade,west,53.52,101,144.0,5,18,0,3,128
T-10807,C-0152,2026-04-15 21:16:51,email,account,1,trade,west,,58,1113.0,13,21,1,1,19
T-10808,C-0169,2026-04-16 07:18:50,chat,account,3,trade,east,,61,1747.0,24,7,0,3,32
T-10809,C-0124,2026-04-16 07:33:11,email,payment,1,home,north,167.29,102,967.0,3,7,1,1,2
T-10810,C-0107,2026-04-16 07:53:09,chat,payment,3,trade,east,184.5,101,2343.0,8,7,1,1,20
T-10811,C-0039,2026-04-16 08:36:01,phone,payment,3,trade,east,29.06,111,2393.0,11,8,0,3,43
T-10812,C-0178,2026-04-16 13:12:03,web_form,returns,2,home,east,313.26,37,1692.0,1,13,0,2,74
T-10813,C-0236,2026-04-16 14:58:07,email,payment,1,business,east,195.61,104,1385.0,16,14,0,1,2
T-10814,C-0188,2026-04-16 15:53:34,chat,returns,2,trade,south,49.59,173,1232.0,5,15,0,2,286
T-10815,C-0230,2026-04-16 17:39:22,web_form,returns,2,home,north,50.68,99,2140.0,3,17,0,2,326
T-10816,C-0075,2026-04-16 18:33:40,email,payment,1,home,east,57.73,40,2520.0,0,18,0,1,13
T-10817,C-0227,2026-04-17 07:06:04,chat,returns,3,trade,north,12.28,50,2562.0,20,7,0,3,21
T-10818,C-0139,2026-04-17 07:15:59,web_form,account,3,business,east,,97,676.0,8,7,0,3,20
T-10819,C-0099,2026-04-17 07:19:47,email,warranty,3,business,north,166.39,62,2175.0,18,7,0,3,98
T-10820,C-0030,2026-04-17 15:43:59,chat,returns,2,trade,south,159.57,221,2264.0,6,15,1,1,39
T-10821,C-0061,2026-04-17 17:21:06,email,payment,3,trade,west,71.31,149,2210.0,2,17,0,3,259
T-10822,C-0039,2026-04-17 18:54:12,chat,warranty,3,trade,east,25.28,67,2394.0,12,18,0,3,112
T-10823,C-0105,2026-04-17 20:01:20,web_form,returns,2,trade,south,31.14,79,2484.0,13,20,0,2,133
T-10824,C-0096,2026-04-18 13:50:23,chat,delivery,2,business,south,36.59,203,2530.0,13,13,1,1,44
T-10825,C-0114,2026-04-18 16:36:49,email,delivery,2,trade,unknown,71.56,42,1327.0,3,16,0,2,508
T-10826,C-0119,2026-04-18 17:17:23,email,warranty,3,trade,unknown,14.45,120,189.0,20,17,0,3,52
T-10827,C-0145,2026-04-18 18:02:10,phone,delivery,2,business,north,70.16,263,81.0,3,18,0,2,57
T-10828,C-0233,2026-04-19 05:55:37,web_form,returns,3,business,north,78.72,74,1045.0,7,5,0,3,107
T-10829,C-0153,2026-04-19 13:38:50,email,delivery,3,home,south,110.58,15,398.0,0,13,0,3,75
T-10830,C-0075,2026-04-19 14:20:03,chat,payment,1,home,east,52.67,74,2523.0,1,14,0,1,146
T-10831,C-0044,2026-04-19 17:10:37,web_form,payment,2,home,west,38.09,371,2322.0,1,17,0,2,36
T-10832,C-0239,2026-04-19 21:34:30,phone,returns,1,home,west,102.58,36,1400.0,2,21,0,1,101
T-10833,C-0074,2026-04-20 04:45:49,chat,account,2,trade,west,,51,1391.0,6,4,0,2,173
T-10834,C-0113,2026-04-20 07:41:23,email,account,3,trade,north,,108,1194.0,3,7,0,3,186
T-10835,C-0163,2026-04-20 08:14:04,chat,returns,1,home,north,32.17,102,2369.0,7,8,0,1,25
T-10836,C-0014,2026-04-20 08:35:24,chat,warranty,3,business,north,55.08,82,506.0,11,8,0,3,226
T-10837,C-0016,2026-04-20 12:15:57,chat,payment,2,home,west,44.97,79,59.0,1,12,0,2,73
T-10838,C-0041,2026-04-20 12:29:37,web_form,delivery,1,home,west,32.87,147,1364.0,1,12,0,1,285
T-10839,C-0064,2026-04-20 14:37:48,chat,account,2,home,north,,37,2350.0,2,14,0,2,29
T-10840,C-0023,2026-04-20 15:06:00,phone,delivery,3,home,west,31.25,77,696.0,0,15,0,3,157
T-10841,C-0165,2026-04-20 16:03:28,phone,account,2,trade,south,,138,1937.0,10,16,0,1,2
T-10842,C-0072,2026-04-20 16:25:58,phone,returns,3,home,north,27.8,84,819.0,0,16,0,3,322
T-10843,C-0074,2026-04-20 18:12:14,unknown,account,3,trade,west,,553,1391.0,7,18,0,3,34
T-10844,C-0236,2026-04-20 18:39:27,email,returns,2,business,east,54.77,74,1389.0,17,18,0,2,118
T-10845,C-0039,2026-04-20 19:39:17,chat,payment,3,trade,east,26.05,67,2397.0,13,19,0,3,140
T-10846,C-0099,2026-04-21 00:27:57,chat,delivery,3,business,north,302.99,24,2179.0,18,0,0,3,29
T-10847,C-0107,2026-04-21 07:42:30,email,delivery,2,trade,east,186.12,76,2348.0,8,7,0,2,61
T-10848,C-0114,2026-04-21 09:48:41,phone,delivery,3,trade,unknown,151.02,216,1330.0,4,9,0,3,26
T-10849,C-0193,2026-04-21 10:14:51,email,account,2,home,unknown,,97,190.0,0,10,0,2,362
T-10850,C-0030,2026-04-21 10:48:21,phone,account,3,trade,south,,170,2268.0,7,10,0,3,21
T-10851,C-0227,2026-04-21 11:41:41,email,delivery,3,trade,north,11.89,125,2566.0,20,11,0,3,58
T-10852,C-0215,2026-04-21 13:28:31,chat,warranty,3,home,south,144.53,54,1934.0,1,13,0,3,16
T-10853,C-0007,2026-04-21 15:27:08,email,returns,3,business,north,145.19,166,505.0,7,15,0,3,61
T-10854,C-0236,2026-04-21 15:34:24,email,delivery,3,business,east,295.41,137,1390.0,17,15,0,3,84
T-10855,C-0071,2026-04-21 16:50:31,email,returns,3,trade,west,23.36,0,1578.0,23,16,0,3,114
T-10856,C-0210,2026-04-21 17:39:15,phone,delivery,3,trade,south,28.95,50,370.0,6,17,0,3,10
T-10857,C-0227,2026-04-21 19:58:04,chat,returns,3,trade,north,173.05,123,2566.0,21,19,0,3,334
T-10858,C-0169,2026-04-22 13:53:44,chat,delivery,3,trade,east,248.37,125,1753.0,24,13,0,3,101
T-10859,C-0236,2026-04-22 15:09:19,email,account,2,business,east,,42,1391.0,18,15,0,2,79
T-10860,C-0207,2026-04-22 17:00:43,web_form,delivery,1,business,west,214.24,71,1831.0,14,17,1,1,14
T-10861,C-0222,2026-04-22 19:15:57,email,returns,2,home,east,48.93,119,288.0,1,19,0,2,71
T-10862,C-0050,2026-04-22 19:27:43,email,delivery,1,trade,unknown,275.77,168,1040.0,19,19,0,1,4
T-10863,,2026-04-22 21:53:41,chat,warranty,3,guest,unknown,55.43,137,,0,21,0,3,120
T-10864,C-0152,2026-04-23 07:51:09,chat,payment,1,trade,west,88.85,57,1121.0,13,7,0,1,30
T-10865,C-0058,2026-04-23 08:27:33,chat,warranty,2,trade,north,249.63,245,1724.0,12,8,1,1,57
T-10866,C-0152,2026-04-23 10:49:57,email,returns,2,trade,west,114.34,37,1121.0,14,10,0,2,208
T-10867,C-0236,2026-04-23 11:25:20,chat,delivery,2,business,east,375.95,32,1392.0,19,11,0,2,139
T-10868,C-0236,2026-04-23 12:23:16,email,warranty,3,business,east,168.47,156,1392.0,20,12,0,3,175
T-10869,C-0063,2026-04-23 12:56:09,phone,returns,3,home,north,105.28,59,1477.0,6,12,0,3,49
T-10870,C-0115,2026-04-23 14:49:54,email,warranty,3,trade,south,91.44,75,1685.0,12,14,0,3,46
T-10871,C-0227,2026-04-23 15:25:02,chat,delivery,2,trade,north,58.78,92,2568.0,22,15,0,2,189
T-10872,C-0039,2026-04-23 16:55:40,email,payment,2,trade,east,389.0,59,2400.0,14,16,0,2,114
T-10873,C-0115,2026-04-23 17:29:24,email,returns,3,trade,south,264.72,142,1685.0,13,17,0,3,39
T-10874,C-0178,2026-04-23 20:44:49,chat,delivery,3,home,east,137.99,108,1699.0,2,20,0,3,315
T-10875,C-0019,2026-04-23 22:52:03,email,returns,3,home,west,54.46,29,1350.0,3,22,0,3,36
T-10876,C-0039,2026-04-24 08:14:58,email,delivery,2,trade,east,328.49,42,2401.0,15,8,0,2,149
T-10877,C-0003,2026-04-24 08:18:10,chat,account,2,trade,west,,20,209.0,3,8,0,2,22
T-10878,C-0007,2026-04-24 08:28:13,web_form,delivery,2,business,north,72.31,142,508.0,5,8,0,2,24
T-10879,C-0024,2026-04-24 09:48:45,email,returns,2,trade,east,87.24,148,1423.0,16,9,0,2,172
T-10880,C-0192,2026-04-24 09:54:39,web_form,delivery,3,home,north,72.64,89,1839.0,0,9,0,3,254
T-10881,C-0207,2026-04-24 12:21:01,chat,payment,2,business,west,79.42,158,1833.0,14,12,0,2,33
T-10882,C-0147,2026-04-24 12:44:42,web_form,account,2,home,south,,84,1137.0,5,12,0,2,138
T-10883,C-0115,2026-04-24 15:11:53,chat,returns,3,trade,south,22.73,94,1686.0,14,15,0,3,584
T-10884,C-0236,2026-04-24 17:43:49,chat,payment,2,business,east,174.06,115,1393.0,21,17,0,2,62
T-10885,C-0201,2026-04-25 10:13:31,email,delivery,2,business,south,20.05,95,1612.0,5,10,0,2,2
T-10886,C-0236,2026-04-25 10:22:04,unknown,warranty,2,business,east,85.88,178,1394.0,22,10,0,2,107
T-10887,C-0242,2026-04-25 20:19:08,email,returns,2,unknown,unknown,113.72,179,,1,20,1,1,45
T-10888,C-0168,2026-04-26 17:04:14,email,payment,3,trade,west,521.58,60,880.0,1,17,1,1,6
T-10889,C-0099,2026-04-26 17:16:02,chat,delivery,3,business,north,117.75,86,2184.0,19,17,0,3,8
T-10890,C-0050,2026-04-26 21:14:13,chat,account,2,trade,unknown,,28,1044.0,19,21,0,2,91
T-10891,C-0096,2026-04-26 22:19:29,chat,returns,2,business,south,78.31,70,2538.0,13,22,0,2,57
T-10892,C-0053,2026-04-27 07:43:42,chat,returns,3,home,west,54.24,342,487.0,1,7,0,3,17
T-10893,C-0227,2026-04-27 08:17:38,phone,account,2,trade,north,,94,2572.0,22,8,0,2,32
T-10894,C-0064,2026-04-27 08:41:20,phone,returns,1,home,north,154.07,295,2357.0,3,8,1,1,42
T-10895,C-0058,2026-04-27 08:57:16,chat,delivery,3,trade,north,28.5,195,1728.0,12,8,0,3,72
T-10896,C-0162,2026-04-27 09:03:58,phone,account,2,trade,north,,149,2018.0,16,9,0,2,32
T-10897,C-0069,2026-04-27 10:00:01,web_form,delivery,3,trade,south,345.68,305,1320.0,1,10,0,3,417
T-10898,C-0194,2026-04-27 10:02:03,phone,warranty,2,business,north,140.75,20,1039.0,10,10,0,2,167
T-10899,,2026-04-27 10:48:43,phone,returns,3,guest,unknown,369.92,121,,0,10,0,3,520
T-10900,C-0014,2026-04-27 13:34:11,web_form,account,2,business,north,,132,513.0,11,13,0,2,306
T-10901,C-0119,2026-04-27 14:20:17,email,delivery,2,trade,unknown,88.27,61,198.0,18,14,0,2,305
T-10902,C-0226,2026-04-27 14:21:28,web_form,delivery,3,business,east,62.48,35,1879.0,22,14,0,3,93
T-10903,C-0112,2026-04-27 16:05:25,chat,account,3,home,west,,69,1145.0,0,16,0,3,75
T-10904,C-0185,2026-04-27 16:54:03,web_form,payment,2,home,east,40.15,67,1987.0,3,16,0,2,198
T-10905,C-0205,2026-04-27 18:25:40,chat,account,2,trade,north,,70,363.0,0,18,0,2,168
T-10906,C-0163,2026-04-27 18:33:35,chat,warranty,2,home,north,32.71,47,2376.0,7,18,0,2,59
T-10907,C-0096,2026-04-27 20:56:26,chat,delivery,2,business,south,223.15,66,2539.0,14,20,0,2,358
T-10908,C-0114,2026-04-28 07:54:27,phone,delivery,3,trade,unknown,60.72,228,1337.0,4,7,0,3,324
T-10909,C-0169,2026-04-28 08:01:45,chat,payment,1,trade,east,110.97,365,1759.0,24,8,0,1,485
T-10910,C-0165,2026-04-28 09:03:36,email,payment,3,trade,south,91.28,76,1945.0,10,9,0,3,56
T-10911,C-0130,2026-04-28 09:41:37,chat,account,2,trade,east,,36,637.0,4,9,0,2,622
T-10912,C-0228,2026-04-28 10:00:53,email,returns,3,home,north,33.02,83,199.0,4,10,0,3,10
T-10913,C-0194,2026-04-28 13:28:54,email,account,3,business,north,,277,1040.0,11,13,0,3,85
T-10914,,2026-04-28 13:49:27,web_form,delivery,2,guest,unknown,51.92,207,,0,13,0,2,176
T-10915,C-0073,2026-04-28 14:20:03,chat,returns,3,home,east,80.11,54,1262.0,2,14,0,3,382
T-10916,C-0096,2026-04-28 15:59:19,chat,returns,3,business,south,221.29,65,2540.0,15,15,0,3,21
T-10917,C-0021,2026-04-28 17:59:04,email,returns,2,home,west,39.53,66,169.0,0,17,0,2,210
T-10918,C-0120,2026-04-29 07:26:32,phone,warranty,3,home,west,60.54,126,2094.0,0,7,0,3,146
T-10919,C-0206,2026-04-29 08:52:39,email,payment,2,business,north,59.23,105,704.0,2,8,0,2,8
T-10920,C-0086,2026-04-29 10:38:16,email,delivery,3,trade,north,232.76,72,2386.0,10,10,0,3,45
T-10921,C-0227,2026-04-29 13:04:28,chat,account,3,trade,north,,82,2574.0,22,13,0,3,65
T-10922,C-0170,2026-04-29 16:16:51,email,delivery,3,business,west,205.76,80,132.0,0,16,0,3,5
T-10923,C-0211,2026-04-29 19:47:36,email,account,3,home,south,,16,500.0,1,19,0,3,94
T-10924,C-0052,2026-04-30 06:35:02,email,returns,3,trade,west,237.84,123,1439.0,1,6,1,1,11
T-10925,C-0036,2026-04-30 08:31:14,chat,delivery,2,trade,east,142.97,48,217.0,0,8,0,2,150
T-10926,C-0152,2026-04-30 09:30:43,chat,warranty,3,trade,west,169.12,42,1128.0,15,9,0,3,88
T-10927,C-0152,2026-04-30 14:32:33,email,account,1,trade,west,,66,1128.0,16,14,1,1,18
T-10928,C-0237,2026-04-30 21:28:26,chat,delivery,2,home,west,33.25,168,70.0,2,21,0,2,129
T-10929,C-0096,2026-04-30 23:54:47,email,delivery,2,business,south,165.08,68,2542.0,14,23,1,1,5
T-10930,C-0124,2026-05-01 11:14:19,email,returns,1,home,north,49.73,83,982.0,4,11,1,1,76
T-10931,C-0089,2026-05-01 14:36:35,email,warranty,2,home,south,55.92,157,1144.0,0,14,1,1,2
T-10932,C-0151,2026-05-01 15:15:10,web_form,returns,3,home,west,23.91,398,1510.0,2,15,0,3,128
T-10933,C-0027,2026-05-01 16:09:51,email,warranty,2,business,unknown,164.83,292,656.0,7,16,1,1,40
T-10934,C-0173,2026-05-02 00:02:03,email,delivery,2,home,west,57.6,125,1786.0,1,0,0,2,74
T-10935,C-0037,2026-05-02 15:41:16,phone,delivery,3,home,south,77.6,178,1020.0,4,15,0,3,36
T-10936,C-0039,2026-05-03 10:16:07,phone,delivery,3,trade,east,35.82,52,2410.0,15,10,0,3,54
T-10937,C-0139,2026-05-03 20:26:56,chat,payment,3,business,east,21.96,46,692.0,8,20,0,3,53
T-10938,C-0156,2026-05-03 20:41:51,web_form,returns,3,home,south,107.64,107,1394.0,0,20,0,3,271
T-10939,C-0105,2026-05-04 08:43:07,web_form,delivery,2,trade,south,23.67,66,2501.0,14,8,0,2,22
T-10940,C-0105,2026-05-04 08:47:19,chat,delivery,1,trade,south,35.18,60,2501.0,15,8,0,1,35
T-10941,C-0155,2026-05-04 12:35:05,email,warranty,2,trade,north,64.2,113,275.0,8,12,0,2,27
T-10942,C-0201,2026-05-04 18:06:08,phone,delivery,3,business,south,244.07,77,1621.0,3,18,1,1,24
T-10943,C-0207,2026-05-04 19:42:28,email,payment,3,business,west,259.8,52,1843.0,14,19,0,3,107
T-10944,C-0071,2026-05-05 07:13:35,chat,account,2,trade,west,,76,1592.0,19,7,0,2,344
T-10945,C-0070,2026-05-05 07:45:09,phone,warranty,3,home,east,141.86,46,2133.0,0,7,1,1,17
T-10946,C-0096,2026-05-05 08:27:27,chat,warranty,3,business,south,20.86,60,2547.0,15,8,1,1,42
T-10947,C-0161,2026-05-05 11:36:48,chat,delivery,2,trade,west,142.4,88,2246.0,2,11,0,2,86
T-10948,C-0124,2026-05-05 12:13:11,chat,account,3,home,north,,264,986.0,5,12,0,3,55
T-10949,C-0219,2026-05-05 14:11:37,phone,account,1,trade,south,,56,680.0,3,14,0,1,196
T-10950,C-0027,2026-05-05 14:21:42,email,delivery,2,business,unknown,80.67,44,660.0,5,14,0,2,37
T-10951,C-0179,2026-05-05 16:52:22,email,payment,3,home,north,42.99,147,130.0,0,16,0,3,24
T-10952,C-0099,2026-05-05 18:39:48,email,warranty,3,business,north,49.8,204,2193.0,18,18,1,1,3
T-10953,C-0207,2026-05-05 19:07:55,unknown,delivery,2,business,west,35.02,285,1844.0,15,19,1,1,27
T-10954,C-0050,2026-05-05 19:43:24,chat,delivery,2,trade,unknown,121.23,95,1053.0,20,19,0,2,293
T-10955,C-0019,2026-05-05 21:26:06,email,warranty,3,home,west,57.4,121,1362.0,4,21,0,3,111
T-10956,C-0014,2026-05-05 21:54:25,chat,returns,3,business,north,54.82,72,521.0,10,21,0,3,105
T-10957,C-0209,2026-05-06 09:27:20,email,payment,3,home,north,65.83,30,93.0,0,9,0,3,510
T-10958,C-0024,2026-05-06 09:33:22,web_form,returns,1,trade,east,274.61,45,1435.0,15,9,0,1,2
T-10959,C-0104,2026-05-06 11:27:49,email,returns,2,trade,south,117.1,246,1167.0,3,11,0,2,110
T-10960,C-0120,2026-05-06 19:16:02,unknown,returns,3,home,west,81.12,96,2101.0,1,19,1,1,34
T-10961,C-0019,2026-05-07 02:57:15,email,account,3,home,west,,117,1364.0,5,2,0,3,324
T-10962,C-0194,2026-05-07 06:58:58,email,account,2,business,north,,55,1049.0,12,6,0,2,12
T-10963,C-0066,2026-05-07 07:49:06,email,account,3,home,unknown,,203,1355.0,1,7,1,1,31
T-10964,C-0198,2026-05-07 09:15:48,unknown,warranty,2,home,north,32.65,71,1736.0,0,9,0,2,97
T-10965,C-0111,2026-05-07 10:24:04,phone,returns,3,home,unknown,328.25,44,1200.0,0,10,0,3,23
T-10966,C-0119,2026-05-07 10:46:31,chat,warranty,3,trade,unknown,,96,208.0,18,10,1,1,24
T-10967,C-0187,2026-05-07 11:02:03,web_form,payment,3,home,north,108.99,102,2435.0,1,11,0,3,98
T-10968,C-0069,2026-05-07 11:59:07,chat,account,1,trade,south,,72,1330.0,2,11,1,1,2
T-10969,C-0189,2026-05-07 11:59:42,chat,delivery,3,home,south,6.36,56,696.0,0,11,0,3,259
T-10970,C-0236,2026-05-07 14:01:35,email,delivery,2,business,east,60.66,192,1406.0,20,14,0,2,189
T-10971,C-0207,2026-05-07 15:38:47,chat,payment,2,business,west,158.97,46,1846.0,16,15,1,1,13
T-10972,C-0210,2026-05-07 16:19:23,email,warranty,3,trade,south,32.6,88,386.0,6,16,1,1,18
T-10973,C-0075,2026-05-07 16:44:03,chat,returns,3,home,east,17.16,101,2541.0,2,16,0,3,250
T-10974,C-0025,2026-05-07 19:33:45,chat,delivery,3,home,west,79.1,266,2222.0,3,19,0,3,171
T-10975,C-0169,2026-05-07 19:49:02,email,returns,3,trade,east,340.48,197,1768.0,24,19,1,1,7
T-10976,C-0233,2026-05-07 20:11:34,phone,returns,3,business,north,50.0,156,1063.0,5,20,1,1,30
T-10977,C-0207,2026-05-07 21:51:16,web_form,account,3,business,west,,138,1846.0,17,21,0,3,64
T-10978,C-0025,2026-05-07 21:53:17,email,payment,3,home,west,333.49,35,2222.0,4,21,0,3,40
T-10979,C-0172,2026-05-07 22:27:09,email,warranty,3,home,south,59.58,300,76.0,0,22,0,3,159
T-10980,C-0052,2026-05-08 05:08:09,email,payment,1,trade,west,119.73,102,1447.0,2,5,1,1,19
T-10981,,2026-05-08 08:12:56,phone,warranty,3,guest,unknown,166.29,109,,0,8,1,1,22
T-10982,C-0207,2026-05-08 10:51:32,phone,account,3,business,west,,59,1847.0,18,10,0,3,286
T-10983,C-0226,2026-05-08 12:54:19,email,payment,3,business,east,49.9,89,1890.0,18,12,0,3,46
T-10984,C-0182,2026-05-09 08:51:36,web_form,delivery,3,home,north,123.03,120,2455.0,1,8,0,3,31
T-10985,C-0207,2026-05-09 11:19:18,email,warranty,3,business,west,221.28,261,1848.0,19,11,0,3,19
T-10986,C-0119,2026-05-09 14:59:58,email,delivery,2,trade,unknown,23.58,84,210.0,19,14,0,2,216
T-10987,C-0155,2026-05-09 16:00:47,phone,account,2,trade,north,,119,280.0,8,16,0,2,49
T-10988,C-0206,2026-05-09 18:57:13,email,delivery,2,business,north,286.28,61,714.0,3,18,0,2,21
T-10989,C-0050,2026-05-09 19:30:06,chat,returns,1,trade,unknown,170.02,69,1057.0,21,19,1,1,18
T-10990,C-0107,2026-05-10 10:58:05,email,returns,3,trade,east,59.84,112,2367.0,7,10,0,3,32
T-10991,C-0012,2026-05-10 14:34:07,email,account,3,trade,west,,60,169.0,4,14,0,3,60
T-10992,C-0162,2026-05-10 16:52:02,email,delivery,3,trade,north,388.91,106,2031.0,14,16,0,3,94
T-10993,C-0058,2026-05-11 07:39:20,web_form,returns,3,trade,north,815.47,63,1742.0,11,7,0,3,114
T-10994,C-0017,2026-05-11 07:50:38,email,delivery,2,home,south,48.02,71,654.0,3,7,0,2,163
T-10995,C-0227,2026-05-11 08:22:05,chat,returns,3,trade,north,165.69,139,2586.0,21,8,0,3,78
T-10996,C-0165,2026-05-11 10:10:54,web_form,payment,1,trade,south,36.24,54,1958.0,10,10,0,1,30
T-10997,C-0027,2026-05-11 13:30:14,chat,returns,3,business,unknown,116.09,69,666.0,6,13,0,3,12
T-10998,C-0224,2026-05-11 17:58:35,email,delivery,2,home,north,45.42,134,1654.0,3,17,0,2,79
T-10999,C-0236,2026-05-11 19:51:29,chat,returns,3,business,east,50.89,63,1410.0,21,19,1,1,17
T-11000,C-0063,2026-05-12 01:19:01,chat,returns,3,home,north,209.02,359,1496.0,6,1,0,3,284
T-11001,C-0169,2026-05-12 07:01:15,email,payment,3,trade,east,157.36,130,1773.0,24,7,0,3,351
T-11002,C-0155,2026-05-12 07:27:02,email,payment,3,trade,north,140.19,128,283.0,8,7,0,3,41
T-11003,C-0027,2026-05-12 14:33:49,chat,account,2,business,unknown,,100,667.0,7,14,0,2,163
T-11004,C-0207,2026-05-12 15:33:13,chat,returns,3,business,west,168.48,86,1851.0,19,15,0,3,27
T-11005,C-0194,2026-05-12 17:58:05,chat,payment,1,business,north,44.3,245,1054.0,13,17,1,1,4
T-11006,C-0118,2026-05-12 18:02:04,chat,delivery,3,home,west,12.09,86,1195.0,0,18,0,3,5
T-11007,C-0024,2026-05-12 18:09:57,chat,delivery,2,trade,east,146.0,122,1441.0,13,18,0,2,283
T-11008,C-0181,2026-05-12 18:24:25,email,returns,3,home,north,59.64,97,1213.0,4,18,0,3,303
T-11009,C-0026,2026-05-12 20:06:00,web_form,delivery,3,home,south,70.84,51,774.0,0,20,0,3,83
T-11010,C-0115,2026-05-13 02:32:42,phone,warranty,2,trade,south,98.42,171,1705.0,12,2,0,2,198
T-11011,C-0084,2026-05-13 03:22:07,web_form,payment,3,home,south,39.86,146,2264.0,1,3,0,3,20
T-11012,C-0162,2026-05-13 08:36:36,chat,payment,2,trade,north,84.0,38,2034.0,15,8,0,2,87
T-11013,C-0201,2026-05-13 09:10:22,chat,returns,1,business,south,60.47,66,1630.0,4,9,1,1,16
T-11014,C-0094,2026-05-13 11:25:10,phone,delivery,1,home,south,184.47,142,2477.0,2,11,1,1,5
T-11015,C-0055,2026-05-13 13:34:19,web_form,returns,1,trade,north,476.4,75,1683.0,6,13,1,1,19
T-11016,C-0194,2026-05-13 14:32:47,web_form,account,3,business,north,,56,1055.0,14,14,0,3,58
T-11017,C-0138,2026-05-13 20:21:48,chat,delivery,3,home,south,156.22,36,1872.0,1,20,0,3,38
T-11018,C-0099,2026-05-13 20:40:23,chat,warranty,1,business,north,150.82,62,2201.0,15,20,1,1,21
T-11019,C-0226,2026-05-13 21:12:35,web_form,warranty,3,business,east,88.59,72,1895.0,18,21,0,3,5
T-11020,C-0162,2026-05-13 21:40:11,chat,delivery,2,trade,north,217.67,74,2034.0,16,21,0,2,17
T-11021,C-0152,2026-05-13 21:51:19,email,returns,3,trade,west,45.11,69,1141.0,15,21,0,3,165
T-11022,C-0027,2026-05-14 08:11:06,email,account,3,business,unknown,,108,669.0,8,8,0,3,84
T-11023,C-0203,2026-05-14 08:21:08,chat,payment,1,home,north,57.99,109,1945.0,1,8,0,1,80
T-11024,C-0024,2026-05-14 11:35:17,chat,delivery,3,trade,east,157.22,79,1443.0,14,11,0,3,557
T-11025,C-0161,2026-05-14 17:42:33,email,payment,3,trade,west,57.26,145,2255.0,2,17,0,3,83
T-11026,C-0239,2026-05-14 18:13:51,chat,returns,2,home,west,74.29,149,1425.0,1,18,0,2,144
T-11027,C-0155,2026-05-14 19:49:18,phone,returns,2,trade,north,49.83,135,285.0,8,19,0,2,30
T-11028,C-0119,2026-05-15 07:26:27,email,warranty,2,trade,unknown,71.96,68,216.0,20,7,1,1,62
T-11029,C-0162,2026-05-15 13:16:07,phone,returns,3,trade,north,114.09,97,2036.0,17,13,0,3,200
T-11030,C-0226,2026-05-15 13:43:48,email,warranty,2,business,east,60.53,164,1897.0,19,13,1,1,24
T-11031,C-0115,2026-05-15 16:40:00,email,delivery,3,trade,south,123.81,48,1707.0,13,16,0,3,43
T-11032,C-0233,2026-05-15 20:09:56,chat,returns,2,business,north,50.73,48,1071.0,6,20,0,2,129
T-11033,C-0050,2026-05-15 20:44:16,email,account,3,trade,unknown,,111,1063.0,20,20,0,3,32
T-11034,C-0227,2026-05-15 20:53:36,chat,payment,1,trade,north,107.51,382,2590.0,20,20,0,1,136
T-11035,C-0114,2026-05-16 02:11:18,email,payment,2,trade,unknown,43.99,96,1355.0,5,2,1,1,11
T-11036,C-0207,2026-05-16 08:59:02,chat,delivery,3,business,west,131.27,202,1855.0,20,8,0,3,43
T-11037,C-0050,2026-05-16 09:42:54,email,returns,2,trade,unknown,100.72,88,1064.0,21,9,0,2,270
T-11038,C-0191,2026-05-16 11:51:50,email,account,2,home,west,,356,1353.0,1,11,0,2,9
T-11039,C-0207,2026-05-16 12:24:53,chat,warranty,2,business,west,142.12,85,1855.0,21,12,1,1,101
T-11040,C-0236,2026-05-16 13:36:42,chat,payment,3,business,east,36.83,55,1415.0,21,13,0,3,623
T-11041,C-0207,2026-05-16 17:16:05,web_form,payment,3,business,west,50.82,87,1855.0,22,17,0,3,176
T-11042,C-0177,2026-05-16 21:04:14,phone,account,2,trade,west,,110,1183.0,5,21,0,2,41
T-11043,C-0096,2026-05-17 08:08:52,web_form,delivery,2,business,south,84.72,53,2559.0,14,8,0,2,155
T-11044,C-0207,2026-05-17 18:29:27,phone,warranty,3,business,west,163.18,92,1856.0,23,18,0,3,86
T-11045,C-0181,2026-05-18 07:09:51,email,warranty,3,home,north,37.11,42,1219.0,5,7,0,3,25
T-11046,C-0119,2026-05-18 11:18:53,email,payment,1,trade,unknown,20.97,87,219.0,21,11,0,1,54
T-11047,C-0236,2026-05-18 13:27:18,phone,payment,1,business,east,47.99,23,1417.0,21,13,1,1,12
T-11048,C-0115,2026-05-18 15:48:45,web_form,returns,3,trade,south,44.59,70,1710.0,14,15,0,3,17
T-11049,C-0194,2026-05-18 16:19:35,chat,warranty,3,business,north,279.59,57,1060.0,14,16,0,3,86
T-11050,C-0130,2026-05-18 18:03:20,email,returns,3,trade,east,72.54,58,657.0,3,18,0,3,40
T-11051,C-0038,2026-05-18 20:49:33,chat,delivery,1,home,west,56.09,127,2201.0,1,20,0,1,27
T-11052,C-0152,2026-05-19 07:41:47,chat,returns,2,trade,west,28.95,119,1147.0,14,7,0,2,34
T-11053,C-0210,2026-05-19 07:54:47,phone,warranty,1,trade,south,42.19,224,398.0,5,7,1,1,23
T-11054,C-0101,2026-05-19 10:13:05,email,delivery,1,trade,south,27.32,177,1859.0,0,10,1,1,15
T-11055,C-0043,2026-05-19 10:56:02,phone,returns,1,home,south,132.36,56,508.0,0,10,0,1,5
T-11056,C-0054,2026-05-19 11:26:00,chat,returns,3,home,north,39.15,119,1515.0,5,11,0,3,149
T-11057,C-0226,2026-05-19 12:01:47,email,delivery,3,business,east,109.94,101,1901.0,20,12,0,3,101
T-11058,C-0236,2026-05-19 14:38:28,email,warranty,2,business,east,40.92,53,1418.0,22,14,0,2,175
T-11059,C-0012,2026-05-19 15:08:42,email,delivery,1,trade,west,225.59,127,178.0,4,15,0,1,175
T-11060,C-0177,2026-05-19 16:08:44,email,delivery,2,trade,west,222.06,173,1186.0,6,16,0,2,76
T-11061,C-0065,2026-05-19 20:23:18,chat,returns,3,home,west,86.69,158,1584.0,0,20,0,3,56
T-11062,C-0030,2026-05-19 20:27:00,web_form,returns,2,trade,south,164.62,140,2296.0,5,20,0,2,2
T-11063,C-0170,2026-05-20 01:08:32,phone,delivery,3,business,west,34.48,60,153.0,1,1,0,3,56
T-11064,C-0227,2026-05-20 07:08:53,chat,delivery,2,trade,north,234.74,242,2595.0,19,7,0,2,162
T-11065,C-0226,2026-05-20 11:36:24,phone,delivery,3,business,east,267.74,208,1902.0,21,11,0,3,24
T-11066,C-0207,2026-05-20 11:44:46,chat,delivery,1,business,west,14.82,56,1859.0,23,11,1,1,76
T-11067,C-0158,2026-05-20 14:55:21,web_form,warranty,3,home,south,64.03,121,1877.0,5,14,1,1,67
T-11068,C-0159,2026-05-20 15:06:34,email,payment,3,home,west,57.4,63,87.0,1,15,0,3,267
T-11069,C-0096,2026-05-20 16:05:12,phone,delivery,2,business,south,62.43,157,2562.0,15,16,0,2,111
T-11070,C-0162,2026-05-20 16:14:47,chat,delivery,3,trade,north,45.86,149,2041.0,18,16,0,3,30
T-11071,C-0119,2026-05-20 16:42:23,email,account,2,trade,unknown,,69,221.0,20,16,0,2,141
T-11072,C-0024,2026-05-20 17:17:43,email,payment,1,trade,east,442.44,56,1449.0,14,17,0,1,369
T-11073,C-0057,2026-05-20 17:59:03,email,account,1,business,south,,109,1196.0,6,17,1,1,10
T-11074,C-0058,2026-05-20 21:01:37,email,account,3,trade,north,,179,1751.0,11,21,0,3,87
T-11075,C-0191,2026-05-21 09:58:26,chat,returns,3,home,west,53.99,64,1358.0,2,9,0,3,426
T-11076,C-0092,2026-05-21 10:03:29,web_form,warranty,3,home,west,40.18,52,1990.0,0,10,0,3,143
T-11077,C-0236,2026-05-21 15:57:31,chat,returns,3,business,east,250.38,180,1420.0,23,15,1,1,14
T-11078,C-0034,2026-05-21 16:43:09,web_form,delivery,3,home,south,14.65,70,701.0,1,16,0,3,287
T-11079,C-0104,2026-05-21 17:35:25,email,returns,3,trade,south,43.92,88,1182.0,3,17,0,3,191
T-11080,C-0236,2026-05-21 20:19:13,email,delivery,3,business,east,147.12,265,1420.0,24,20,0,3,138
T-11081,C-0207,2026-05-22 07:19:36,chat,returns,3,business,west,102.63,323,1861.0,24,7,0,3,55
T-11082,C-0025,2026-05-22 08:52:24,email,delivery,3,home,west,32.45,70,2237.0,4,8,0,3,2
T-11083,C-0107,2026-05-22 09:01:12,phone,payment,1,trade,east,440.34,57,2379.0,8,9,0,1,2
T-11084,C-0206,2026-05-22 09:55:02,chat,payment,3,business,north,99.17,48,727.0,4,9,0,3,34
T-11085,C-0094,2026-05-22 10:58:45,phone,returns,2,home,south,44.7,190,2486.0,2,10,0,2,176
T-11086,C-0191,2026-05-22 14:59:37,chat,returns,2,home,west,176.93,130,1359.0,3,14,0,2,114
T-11087,C-0145,2026-05-22 15:39:57,chat,warranty,3,business,north,168.47,89,115.0,4,15,0,1,56
T-11088,C-0024,2026-05-22 16:19:05,email,account,1,trade,east,,117,1451.0,14,16,1,1,2
T-11089,C-0236,2026-05-22 16:37:53,chat,returns,3,business,east,242.03,74,1421.0,25,16,0,3,57
T-11090,C-0227,2026-05-22 20:11:16,web_form,delivery,3,trade,north,177.05,204,2597.0,20,20,0,3,190
T-11091,C-0155,2026-05-23 02:09:51,chat,delivery,3,trade,north,210.91,101,294.0,9,2,1,1,13
T-11092,C-0071,2026-05-23 07:42:31,chat,payment,2,trade,west,432.44,116,1610.0,13,7,0,2,253
T-11093,C-0050,2026-05-23 09:57:42,chat,delivery,2,trade,unknown,123.5,122,1071.0,20,9,0,2,80
T-11094,C-0227,2026-05-23 11:38:43,email,account,1,trade,north,,33,2598.0,21,11,0,1,112
T-11095,C-0120,2026-05-23 16:36:02,email,payment,3,home,west,42.14,112,2118.0,2,16,0,3,83
T-11096,C-0014,2026-05-23 20:13:59,web_form,warranty,1,business,north,86.49,103,539.0,11,20,0,1,21
T-11097,C-0226,2026-05-24 07:57:22,chat,returns,3,business,east,172.26,180,1906.0,20,7,0,3,367
T-11098,C-0139,2026-05-24 11:28:00,web_form,payment,3,business,east,239.95,49,713.0,9,11,0,1,12
T-11099,C-0090,2026-05-24 18:14:36,email,payment,3,trade,east,61.75,102,1107.0,2,18,0,3,258
T-11100,C-0158,2026-05-24 19:57:51,chat,payment,3,home,south,142.15,56,1881.0,5,19,0,3,57
T-11101,C-0226,2026-05-25 08:49:39,email,delivery,2,business,east,258.5,40,1907.0,21,8,0,2,451
T-11102,C-0227,2026-05-25 09:13:58,chat,delivery,3,trade,north,436.5,54,2600.0,22,9,0,3,93
T-11103,C-0012,2026-05-25 09:37:06,phone,payment,1,trade,west,72.36,115,184.0,5,9,0,1,205
T-11104,C-0128,2026-05-25 10:02:00,email,payment,2,home,east,16.15,82,1549.0,0,10,0,2,315
T-11105,C-0169,2026-05-25 10:37:54,web_form,account,2,trade,east,,23,1786.0,19,10,0,2,20
T-11106,C-0146,2026-05-25 10:58:12,web_form,delivery,2,home,east,137.47,137,639.0,1,10,0,2,211
T-11107,C-0233,2026-05-25 15:29:57,email,account,2,business,north,,60,1081.0,7,15,0,2,476
T-11108,C-0219,2026-05-25 15:50:12,web_form,payment,2,trade,south,258.35,114,700.0,4,15,0,2,171
T-11109,C-0052,2026-05-25 19:41:30,phone,payment,1,trade,west,101.97,30,1464.0,3,19,0,1,37
T-11110,C-0007,2026-05-25 19:58:13,email,account,2,business,north,,104,539.0,6,19,0,2,197
T-11111,C-0155,2026-05-25 20:15:46,phone,payment,3,trade,north,166.14,83,296.0,9,20,1,1,30
T-11112,C-0096,2026-05-26 09:32:08,chat,account,3,business,south,,86,2568.0,14,9,0,3,60
T-11113,C-0105,2026-05-26 10:02:20,web_form,returns,3,trade,south,161.31,58,2523.0,9,10,0,3,295
T-11114,C-0239,2026-05-26 10:15:01,email,returns,3,home,west,40.22,96,1437.0,2,10,0,3,74
T-11115,C-0188,2026-05-26 10:56:45,web_form,returns,1,trade,south,67.18,93,1272.0,3,10,0,1,33
T-11116,C-0178,2026-05-26 12:38:52,web_form,warranty,3,home,east,103.49,78,1732.0,3,12,0,3,82
T-11117,C-0007,2026-05-26 20:54:31,email,payment,3,business,north,81.05,83,540.0,7,20,0,3,332
T-11118,C-0024,2026-05-27 07:19:31,email,warranty,3,trade,east,123.68,61,1456.0,14,7,0,3,5
T-11119,C-0028,2026-05-27 07:44:37,chat,warranty,2,home,west,14.1,144,1847.0,2,7,0,1,2
T-11120,C-0219,2026-05-27 07:59:44,web_form,payment,1,trade,south,53.74,40,702.0,5,7,0,1,30
T-11121,C-0076,2026-05-27 11:03:33,email,delivery,2,business,north,46.72,40,1980.0,0,11,0,2,253
T-11122,C-0125,2026-05-27 11:35:58,web_form,payment,2,home,west,135.16,134,1296.0,0,11,1,1,28
T-11123,C-0114,2026-05-27 12:04:52,chat,account,2,trade,unknown,,65,1366.0,6,12,0,2,187
T-11124,C-0210,2026-05-27 12:30:25,phone,delivery,3,trade,south,17.58,114,406.0,6,12,0,3,27
T-11125,C-0199,2026-05-27 12:34:08,web_form,delivery,3,home,west,107.56,65,771.0,3,12,0,3,87
T-11126,C-0201,2026-05-27 12:53:15,email,returns,3,business,south,59.39,74,1644.0,5,12,0,3,5
T-11127,C-0039,2026-05-27 18:40:40,phone,returns,3,trade,east,146.41,59,2434.0,13,18,0,3,179
T-11128,C-0024,2026-05-27 21:27:32,chat,returns,2,trade,east,100.86,62,1456.0,15,21,0,2,208
T-11129,C-0236,2026-05-28 07:03:55,chat,delivery,2,business,east,378.12,101,1427.0,24,7,0,2,261
T-11130,C-0099,2026-05-28 08:20:32,email,returns,3,business,north,137.17,145,2216.0,11,8,0,3,40
T-11131,C-0063,2026-05-28 08:43:18,phone,delivery,3,home,north,115.51,85,1512.0,5,8,0,3,378
T-11132,C-0072,2026-05-28 09:47:01,unknown,delivery,3,home,north,440.03,99,857.0,1,9,0,3,71
T-11133,C-0155,2026-05-28 11:34:11,email,warranty,2,trade,north,194.83,95,299.0,10,11,0,2,44
T-11134,C-0107,2026-05-28 14:53:30,chat,delivery,2,trade,east,248.31,85,2385.0,9,14,0,2,104
T-11135,C-0145,2026-05-28 14:57:06,chat,returns,2,business,north,25.03,77,121.0,3,14,1,1,15
T-11136,C-0165,2026-05-28 18:28:57,email,warranty,3,trade,south,101.35,121,1975.0,11,18,0,1,7
T-11137,C-0217,2026-05-28 20:50:38,email,delivery,3,home,east,89.51,64,2568.0,6,20,0,3,66
T-11138,C-0226,2026-05-28 21:03:56,email,delivery,2,business,east,208.56,91,1910.0,19,21,0,2,471
T-11139,C-0227,2026-05-29 08:59:01,email,delivery,3,trade,north,51.88,141,2604.0,23,8,0,3,217
T-11140,C-0109,2026-05-29 11:48:13,email,account,3,home,west,,139,1310.0,1,11,0,3,129
T-11141,C-0176,2026-05-29 17:39:48,email,account,2,home,west,,38,512.0,0,17,0,2,116
T-11142,C-0226,2026-05-29 18:05:45,chat,delivery,2,business,east,84.22,252,1911.0,20,18,0,2,98
T-11143,C-0061,2026-05-29 19:18:58,phone,payment,3,trade,west,74.71,43,2252.0,3,19,0,3,35
T-11144,C-0209,2026-05-29 19:31:31,chat,delivery,2,home,north,14.14,94,116.0,1,19,0,2,112
T-11145,C-0007,2026-05-29 20:26:44,phone,returns,2,business,north,178.35,0,543.0,8,20,1,1,6
T-11146,C-0057,2026-05-30 06:40:35,email,payment,1,business,south,86.39,91,1206.0,5,6,0,1,270
T-11147,C-0014,2026-05-30 09:00:28,web_form,warranty,3,business,north,38.14,41,546.0,11,9,0,3,9
T-11148,C-0155,2026-05-30 10:30:34,email,payment,1,trade,north,49.97,380,301.0,10,10,1,1,2
T-11149,C-0054,2026-05-30 11:22:15,email,warranty,3,home,north,123.66,93,1526.0,6,11,1,1,34
T-11150,C-0226,2026-05-30 12:39:50,email,payment,1,business,east,140.08,125,1912.0,21,12,0,1,46
T-11151,C-0227,2026-05-30 15:02:00,phone,warranty,1,trade,north,114.82,67,2605.0,24,15,0,1,285
T-11152,C-0126,2026-05-30 16:43:56,chat,delivery,2,trade,unknown,129.15,227,55.0,0,16,0,2,676
T-11153,C-0147,2026-05-31 07:04:49,phone,payment,3,home,south,40.89,94,1174.0,6,7,1,1,28
T-11154,C-0169,2026-05-31 07:42:03,email,payment,2,trade,east,76.63,99,1792.0,19,7,0,2,39
T-11155,C-0058,2026-05-31 20:18:27,chat,delivery,3,trade,north,80.6,113,1762.0,9,20,0,3,180
T-11156,C-0226,2026-05-31 20:57:12,web_form,delivery,3,business,east,481.12,177,1913.0,22,20,0,3,129
T-11157,C-0099,2026-06-01 08:42:16,email,payment,3,business,north,347.77,112,2220.0,12,8,1,1,36
T-11158,C-0113,2026-06-01 09:14:40,email,warranty,3,trade,north,139.7,114,1236.0,2,9,0,3,589
T-11159,C-0017,2026-06-01 11:08:48,email,delivery,3,home,south,159.82,25,675.0,1,11,0,3,269
T-11160,C-0024,2026-06-01 13:06:24,chat,account,2,trade,east,,109,1461.0,14,13,0,2,226
T-11161,C-0159,2026-06-01 14:16:39,email,warranty,3,home,west,166.45,99,99.0,2,14,1,1,16
T-11162,C-0141,2026-06-01 16:32:13,chat,returns,1,trade,west,149.21,47,2499.0,1,16,1,1,62
T-11163,C-0014,2026-06-01 17:32:10,chat,returns,3,business,north,326.87,188,548.0,12,17,0,3,181
T-11164,C-0207,2026-06-01 18:24:35,email,warranty,3,business,west,288.04,68,1871.0,22,18,0,3,55
T-11165,C-0046,2026-06-01 20:13:37,phone,returns,3,trade,south,145.38,34,799.0,2,20,0,3,169
T-11166,C-0054,2026-06-01 21:20:42,email,returns,3,home,north,22.33,226,1528.0,7,21,0,3,430
T-11167,C-0207,2026-06-02 07:55:56,unknown,payment,2,business,west,31.54,39,1872.0,23,7,0,2,407
T-11168,C-0158,2026-06-02 08:59:04,phone,returns,3,home,south,10.13,86,1890.0,6,8,0,3,238
T-11169,C-0119,2026-06-02 12:01:34,chat,returns,3,trade,unknown,72.74,33,234.0,18,12,0,3,252
T-11170,C-0155,2026-06-02 13:15:13,phone,warranty,2,trade,north,130.93,181,304.0,11,13,1,1,58
T-11171,C-0026,2026-06-02 15:12:56,chat,payment,2,home,south,106.51,64,795.0,1,15,0,2,26
T-11172,C-0145,2026-06-02 19:45:49,email,account,3,business,north,,212,126.0,4,19,0,3,109
T-11173,C-0162,2026-06-02 21:43:42,email,returns,2,trade,north,92.14,203,2054.0,17,21,0,2,33
T-11174,C-0024,2026-06-02 23:28:04,email,delivery,3,trade,east,30.33,179,1462.0,15,23,0,3,29
T-11175,C-0226,2026-06-03 05:55:54,email,payment,1,business,east,120.67,122,1916.0,23,5,1,1,9
T-11176,C-0224,2026-06-03 07:12:21,email,account,3,home,north,,87,1677.0,4,7,0,3,110
T-11177,C-0210,2026-06-03 08:30:36,email,delivery,2,trade,south,199.71,111,413.0,7,8,0,2,195
T-11178,C-0236,2026-06-03 12:54:25,email,warranty,2,business,east,142.44,80,1433.0,25,12,1,1,51
T-11179,,2026-06-03 13:50:13,web_form,delivery,2,guest,unknown,35.02,122,,0,13,0,2,204
T-11180,C-0210,2026-06-03 15:21:56,chat,delivery,1,trade,south,201.38,153,413.0,8,15,0,1,379
T-11181,C-0152,2026-06-03 19:26:28,web_form,warranty,3,trade,west,337.44,64,1162.0,13,19,1,1,85
T-11182,C-0207,2026-06-03 22:10:26,chat,returns,1,business,west,43.71,54,1873.0,24,22,0,1,59
T-11183,C-0089,2026-06-04 08:59:25,email,payment,2,home,south,65.23,136,1178.0,1,8,0,2,89
T-11184,C-0155,2026-06-04 15:33:03,email,returns,2,trade,north,81.78,0,306.0,12,15,0,2,338
T-11186,C-0227,2026-06-04 18:47:56,chat,returns,3,trade,north,222.41,98,2610.0,25,18,0,3,81
T-11187,C-0194,2026-06-05 01:28:57,email,delivery,3,business,north,246.92,114,1078.0,13,1,0,3,52
T-11188,C-0207,2026-06-05 04:44:23,email,account,2,business,west,,65,1875.0,25,4,0,2,80
T-11189,C-0188,2026-06-05 07:13:24,web_form,delivery,3,trade,south,72.98,102,1282.0,3,7,0,3,238
T-11190,C-0086,2026-06-05 09:22:59,email,account,2,trade,north,,61,2423.0,5,9,0,2,510
T-11191,C-0028,2026-06-05 09:51:39,chat,delivery,3,home,west,40.77,236,1856.0,2,9,0,3,299
T-11192,C-0054,2026-06-05 10:43:48,email,delivery,2,home,north,95.63,57,1532.0,8,10,0,2,275
T-11193,C-0086,2026-06-05 13:35:00,chat,account,2,trade,north,,15,2423.0,6,13,0,2,229
T-11194,C-0233,2026-06-05 14:15:35,phone,warranty,3,business,north,97.33,70,1092.0,7,14,0,3,447
T-11195,C-0007,2026-06-05 14:38:58,email,account,2,business,north,,105,550.0,7,14,0,2,130
T-11196,C-0155,2026-06-05 15:55:03,chat,account,3,trade,north,,58,307.0,13,15,0,3,165
T-11197,C-0169,2026-06-05 16:42:55,web_form,payment,2,trade,east,239.61,135,1797.0,18,16,0,2,289
T-11198,C-0226,2026-06-05 19:31:52,email,delivery,1,business,east,347.55,98,1918.0,24,19,0,1,239
T-11199,C-0007,2026-06-05 20:07:08,web_form,account,3,business,north,,39,550.0,8,20,0,3,6
T-11200,C-0239,2026-06-06 07:04:17,email,delivery,1,home,west,75.42,40,1448.0,3,7,0,1,433
T-11201,C-0217,2026-06-06 13:35:10,phone,delivery,2,home,east,31.48,92,2577.0,6,13,0,2,64
T-11202,C-0201,2026-06-06 14:15:44,email,returns,2,business,south,60.36,88,1654.0,5,14,0,2,64
T-11203,C-0025,2026-06-06 14:55:53,email,returns,3,home,west,14.69,121,2252.0,5,14,0,3,8
T-11204,C-0092,2026-06-06 16:24:10,chat,account,3,home,west,,56,2006.0,1,16,0,3,8
T-11205,C-0012,2026-06-06 20:53:08,email,returns,2,trade,west,160.89,62,196.0,6,20,1,1,11
T-11206,C-0146,2026-06-07 09:51:15,email,warranty,3,home,east,47.86,176,652.0,2,9,0,3,35
T-11207,C-0105,2026-06-07 12:21:00,web_form,returns,2,trade,south,60.04,103,2535.0,9,12,1,1,39
T-11208,C-0153,2026-06-07 16:33:11,phone,returns,1,home,south,77.14,119,447.0,1,16,1,1,35
T-11209,C-0165,2026-06-08 07:36:57,web_form,warranty,3,trade,south,144.42,170,1986.0,10,7,0,3,343
T-11210,C-0086,2026-06-08 08:18:39,chat,returns,2,trade,north,196.14,81,2426.0,7,8,0,2,30
T-11211,C-0152,2026-06-08 10:18:02,chat,account,3,trade,west,,76,1167.0,14,10,0,3,5
T-11212,C-0185,2026-06-08 11:50:32,chat,warranty,3,home,east,10.98,26,2029.0,1,11,0,3,19
T-11213,C-0104,2026-06-08 14:36:20,web_form,account,3,trade,south,,38,1200.0,2,14,0,3,30
T-11214,C-0007,2026-06-08 17:30:37,chat,warranty,3,business,north,117.64,54,553.0,9,17,0,3,29
T-11215,C-0027,2026-06-08 18:29:38,email,returns,2,business,unknown,51.88,111,694.0,7,18,0,2,205
T-11216,C-0152,2026-06-08 18:52:37,phone,account,3,trade,west,,48,1167.0,15,18,0,3,120
T-11217,C-0219,2026-06-08 19:21:23,email,account,2,trade,south,,47,714.0,6,19,1,1,89
T-11218,C-0084,2026-06-08 20:23:58,chat,delivery,3,home,south,319.47,123,2290.0,2,20,0,3,528
T-11219,C-0229,2026-06-09 04:18:32,web_form,delivery,3,home,south,33.98,104,726.0,0,4,0,3,73
T-11220,C-0165,2026-06-09 07:05:12,chat,account,3,trade,south,,83,1987.0,11,7,0,3,29
T-11221,C-0119,2026-06-09 10:09:00,email,delivery,3,trade,unknown,60.16,72,241.0,18,10,0,3,642
T-11222,C-0138,2026-06-09 14:17:29,email,delivery,3,home,south,33.1,96,1899.0,2,14,0,3,274
T-11223,C-0105,2026-06-09 17:51:32,chat,delivery,3,trade,south,1185.55,156,2537.0,10,17,0,1,16
T-11225,C-0190,2026-06-10 08:22:56,chat,account,3,home,south,,49,1020.0,0,8,0,3,37
T-11226,C-0162,2026-06-10 09:47:38,phone,delivery,3,trade,north,302.19,73,2062.0,16,9,0,3,506
T-11227,C-0024,2026-06-10 10:49:00,email,warranty,3,trade,east,164.13,65,1470.0,15,10,0,3,98
T-11228,C-0162,2026-06-10 11:57:34,web_form,account,2,trade,north,,88,2062.0,16,11,0,2,12
T-11229,C-0162,2026-06-10 15:15:55,email,account,3,trade,north,,76,2062.0,17,15,0,3,256
T-11230,C-0024,2026-06-10 17:58:57,email,returns,2,trade,east,216.71,126,1470.0,16,17,0,2,134
T-11231,C-0226,2026-06-10 19:15:09,email,delivery,2,business,east,137.25,129,1923.0,24,19,0,2,162
T-11232,C-0215,2026-06-10 19:26:14,email,payment,1,home,south,140.0,120,1984.0,1,19,1,1,36
T-11233,C-0024,2026-06-11 07:32:11,chat,delivery,3,trade,east,96.91,41,1471.0,17,7,0,3,753
T-11234,C-0210,2026-06-11 09:12:02,chat,delivery,2,trade,south,67.09,130,421.0,7,9,0,2,5
T-11235,C-0158,2026-06-11 10:42:08,web_form,returns,3,home,south,28.6,28,1899.0,7,10,0,3,32
T-11236,C-0074,2026-06-11 11:14:54,chat,account,2,trade,west,,270,1443.0,5,11,0,2,101
T-11237,C-0039,2026-06-11 11:41:50,email,account,2,trade,east,,61,2449.0,13,11,0,2,141
T-11238,C-0058,2026-06-11 11:54:19,web_form,payment,3,trade,north,78.31,50,1773.0,8,11,0,3,60
T-11239,C-0076,2026-06-11 13:56:20,web_form,delivery,2,business,north,24.04,230,1995.0,1,13,0,2,55
T-11240,C-0217,2026-06-11 16:13:27,chat,delivery,3,home,east,23.22,79,2582.0,7,16,0,3,121
T-11241,C-0094,2026-06-11 17:53:05,email,warranty,3,home,south,59.85,92,2506.0,2,17,0,3,419
T-11242,C-0189,2026-06-11 20:03:55,email,warranty,3,home,south,98.95,45,731.0,1,20,1,1,37
T-11243,C-0138,2026-06-11 20:18:49,email,payment,1,home,south,20.5,118,1901.0,3,20,0,1,190
T-11244,C-0074,2026-06-11 21:51:02,email,payment,1,trade,west,625.8,118,1443.0,6,21,0,1,564
T-11245,C-0207,2026-06-12 08:21:42,chat,returns,3,business,west,200.77,100,1882.0,25,8,0,3,40
T-11246,C-0071,2026-06-12 09:05:40,web_form,returns,3,trade,west,159.0,127,1630.0,13,9,0,3,214
T-11247,C-0233,2026-06-12 11:40:43,web_form,returns,2,business,north,66.19,31,1099.0,7,11,0,2,21
T-11248,C-0165,2026-06-12 12:26:47,phone,returns,2,trade,south,28.03,80,1990.0,12,12,0,2,60
T-11249,C-0163,2026-06-12 14:17:47,web_form,warranty,3,home,north,62.65,240,2422.0,6,14,0,3,29
T-11250,C-0050,2026-06-12 14:59:54,email,returns,3,trade,unknown,37.82,134,1091.0,12,14,0,3,255
T-11251,C-0108,2026-06-12 17:20:06,email,returns,2,home,south,95.53,257,1644.0,0,17,0,2,46
T-11252,C-0058,2026-06-12 18:04:12,email,returns,2,trade,north,53.66,125,1774.0,8,18,0,2,129
T-11253,C-0138,2026-06-13 09:39:44,web_form,account,2,home,south,,146,1903.0,4,9,0,2,309
T-11254,C-0055,2026-06-13 13:24:31,chat,payment,2,trade,north,263.91,74,1714.0,6,13,1,1,9
T-11255,C-0107,2026-06-13 17:27:48,email,payment,3,trade,east,231.64,305,2401.0,7,17,0,3,54
T-11256,C-0155,2026-06-13 17:29:52,email,returns,1,trade,north,179.55,174,315.0,13,17,0,1,15
T-11257,C-0169,2026-06-14 07:18:37,email,returns,3,trade,east,125.0,77,1806.0,16,7,0,3,2
T-11258,C-0202,2026-06-14 08:00:43,web_form,returns,3,home,east,54.11,224,1571.0,0,8,0,3,469
T-11259,C-0210,2026-06-14 08:20:29,chat,returns,2,trade,south,,81,424.0,8,8,0,2,279
T-11260,C-0207,2026-06-14 17:36:57,chat,delivery,3,business,west,100.25,28,1884.0,25,17,0,3,12
T-11261,C-0169,2026-06-14 20:17:13,phone,delivery,2,trade,east,166.02,22,1806.0,17,20,0,2,110
T-11262,C-0055,2026-06-15 09:44:09,web_form,warranty,2,trade,north,79.61,65,1716.0,7,9,0,1,12
T-11263,C-0081,2026-06-15 12:30:16,chat,account,3,home,west,,92,446.0,1,12,0,3,79
T-11264,C-0173,2026-06-15 15:38:29,email,account,2,home,west,,136,1830.0,1,15,0,2,14
T-11265,C-0227,2026-06-15 16:20:07,chat,delivery,3,trade,north,54.42,75,2621.0,22,16,0,3,631
T-11266,C-0210,2026-06-15 17:43:04,chat,warranty,3,trade,south,137.1,62,425.0,9,17,0,3,8
T-11267,C-0139,2026-06-15 20:35:14,chat,returns,3,business,east,77.3,85,735.0,7,20,0,3,323
T-11268,C-0050,2026-06-16 09:39:01,email,delivery,3,trade,unknown,53.38,114,1095.0,13,9,0,3,297
T-11269,C-0010,2026-06-16 09:55:58,email,returns,3,home,north,49.97,117,935.0,0,9,0,3,53
T-11270,C-0035,2026-06-16 12:33:51,unknown,delivery,2,business,east,25.39,48,597.0,0,12,0,2,68
T-11271,C-0058,2026-06-16 15:54:06,chat,returns,1,trade,north,85.08,58,1778.0,9,15,1,1,29
T-11272,C-0050,2026-06-16 16:04:33,web_form,warranty,2,trade,unknown,123.11,35,1095.0,14,16,0,1,24
T-11273,C-0162,2026-06-16 16:32:31,email,warranty,3,trade,north,271.35,189,2068.0,15,16,1,1,3
T-11274,C-0119,2026-06-16 17:09:36,web_form,delivery,3,trade,unknown,70.57,448,248.0,18,17,0,3,66
T-11275,C-0050,2026-06-17 07:58:10,phone,delivery,3,trade,unknown,287.82,84,1096.0,15,7,0,3,107
T-11276,C-0105,2026-06-17 08:45:17,email,returns,3,trade,south,99.73,31,2545.0,10,8,1,1,25
T-11277,C-0145,2026-06-17 10:14:24,email,returns,2,business,north,,330,141.0,4,10,1,1,71
T-11278,C-0105,2026-06-17 11:50:29,chat,delivery,1,trade,south,12.51,60,2545.0,11,11,0,1,241
T-11279,C-0210,2026-06-17 12:38:01,chat,payment,2,trade,south,80.92,56,427.0,10,12,0,2,444
T-11280,C-0119,2026-06-17 15:54:01,email,returns,2,trade,unknown,138.04,207,249.0,19,15,0,2,49
T-11281,C-0114,2026-06-17 17:25:58,web_form,warranty,2,trade,unknown,295.45,66,1387.0,5,17,0,1,10
T-11282,C-0027,2026-06-17 17:43:01,email,warranty,2,business,unknown,118.42,192,703.0,8,17,0,2,215
T-11283,C-0054,2026-06-17 18:18:11,phone,delivery,3,home,north,60.12,125,1544.0,7,18,1,1,57
T-11284,C-0207,2026-06-17 20:18:17,chat,payment,2,business,west,43.03,215,1887.0,26,20,0,2,137
T-11285,C-0115,2026-06-17 20:43:57,chat,delivery,3,trade,south,65.97,108,1740.0,10,20,0,3,381
T-11286,C-0017,2026-06-17 21:30:18,chat,returns,2,home,south,44.7,143,691.0,2,21,0,2,54
T-11287,C-0071,2026-06-18 08:20:35,email,payment,3,trade,west,811.29,37,1636.0,13,8,1,1,2
T-11288,C-0152,2026-06-18 10:58:26,chat,warranty,3,trade,west,71.2,283,1177.0,14,10,1,1,31
T-11289,C-0050,2026-06-18 12:22:15,chat,delivery,3,trade,unknown,93.47,79,1097.0,15,12,0,3,262
T-11290,C-0147,2026-06-18 14:31:35,phone,delivery,2,home,south,144.7,93,1192.0,5,14,0,2,326
T-11291,C-0226,2026-06-18 15:45:53,email,returns,3,business,east,102.57,126,1931.0,21,15,0,3,17
T-11292,C-0058,2026-06-18 17:14:28,email,warranty,3,trade,north,175.54,126,1780.0,10,17,1,1,21
T-11293,C-0217,2026-06-18 17:15:44,chat,returns,3,home,east,226.23,79,2589.0,7,17,0,3,219
T-11294,C-0240,2026-06-18 19:04:10,chat,returns,3,home,south,150.56,120,2251.0,1,19,0,3,5
T-11295,C-0058,2026-06-18 19:42:52,email,returns,3,trade,north,191.96,70,1780.0,11,19,1,1,34
T-11296,C-0236,2026-06-18 19:54:49,email,delivery,3,business,east,,79,1448.0,24,19,0,3,347
T-11297,C-0194,2026-06-18 23:08:02,web_form,payment,2,business,north,63.47,108,1091.0,11,23,0,2,107
T-11298,C-0163,2026-06-19 04:06:12,web_form,account,3,home,north,,109,2429.0,7,4,0,3,46
T-11299,C-0072,2026-06-19 07:35:55,phone,account,2,home,north,,65,879.0,2,7,0,2,253
T-11300,C-0203,2026-06-19 08:34:49,email,payment,3,home,north,29.34,125,1981.0,1,8,0,3,87
T-11301,C-0227,2026-06-19 10:40:56,email,delivery,1,trade,north,63.87,63,2625.0,22,10,0,1,129
T-11302,C-0203,2026-06-19 12:04:30,phone,account,2,home,north,,113,1981.0,2,12,0,2,268
T-11303,C-0107,2026-06-19 12:08:36,chat,payment,3,trade,east,77.99,94,2407.0,7,12,0,3,92
T-11304,C-0014,2026-06-19 12:29:26,email,returns,3,business,north,64.08,82,566.0,11,12,0,3,77
T-11305,C-0071,2026-06-19 12:36:20,email,delivery,2,trade,west,73.12,122,1637.0,13,12,0,2,116
T-11306,C-0015,2026-06-19 14:02:55,chat,delivery,3,home,north,52.87,102,2139.0,0,14,0,3,50
T-11307,C-0152,2026-06-19 14:37:44,phone,warranty,2,trade,west,205.93,140,1178.0,15,14,1,1,8
T-11308,C-0168,2026-06-19 14:50:57,email,account,1,trade,west,,76,934.0,2,14,1,1,7
T-11309,C-0181,2026-06-19 18:49:38,phone,returns,3,home,north,48.94,59,1251.0,3,18,0,3,13
T-11310,C-0196,2026-06-19 19:06:38,web_form,returns,2,home,north,109.4,63,899.0,0,19,0,2,786
T-11311,C-0017,2026-06-19 20:58:16,email,returns,2,home,south,31.95,128,693.0,3,20,0,2,536
T-11312,C-0158,2026-06-20 07:52:42,web_form,delivery,2,home,south,29.92,317,1908.0,8,7,0,2,42
T-11313,C-0227,2026-06-20 08:55:47,email,delivery,3,trade,north,214.73,55,2626.0,23,8,0,3,3
T-11314,C-0099,2026-06-20 17:30:52,web_form,warranty,3,business,north,116.29,153,2239.0,12,17,1,1,46
T-11315,C-0024,2026-06-21 01:14:45,chat,delivery,3,trade,east,84.77,209,1481.0,16,1,0,3,88
T-11316,C-0224,2026-06-21 10:39:09,web_form,account,2,home,north,,268,1695.0,4,10,0,2,194
T-11317,C-0050,2026-06-21 10:39:40,email,payment,1,trade,unknown,197.8,57,1100.0,16,10,0,1,53
T-11318,C-0236,2026-06-21 14:37:27,chat,delivery,3,business,east,102.34,113,1451.0,25,14,0,3,346
T-11319,C-0099,2026-06-21 17:03:24,email,delivery,3,business,north,424.02,63,2240.0,13,17,0,3,52
T-11320,C-0227,2026-06-22 09:27:11,phone,returns,3,trade,north,46.61,72,2628.0,24,9,0,3,116
T-11321,C-0010,2026-06-22 14:57:16,chat,delivery,3,home,north,45.82,99,941.0,1,14,0,3,441
T-11322,C-0165,2026-06-22 21:53:29,email,returns,3,trade,south,69.74,38,2000.0,11,21,0,3,568
T-11323,C-0058,2026-06-23 07:21:22,chat,delivery,2,trade,north,44.93,41,1785.0,12,7,0,2,69
T-11324,C-0119,2026-06-23 08:15:29,chat,warranty,3,trade,unknown,27.91,104,255.0,18,8,0,3,11
T-11325,C-0169,2026-06-23 09:46:59,chat,delivery,3,trade,east,52.03,108,1815.0,15,9,0,3,463
T-11326,C-0020,2026-06-23 11:12:31,phone,payment,2,home,north,89.6,81,1570.0,1,11,0,2,118
T-11327,C-0229,2026-06-23 12:01:47,email,warranty,2,home,south,19.16,172,740.0,1,12,0,2,89
T-11328,C-0159,2026-06-23 12:05:14,web_form,warranty,3,home,west,131.38,197,121.0,3,12,1,1,4
T-11329,C-0071,2026-06-23 14:23:13,chat,returns,1,trade,west,75.93,48,1641.0,12,14,1,1,10
T-11330,C-0207,2026-06-23 14:59:08,phone,payment,1,business,west,270.7,132,1893.0,25,14,1,1,7
T-11331,C-0226,2026-06-23 15:07:35,email,delivery,2,business,east,57.97,42,1936.0,22,15,0,2,71
T-11332,C-0177,2026-06-23 16:22:59,unknown,warranty,3,trade,west,90.27,64,1221.0,4,16,0,3,30
T-11333,C-0114,2026-06-23 17:27:23,email,payment,1,trade,unknown,369.77,104,1393.0,6,17,1,1,2
T-11334,C-0033,2026-06-23 18:26:16,phone,payment,3,home,west,44.69,112,1388.0,1,18,0,3,523
T-11335,C-0050,2026-06-23 18:49:42,email,delivery,2,trade,unknown,292.62,182,1102.0,17,18,0,2,154
T-11336,C-0087,2026-06-23 18:55:19,chat,payment,3,home,west,107.68,131,1677.0,0,18,0,3,37
T-11337,C-0207,2026-06-23 19:58:10,chat,returns,3,business,west,270.36,423,1893.0,26,19,1,1,5
T-11338,C-0162,2026-06-24 07:07:13,web_form,delivery,3,trade,north,180.5,103,2076.0,15,7,0,3,17
T-11339,C-0046,2026-06-24 07:48:43,web_form,account,2,trade,south,,81,822.0,2,7,0,2,79
T-11340,C-0115,2026-06-24 08:10:31,email,returns,2,trade,south,292.77,77,1747.0,11,8,0,2,10
T-11341,C-0061,2026-06-24 11:33:53,phone,returns,3,trade,west,184.93,48,2278.0,4,11,0,3,84
T-11342,C-0024,2026-06-24 11:36:17,email,payment,2,trade,east,279.8,208,1484.0,17,11,0,2,92
T-11343,C-0236,2026-06-24 13:28:26,chat,delivery,3,business,east,341.83,91,1454.0,24,13,0,3,14
T-11344,C-0119,2026-06-24 15:24:23,chat,delivery,3,trade,unknown,97.96,46,256.0,17,15,0,3,107
T-11345,C-0217,2026-06-24 17:46:29,phone,returns,2,home,east,103.44,172,2595.0,7,17,0,2,179
T-11346,C-0055,2026-06-24 18:27:48,email,delivery,2,trade,north,323.11,72,1725.0,6,18,0,2,90
T-11347,C-0100,2026-06-24 19:10:11,chat,delivery,2,home,north,125.68,148,1401.0,0,19,0,2,19
T-11348,C-0210,2026-06-24 19:52:31,phone,returns,2,trade,south,194.47,90,434.0,11,19,0,2,129
T-11349,C-0091,2026-06-24 20:46:29,chat,delivery,2,home,west,166.46,60,798.0,0,20,0,2,704
T-11350,C-0181,2026-06-25 07:12:09,chat,warranty,2,home,north,49.05,122,1257.0,4,7,0,1,9
T-11351,C-0099,2026-06-25 10:36:25,email,payment,2,business,north,166.16,118,2244.0,13,10,0,2,294
T-11352,C-0207,2026-06-25 10:38:07,email,account,2,business,west,,50,1895.0,26,10,0,2,175
T-11353,C-0126,2026-06-25 10:49:03,email,payment,3,trade,unknown,248.1,255,81.0,1,10,1,1,2
T-11354,C-0229,2026-06-25 12:05:06,phone,payment,3,home,south,181.62,93,742.0,2,12,0,3,2
T-11355,C-0099,2026-06-25 12:38:09,chat,returns,3,business,north,292.22,182,2244.0,14,12,0,3,175
T-11356,C-0226,2026-06-25 13:04:44,web_form,delivery,3,business,east,53.3,58,1938.0,23,13,0,3,29
T-11357,C-0162,2026-06-25 13:59:52,chat,delivery,3,trade,north,53.95,59,2077.0,15,13,0,3,47
T-11358,C-0194,2026-06-25 17:19:33,chat,returns,2,business,north,22.71,254,1098.0,11,17,0,2,225
T-11359,C-0194,2026-06-26 00:12:37,phone,warranty,3,business,north,116.52,85,1099.0,12,0,0,3,76
T-11360,C-0074,2026-06-26 09:21:26,chat,payment,2,trade,west,174.5,127,1458.0,6,9,0,2,42
T-11361,C-0083,2026-06-26 11:16:44,phone,delivery,1,home,east,96.17,175,963.0,2,11,1,1,2
T-11362,C-0226,2026-06-26 13:36:23,web_form,delivery,3,business,east,74.02,75,1939.0,23,13,0,3,223
T-11363,C-0050,2026-06-26 15:40:32,email,warranty,1,trade,unknown,133.4,130,1105.0,17,15,1,1,4
T-11364,C-0012,2026-06-26 16:30:34,email,warranty,1,trade,west,55.23,90,216.0,5,16,0,1,173
T-11365,C-0172,2026-06-26 18:20:25,web_form,payment,3,home,south,83.77,92,126.0,1,18,0,3,157
T-11366,C-0115,2026-06-26 18:24:42,email,delivery,3,trade,south,90.0,54,1749.0,12,18,0,3,24
T-11367,C-0105,2026-06-26 21:22:51,chat,returns,2,trade,south,23.52,38,2554.0,10,21,0,2,207
T-11368,C-0024,2026-06-27 11:40:32,chat,payment,3,trade,east,586.96,71,1487.0,17,11,0,3,2
T-11369,C-0140,2026-06-27 13:50:20,web_form,returns,2,home,east,76.24,66,675.0,0,13,0,2,156
T-11370,C-0033,2026-06-27 14:46:00,web_form,delivery,2,home,west,76.68,173,1392.0,2,14,1,1,2
T-11371,C-0177,2026-06-27 16:20:29,email,delivery,3,trade,west,34.57,80,1225.0,5,16,0,3,2
T-11372,C-0224,2026-06-27 18:16:08,phone,returns,2,home,north,33.07,65,1701.0,5,18,0,2,100
T-11373,C-0077,2026-06-27 20:14:04,email,account,3,home,east,,144,2161.0,0,20,0,3,39
