ticket_id,customer_id,created_at,channel,team,priority,segment,region,order_value,word_count,customer_tenure_days,prior_tickets_90d,created_hour,prior_escalations_90d
T-119233,C-00029,2026-07-01 07:15:55,chat,returns,3,trade,unknown,54.38,77,748,2,7,0
T-119234,C-00187,2026-07-01 07:22:22,email,warranty,2,business,south,396.87,178,304,30,7,2
T-119235,C-00760,2026-07-01 07:29:56,chat,warranty,3,trade,south,186.4,80,2585,5,7,2
T-119236,C-00215,2026-07-01 07:34:11,web_form,account,2,trade,east,,176,153,6,7,0
T-119237,C-00143,2026-07-01 07:52:13,chat,account,3,business,north,,33,642,9,7,2
T-119238,C-00027,2026-07-01 07:54:27,email,delivery,3,trade,south,49.21,19,2626,2,7,0
T-119239,C-00777,2026-07-01 07:59:14,email,delivery,2,trade,south,70.51,35,356,7,7,2
T-119240,C-00726,2026-07-01 08:04:48,chat,returns,1,trade,west,37.62,106,1517,5,8,1
T-119241,C-00562,2026-07-01 08:08:40,email,payment,3,home,east,72.69,70,2334,2,8,0
T-119242,C-00885,2026-07-01 08:49:43,phone,payment,3,home,north,30.34,28,534,1,8,0
T-119243,C-00405,2026-07-01 09:09:47,email,account,2,home,west,,145,2303,5,9,1
T-119244,C-00546,2026-07-01 09:25:14,email,returns,2,home,east,36.78,128,2600,1,9,0
T-119245,C-00034,2026-07-01 09:37:19,chat,returns,2,home,south,92.35,254,2528,1,9,0
T-119246,C-00798,2026-07-01 10:02:32,phone,account,1,trade,west,,156,1689,0,10,0
T-119247,C-00264,2026-07-01 10:08:39,email,delivery,3,business,east,145.18,130,2084,26,10,2
T-119248,C-00404,2026-07-01 10:35:13,email,delivery,2,home,east,152.04,131,978,1,10,0
T-119249,C-00940,2026-07-01 10:36:23,chat,delivery,3,home,north,225.16,70,1233,3,10,0
T-119250,C-00049,2026-07-01 10:37:29,web_form,delivery,3,home,east,23.31,84,2334,0,10,0
T-119251,C-00866,2026-07-01 10:44:19,chat,delivery,2,trade,west,107.82,99,1569,5,10,0
T-119252,C-00668,2026-07-01 10:48:37,email,delivery,2,trade,south,159.88,102,367,6,10,1
T-119253,C-00383,2026-07-01 10:53:24,unknown,delivery,3,business,north,129.93,152,896,3,10,0
T-119254,C-00319,2026-07-01 11:09:39,phone,delivery,3,trade,south,258.37,101,1714,7,11,2
T-119255,C-00172,2026-07-01 11:22:20,chat,payment,1,business,east,54.02,83,621,28,11,7
T-119256,C-00241,2026-07-01 11:26:54,chat,delivery,3,home,west,29.17,74,246,1,11,1
T-119257,C-00877,2026-07-01 12:14:58,chat,account,1,trade,west,,121,218,3,12,2
T-119258,C-00170,2026-07-01 12:18:29,chat,delivery,3,business,west,40.7,67,785,1,12,0
T-119259,C-00040,2026-07-01 12:26:24,unknown,returns,2,home,west,28.73,196,1178,0,12,0
T-119260,C-00679,2026-07-01 13:36:49,chat,account,3,home,west,,58,1278,0,13,0
T-119261,C-00581,2026-07-01 13:48:39,phone,payment,2,trade,north,21.45,117,2142,0,13,0
T-119262,,2026-07-01 13:52:37,chat,delivery,2,guest,unknown,85.7,23,,0,13,0
T-119263,C-00026,2026-07-01 13:53:25,web_form,returns,2,trade,south,138.41,267,537,0,13,0
T-119264,C-00666,2026-07-01 14:25:42,email,delivery,3,home,west,62.01,118,2573,1,14,0
T-119265,C-00396,2026-07-01 14:41:47,chat,warranty,2,trade,north,289.24,110,2445,9,14,5
T-119266,C-00791,2026-07-01 14:50:01,phone,delivery,3,trade,south,119.2,32,84,1,14,0
T-119267,C-00614,2026-07-01 15:25:45,phone,account,3,business,unknown,,150,1916,41,15,8
T-119268,C-00032,2026-07-01 15:30:28,email,returns,1,business,east,201.67,84,462,2,15,0
T-119269,C-00538,2026-07-01 15:35:27,chat,payment,3,trade,west,607.63,33,1258,15,15,3
T-119270,C-00418,2026-07-01 15:52:45,chat,delivery,3,trade,unknown,103.81,66,63,1,15,0
T-119271,C-00518,2026-07-01 16:04:33,email,delivery,1,home,east,27.73,196,1826,0,16,0
T-119272,C-00920,2026-07-01 16:27:39,email,delivery,1,business,east,73.35,60,2211,10,16,6
T-119273,C-00924,2026-07-01 16:35:38,email,returns,3,trade,west,56.13,15,1638,6,16,0
T-119274,C-00877,2026-07-01 16:46:47,chat,delivery,3,trade,west,7.34,80,218,3,16,3
T-119275,C-00458,2026-07-01 16:51:06,web_form,returns,3,business,west,73.51,123,2355,17,16,3
T-119276,C-00273,2026-07-01 16:51:24,chat,delivery,3,home,east,70.96,152,1353,0,16,0
T-119277,C-00811,2026-07-01 17:02:25,email,payment,2,home,west,54.46,85,239,2,17,0
T-119278,C-00614,2026-07-01 17:06:35,phone,delivery,3,business,unknown,204.03,156,1916,41,17,8
T-119279,C-00230,2026-07-01 17:43:57,chat,delivery,2,home,north,40.76,129,2226,6,17,0
T-119280,C-00092,2026-07-01 17:50:29,email,delivery,3,home,west,127.92,254,507,0,17,0
T-119281,C-00053,2026-07-01 18:10:23,web_form,payment,2,business,east,180.04,153,1853,5,18,2
T-119282,C-00680,2026-07-01 18:31:02,web_form,payment,1,trade,east,47.32,50,1823,19,18,1
T-119283,C-00440,2026-07-01 18:49:02,email,account,2,business,east,,55,2144,0,18,0
T-119284,C-00809,2026-07-01 19:02:42,email,returns,3,business,west,74.44,187,2342,10,19,0
T-119285,C-00560,2026-07-01 19:16:24,email,warranty,2,business,south,79.22,326,2669,11,19,2
T-119286,C-00825,2026-07-01 19:23:47,unknown,account,3,trade,east,,38,753,6,19,1
T-119287,C-00146,2026-07-01 19:51:45,web_form,payment,3,home,east,295.63,174,253,6,19,0
T-119288,C-00243,2026-07-01 19:57:32,chat,returns,1,home,west,94.61,140,2063,3,19,0
T-119289,C-00646,2026-07-01 19:58:49,chat,delivery,3,trade,south,169.49,157,2388,0,19,0
T-119290,C-00132,2026-07-01 20:10:43,chat,returns,2,home,south,35.99,112,2615,0,20,0
T-119291,C-00786,2026-07-01 20:18:59,phone,delivery,1,home,west,74.98,19,1044,0,20,0
T-119292,C-00251,2026-07-01 20:23:49,chat,account,2,trade,west,,192,1370,29,20,0
T-119293,C-00685,2026-07-01 21:01:50,email,account,1,trade,unknown,,208,801,5,21,1
T-119294,C-00693,2026-07-01 21:27:00,phone,delivery,3,home,north,13.52,375,2480,1,21,1
T-119295,C-00153,2026-07-01 21:58:14,email,delivery,3,business,north,27.76,405,1399,0,21,0
T-119296,C-00150,2026-07-02 00:07:50,web_form,delivery,2,trade,west,234.46,55,2289,0,0,0
T-119297,C-00991,2026-07-02 07:02:23,web_form,returns,2,home,south,129.43,107,1554,0,7,0
T-119298,C-00456,2026-07-02 07:03:22,email,returns,3,trade,west,146.14,54,718,3,7,0
T-119299,C-00612,2026-07-02 07:21:57,phone,delivery,3,trade,unknown,70.0,122,731,2,7,0
T-119300,C-00776,2026-07-02 07:24:52,email,delivery,2,trade,south,112.7,32,2197,5,7,1
T-119301,C-00551,2026-07-02 07:24:54,email,payment,3,trade,east,42.47,56,136,10,7,0
T-119302,C-00048,2026-07-02 08:10:43,chat,delivery,2,home,east,87.65,17,1119,0,8,0
T-119303,C-00076,2026-07-02 08:39:27,web_form,delivery,3,trade,north,326.05,66,921,0,8,0
T-119304,C-00593,2026-07-02 08:43:21,email,account,1,home,south,,73,2561,1,8,0
T-119305,C-00818,2026-07-02 09:07:36,phone,returns,2,home,north,111.76,72,474,0,9,0
T-119306,C-00156,2026-07-02 09:18:36,chat,payment,3,home,east,107.9,29,2448,3,9,0
T-119307,C-00001,2026-07-02 09:52:36,chat,returns,3,business,south,70.43,50,2645,11,9,4
T-119308,C-00756,2026-07-02 10:04:02,chat,delivery,3,business,east,87.32,60,2564,18,10,2
T-119309,C-00753,2026-07-02 10:26:05,chat,delivery,3,home,south,26.68,32,1201,1,10,0
T-119310,C-00541,2026-07-02 10:33:56,phone,returns,1,business,north,82.66,318,2058,4,10,1
T-119311,C-00588,2026-07-02 10:39:20,chat,warranty,2,home,west,89.31,241,1253,1,10,1
T-119312,C-00554,2026-07-02 10:40:48,email,delivery,3,home,west,135.14,28,2490,0,10,0
T-119313,C-00979,2026-07-02 11:12:23,chat,returns,3,home,north,59.4,67,2611,0,11,0
T-119314,C-00533,2026-07-02 11:41:26,web_form,returns,3,trade,west,49.22,46,204,23,11,5
T-119315,C-00222,2026-07-02 11:53:09,chat,warranty,1,trade,unknown,101.5,114,2395,12,11,0
T-119316,C-00321,2026-07-02 12:30:56,chat,payment,1,home,north,76.61,100,23,0,12,0
T-119317,C-00394,2026-07-02 12:32:37,email,payment,3,home,south,40.27,62,283,5,12,0
T-119318,C-00167,2026-07-02 12:57:00,email,delivery,1,home,east,22.78,39,2365,2,12,0
T-119319,C-00259,2026-07-02 13:03:28,chat,returns,2,trade,west,102.73,163,1769,2,13,0
T-119320,C-00035,2026-07-02 13:14:23,phone,returns,1,business,south,83.65,80,104,1,13,0
T-119321,C-00637,2026-07-02 13:26:14,email,returns,3,trade,south,155.72,137,2337,2,13,1
T-119322,C-00343,2026-07-02 13:31:05,email,delivery,2,home,west,27.5,36,2669,1,13,1
T-119323,C-00178,2026-07-02 13:46:56,unknown,delivery,3,home,south,65.15,209,2579,3,13,0
T-119324,C-00827,2026-07-02 13:56:29,email,warranty,2,business,south,29.28,62,94,9,13,1
T-119325,C-00905,2026-07-02 13:57:00,chat,delivery,1,home,west,91.04,59,2523,0,13,0
T-119326,C-00836,2026-07-02 14:32:36,chat,account,3,home,east,,157,503,1,14,0
T-119327,C-00195,2026-07-02 14:59:58,email,payment,2,trade,east,54.62,79,536,0,14,0
T-119328,C-00406,2026-07-02 15:03:46,email,delivery,1,trade,south,82.34,120,1079,0,15,0
T-119329,C-00239,2026-07-02 15:06:08,email,returns,1,trade,east,41.97,102,2619,3,15,0
T-119330,C-00948,2026-07-02 15:27:37,email,returns,2,home,north,18.83,64,655,0,15,0
T-119331,C-00127,2026-07-02 15:33:16,email,delivery,2,business,north,144.65,243,1508,1,15,1
T-119332,C-00143,2026-07-02 15:36:04,email,payment,2,business,north,83.94,57,643,8,15,2
T-119333,C-00520,2026-07-02 16:01:13,chat,warranty,3,trade,north,152.85,62,684,11,16,1
T-119334,C-00629,2026-07-02 16:55:53,chat,delivery,2,trade,north,108.47,83,1198,3,16,0
T-119335,C-00290,2026-07-02 17:57:07,email,returns,1,trade,west,131.57,31,1253,20,17,5
T-119336,C-00604,2026-07-02 18:07:28,phone,delivery,2,trade,south,675.24,32,813,28,18,5
T-119337,C-00484,2026-07-02 18:23:12,email,payment,1,trade,north,85.62,99,2014,2,18,0
T-119338,C-00677,2026-07-02 18:29:56,email,payment,2,trade,north,100.82,75,1347,29,18,6
T-119339,C-00333,2026-07-02 18:32:40,web_form,account,2,trade,north,,58,572,5,18,1
T-119340,C-00985,2026-07-02 18:33:36,email,payment,2,home,south,99.29,158,1484,3,18,0
T-119341,C-00737,2026-07-02 19:00:05,email,returns,2,trade,east,63.7,506,1460,0,19,0
T-119342,C-00195,2026-07-02 19:04:41,email,delivery,3,trade,east,165.01,92,536,0,19,0
T-119343,C-00378,2026-07-02 19:15:27,email,delivery,2,home,south,39.76,70,1843,3,19,0
T-119344,C-00011,2026-07-02 20:01:22,chat,delivery,2,home,east,204.53,274,991,0,20,0
T-119345,C-00553,2026-07-02 20:15:35,email,delivery,3,trade,east,120.02,72,1411,11,20,1
T-119346,C-00349,2026-07-02 21:46:16,web_form,account,2,home,west,,88,173,7,21,0
T-119347,C-00310,2026-07-03 06:10:50,chat,account,3,trade,west,,109,1211,8,6,2
T-119348,C-00797,2026-07-03 07:01:50,phone,delivery,3,trade,west,25.15,78,179,3,7,1
T-119349,C-00441,2026-07-03 07:03:37,email,returns,3,trade,west,92.11,80,1680,6,7,2
T-119350,C-00200,2026-07-03 07:05:34,web_form,account,3,home,north,,135,281,0,7,0
T-119351,C-00262,2026-07-03 07:46:54,email,returns,3,business,east,129.57,106,1975,14,7,1
T-119352,C-00109,2026-07-03 07:59:00,chat,returns,1,home,south,108.38,39,1560,0,7,0
T-119353,C-00928,2026-07-03 08:06:26,email,delivery,1,home,north,115.87,84,611,1,8,0
T-119354,C-00895,2026-07-03 08:09:24,email,account,3,trade,south,,41,2370,3,8,0
T-119355,C-00750,2026-07-03 08:16:22,email,delivery,2,trade,west,51.81,123,1380,9,8,1
T-119356,C-00305,2026-07-03 09:05:23,email,delivery,2,trade,unknown,59.83,249,965,3,9,0
T-119357,C-00287,2026-07-03 09:11:03,email,delivery,3,business,west,77.44,93,1413,7,9,2
T-119358,C-00458,2026-07-03 09:12:00,email,delivery,3,business,west,112.35,47,2357,17,9,3
T-119359,C-00102,2026-07-03 09:12:35,web_form,delivery,3,home,south,81.11,70,697,1,9,0
T-119360,C-00032,2026-07-03 09:49:44,web_form,delivery,2,business,east,116.79,105,464,2,9,1
T-119361,C-00719,2026-07-03 10:00:30,web_form,payment,2,home,west,124.24,54,276,2,10,0
T-119362,C-00684,2026-07-03 10:05:04,phone,returns,2,home,south,99.15,90,2267,0,10,0
T-119363,C-00699,2026-07-03 10:19:26,chat,account,2,trade,south,,95,1980,11,10,1
T-119364,C-00094,2026-07-03 10:36:09,chat,warranty,2,trade,south,234.81,155,893,10,10,2
T-119365,C-00957,2026-07-03 11:31:27,email,delivery,3,trade,north,303.11,232,939,1,11,0
T-119366,C-00311,2026-07-03 11:33:47,email,warranty,2,trade,east,45.37,36,95,5,11,0
T-119367,C-00468,2026-07-03 12:14:31,chat,delivery,3,trade,north,254.7,189,157,1,12,0
T-119368,C-00565,2026-07-03 12:34:45,chat,delivery,3,trade,west,580.31,243,1396,17,12,5
T-119369,C-00137,2026-07-03 12:41:23,chat,returns,3,business,unknown,594.21,114,1324,11,12,1
T-119370,C-00868,2026-07-03 13:15:49,web_form,returns,2,trade,north,442.58,63,453,8,13,0
T-119371,C-00042,2026-07-03 13:22:21,email,returns,3,trade,south,201.34,183,1226,1,13,0
T-119372,C-00162,2026-07-03 13:43:19,unknown,payment,3,home,east,179.86,104,2107,0,13,0
T-119373,C-00503,2026-07-03 13:47:36,chat,warranty,3,trade,south,124.84,81,1971,11,13,3
T-119374,C-00624,2026-07-03 14:06:18,phone,delivery,3,home,unknown,61.59,68,1512,1,14,1
T-119375,C-00476,2026-07-03 14:16:21,chat,warranty,2,trade,west,49.9,11,1933,8,14,1
T-119376,C-00744,2026-07-03 15:15:44,email,payment,1,home,north,93.2,70,543,0,15,0
T-119377,C-00801,2026-07-03 15:26:02,chat,payment,3,trade,south,67.18,285,1749,0,15,0
T-119378,C-00534,2026-07-03 16:11:42,chat,account,2,business,south,,89,298,1,16,0
T-119379,C-00801,2026-07-03 16:28:33,chat,warranty,2,trade,south,38.31,140,1749,0,16,0
T-119380,C-00228,2026-07-03 17:28:43,web_form,returns,3,trade,north,139.71,77,721,0,17,0
T-119381,C-00556,2026-07-03 18:12:46,chat,warranty,2,home,north,150.85,139,1141,0,18,0
T-119382,C-00123,2026-07-03 18:18:36,chat,returns,3,home,east,221.66,45,2427,0,18,0
T-119383,C-00886,2026-07-03 18:26:29,chat,payment,3,business,north,599.34,127,915,35,18,2
T-119384,C-00487,2026-07-03 18:37:51,email,account,2,trade,east,,185,2517,5,18,0
T-119385,C-00015,2026-07-03 18:48:30,web_form,warranty,2,trade,south,50.9,51,778,1,18,0
T-119386,C-00515,2026-07-03 18:53:30,chat,returns,3,home,north,103.13,132,1043,2,18,0
T-119387,C-00006,2026-07-03 18:58:14,email,delivery,3,home,west,226.56,52,1506,2,18,0
T-119388,C-00888,2026-07-03 19:28:02,chat,returns,3,business,east,50.61,139,2570,4,19,2
T-119389,C-00564,2026-07-03 19:28:47,chat,delivery,2,home,north,126.6,84,968,0,19,0
T-119390,C-00329,2026-07-03 19:55:58,email,returns,1,home,east,11.6,192,1231,2,19,1
T-119391,C-00942,2026-07-03 20:08:29,email,delivery,3,home,west,30.45,94,2192,0,20,0
T-119392,C-00251,2026-07-03 20:34:25,chat,returns,3,trade,west,49.08,53,1372,28,20,0
T-119393,C-00875,2026-07-03 20:35:42,chat,delivery,2,trade,east,414.42,47,2026,0,20,0
T-119394,C-00313,2026-07-03 21:05:17,chat,delivery,3,trade,north,,21,1683,5,21,1
T-119395,,2026-07-03 21:21:27,chat,warranty,3,guest,unknown,22.98,57,,0,21,0
T-119396,C-00119,2026-07-03 21:56:49,unknown,delivery,3,trade,north,51.84,57,2503,1,21,0
T-119397,C-00322,2026-07-03 23:57:09,email,delivery,3,home,west,54.46,47,1914,3,23,0
T-119398,C-00041,2026-07-04 07:33:45,phone,warranty,3,trade,south,29.17,105,1688,3,7,0
T-119399,C-00195,2026-07-04 07:45:37,chat,returns,3,trade,east,65.85,86,538,0,7,1
T-119400,C-00388,2026-07-04 09:58:23,email,account,3,home,south,,337,1013,6,9,0
T-119401,C-00688,2026-07-04 10:52:32,phone,account,2,trade,east,,30,2475,30,10,8
T-119402,C-00431,2026-07-04 11:03:31,chat,account,1,trade,west,,80,1903,1,11,0
T-119403,C-00725,2026-07-04 11:18:10,chat,warranty,3,home,east,26.74,199,2038,8,11,1
T-119404,C-00279,2026-07-04 11:59:07,email,returns,3,home,south,58.81,91,472,0,11,0
T-119405,C-00313,2026-07-04 13:22:07,email,delivery,3,trade,north,66.79,19,1684,5,13,1
T-119406,C-00935,2026-07-04 14:32:16,chat,returns,2,trade,west,128.16,179,1291,15,14,1
T-119407,C-00507,2026-07-04 14:55:23,email,returns,2,trade,south,52.32,143,1891,4,14,1
T-119408,C-00775,2026-07-04 16:02:56,phone,returns,2,trade,west,24.61,262,2329,3,16,1
T-119409,C-00401,2026-07-04 16:27:37,web_form,returns,3,home,west,29.74,105,649,0,16,0
T-119410,C-00639,2026-07-04 16:40:12,phone,delivery,3,trade,unknown,65.75,150,1262,0,16,0
T-119411,C-00045,2026-07-04 17:00:27,phone,warranty,3,home,north,21.85,109,2062,1,17,0
T-119412,C-00587,2026-07-04 17:32:46,web_form,returns,3,business,south,527.53,245,878,0,17,0
T-119413,C-00489,2026-07-04 17:42:36,email,delivery,3,home,unknown,150.5,60,1583,1,17,0
T-119414,C-00487,2026-07-04 18:13:47,email,returns,3,trade,east,139.02,245,2518,4,18,0
T-119415,C-00214,2026-07-04 18:15:55,chat,returns,2,trade,east,141.59,40,116,4,18,0
T-119416,C-00098,2026-07-04 18:40:35,email,warranty,2,business,west,110.8,33,1183,0,18,0
T-119417,C-00581,2026-07-04 19:42:13,web_form,payment,3,trade,north,189.14,100,2145,0,19,0
T-119418,C-00829,2026-07-04 20:16:58,chat,account,3,trade,north,,382,1373,0,20,0
T-119419,C-00395,2026-07-04 21:29:50,email,account,3,trade,west,,224,1202,3,21,0
T-119420,C-00914,2026-07-05 05:48:24,chat,warranty,3,trade,north,54.01,91,1184,3,5,0
T-119421,C-00339,2026-07-05 07:04:52,chat,warranty,3,home,north,28.8,27,1281,2,7,0
T-119422,C-00525,2026-07-05 07:23:34,chat,delivery,2,trade,west,786.84,46,732,6,7,1
T-119423,C-00814,2026-07-05 07:24:13,chat,payment,2,home,north,43.51,99,2667,5,7,1
T-119424,C-00127,2026-07-05 08:00:11,phone,warranty,3,business,north,45.85,91,1511,1,8,2
T-119425,C-00090,2026-07-05 08:13:20,chat,returns,2,trade,unknown,305.34,46,2400,1,8,0
T-119426,C-00223,2026-07-05 08:17:02,email,returns,1,trade,north,139.79,162,1074,18,8,4
T-119427,C-00258,2026-07-05 08:37:14,email,account,3,home,west,,157,2439,0,8,0
T-119428,C-00313,2026-07-05 09:12:27,email,delivery,3,trade,north,41.81,38,1685,5,9,1
T-119429,C-00947,2026-07-05 09:26:22,email,payment,2,trade,south,833.18,81,1720,0,9,0
T-119430,C-00259,2026-07-05 10:38:12,unknown,delivery,2,trade,west,58.87,41,1772,2,10,0
T-119431,C-00920,2026-07-05 11:25:07,email,returns,3,business,east,103.95,38,2215,10,11,7
T-119432,C-00880,2026-07-05 13:04:16,phone,warranty,3,home,south,26.04,119,1040,0,13,0
T-119433,C-00912,2026-07-05 14:38:36,web_form,delivery,1,trade,north,103.76,223,1127,1,14,0
T-119434,C-00901,2026-07-05 14:48:18,email,payment,2,trade,west,75.65,64,759,5,14,0
T-119435,C-00706,2026-07-05 15:30:05,email,delivery,3,trade,south,40.07,122,147,6,15,1
T-119436,C-00451,2026-07-05 15:40:29,email,payment,3,trade,north,219.4,43,2285,6,15,0
T-119437,C-00053,2026-07-05 20:39:59,web_form,delivery,2,business,east,58.13,89,1857,5,20,3
T-119438,C-00663,2026-07-05 21:09:23,chat,payment,1,home,south,28.75,47,2062,0,21,0
T-119439,C-00663,2026-07-06 00:03:10,chat,delivery,2,home,south,63.02,92,2063,0,0,0
T-119440,C-00449,2026-07-06 04:02:59,email,warranty,1,trade,south,165.56,60,2186,2,4,1
T-119441,C-00360,2026-07-06 07:14:37,email,payment,3,home,north,66.7,92,748,0,7,0
T-119442,C-00912,2026-07-06 07:16:43,chat,account,3,trade,north,,123,1128,1,7,1
T-119443,C-00555,2026-07-06 07:48:02,email,account,2,home,unknown,,153,1725,2,7,0
T-119444,C-00740,2026-07-06 08:15:03,email,payment,1,home,east,55.76,219,173,4,8,0
T-119445,C-00394,2026-07-06 09:45:48,chat,account,3,home,south,,109,287,5,9,0
T-119446,C-00073,2026-07-06 10:44:37,chat,returns,2,home,east,107.57,27,920,1,10,0
T-119447,C-00340,2026-07-06 11:01:16,email,account,1,home,west,,57,793,0,11,0
T-119448,C-00892,2026-07-06 11:03:54,email,returns,1,home,south,84.73,0,2472,2,11,0
T-119449,C-00471,2026-07-06 11:14:02,chat,delivery,3,home,west,263.5,314,553,1,11,0
T-119450,C-00871,2026-07-06 11:21:27,email,account,3,home,south,,141,1715,2,11,0
T-119451,C-00568,2026-07-06 11:34:04,chat,returns,3,trade,east,256.03,160,1198,0,11,0
T-119452,C-00750,2026-07-06 11:44:30,chat,account,3,trade,west,,60,1383,7,11,1
T-119453,C-00235,2026-07-06 11:50:58,chat,returns,3,home,west,53.95,62,921,0,11,0
T-119454,C-00445,2026-07-06 12:00:48,chat,payment,2,home,west,145.03,63,2425,13,12,0
T-119455,C-00708,2026-07-06 12:11:45,email,delivery,2,home,south,231.15,221,30,0,12,0
T-119456,C-00076,2026-07-06 12:31:25,phone,warranty,3,trade,north,84.08,93,925,0,12,0
T-119457,C-00854,2026-07-06 12:46:11,web_form,delivery,3,home,west,31.49,58,1270,0,12,0
T-119458,C-00187,2026-07-06 13:46:42,chat,account,3,business,south,,39,309,28,13,2
T-119459,C-00582,2026-07-06 14:06:58,email,returns,2,business,west,48.87,221,2045,36,14,18
T-119460,C-00914,2026-07-06 14:25:55,unknown,account,1,trade,north,,55,1185,3,14,0
T-119461,C-00129,2026-07-06 14:30:09,web_form,delivery,3,home,south,48.55,0,1692,0,14,0
T-119462,C-00937,2026-07-06 14:33:19,chat,delivery,3,business,east,41.36,50,2101,32,14,4
T-119463,C-00447,2026-07-06 15:17:43,email,delivery,2,trade,north,142.99,65,2636,1,15,0
T-119464,C-00421,2026-07-06 15:29:54,email,delivery,3,trade,west,62.46,53,532,1,15,0
T-119465,C-00223,2026-07-06 15:49:56,chat,warranty,3,trade,north,131.92,88,1075,18,15,5
T-119466,C-00391,2026-07-06 15:58:06,email,delivery,3,home,north,185.65,101,2049,0,15,0
T-119467,C-00950,2026-07-06 16:52:07,email,account,2,trade,east,,132,1065,8,16,2
T-119468,C-00783,2026-07-06 17:13:38,email,warranty,3,trade,north,222.43,32,373,16,17,2
T-119469,C-00278,2026-07-06 18:05:48,chat,account,3,trade,south,,169,1232,4,18,1
T-119470,C-00520,2026-07-06 18:10:06,email,returns,3,trade,north,61.29,30,688,10,18,1
T-119471,C-00239,2026-07-06 18:15:19,chat,payment,1,trade,east,70.44,115,2623,3,18,0
T-119472,C-00194,2026-07-06 18:24:37,chat,returns,3,trade,west,116.31,113,479,0,18,0
T-119473,C-00772,2026-07-06 19:27:56,email,delivery,1,home,south,368.03,92,629,0,19,0
T-119474,C-00924,2026-07-06 19:30:26,email,delivery,3,trade,west,183.35,93,1643,6,19,0
T-119475,C-00854,2026-07-06 20:05:34,email,warranty,3,home,west,9.22,78,1270,0,20,0
T-119476,C-00131,2026-07-06 20:27:31,web_form,returns,3,home,west,48.71,228,1647,5,20,0
T-119477,C-00127,2026-07-06 20:28:22,unknown,returns,3,business,north,426.11,104,1512,1,20,2
T-119478,C-00296,2026-07-06 20:41:08,email,account,3,trade,north,,83,2164,0,20,0
T-119479,C-00831,2026-07-06 20:42:55,chat,delivery,3,trade,north,49.26,99,109,22,20,2
T-119480,C-00206,2026-07-06 20:49:43,phone,returns,3,trade,west,68.54,254,738,7,20,0
T-119481,C-00757,2026-07-06 20:58:10,chat,returns,3,home,north,222.58,103,1349,5,20,1
T-119482,C-00177,2026-07-06 21:08:20,phone,delivery,3,business,south,144.73,103,2047,2,21,0
T-119483,C-00707,2026-07-06 21:23:45,email,payment,3,home,south,,91,1742,6,21,0
T-119484,C-00698,2026-07-06 21:38:29,web_form,account,2,trade,south,,417,1406,12,21,0
T-119485,C-00926,2026-07-06 21:38:37,email,returns,2,home,south,,126,442,5,21,4
T-119486,C-00827,2026-07-06 23:20:58,email,account,2,business,south,,185,98,9,23,1
T-119487,C-00267,2026-07-07 04:45:51,email,account,2,business,east,,70,277,4,4,1
T-119488,C-00855,2026-07-07 04:57:42,email,delivery,3,trade,west,192.3,161,1628,6,4,2
T-119489,C-00677,2026-07-07 05:55:16,email,payment,3,trade,north,24.45,0,1352,28,5,7
T-119490,C-00968,2026-07-07 07:02:55,email,delivery,3,trade,south,86.03,122,193,12,7,0
T-119491,C-00765,2026-07-07 07:35:22,email,payment,2,home,south,34.81,118,2508,2,7,0
T-119492,C-00290,2026-07-07 07:50:31,phone,delivery,2,trade,west,177.1,119,1258,19,7,5
T-119493,C-00699,2026-07-07 07:55:14,email,warranty,3,trade,south,57.64,100,1984,10,7,1
T-119494,C-00160,2026-07-07 08:47:47,email,account,2,business,west,,211,103,0,8,0
T-119495,C-00081,2026-07-07 08:49:01,chat,account,3,home,north,,112,2465,3,8,1
T-119496,C-00508,2026-07-07 08:49:49,email,payment,2,trade,north,228.09,42,474,2,8,1
T-119497,C-00257,2026-07-07 08:53:56,chat,delivery,2,home,east,50.93,156,380,0,8,0
T-119498,C-00476,2026-07-07 10:23:19,phone,returns,3,trade,west,51.19,98,1937,8,10,1
T-119499,C-00042,2026-07-07 10:24:13,chat,payment,2,trade,south,101.57,227,1230,1,10,1
T-119500,C-00025,2026-07-07 10:24:50,unknown,payment,1,trade,south,53.73,56,2334,0,10,0
T-119501,C-00769,2026-07-07 10:32:11,email,delivery,3,business,south,104.84,60,638,13,10,1
T-119502,,2026-07-07 10:38:17,unknown,returns,3,guest,unknown,48.21,46,,0,10,0
T-119503,C-00750,2026-07-07 11:07:46,phone,delivery,3,trade,west,85.65,57,1384,7,11,1
T-119504,C-00235,2026-07-07 11:40:56,chat,returns,3,home,west,38.17,174,922,0,11,0
T-119505,C-00383,2026-07-07 11:49:46,chat,payment,3,business,north,118.36,86,902,3,11,0
T-119506,C-00841,2026-07-07 12:01:32,chat,account,2,trade,west,,89,1349,13,12,0
T-119507,C-00098,2026-07-07 12:19:03,email,returns,3,business,west,167.47,49,1186,0,12,1
T-119508,C-00713,2026-07-07 12:19:31,email,returns,3,trade,south,50.32,30,1035,12,12,1
T-119509,C-00629,2026-07-07 12:29:12,chat,warranty,1,trade,north,218.59,151,1203,3,12,0
T-119510,,2026-07-07 12:30:49,email,payment,3,guest,unknown,51.87,51,,0,12,0
T-119511,C-00319,2026-07-07 13:03:50,email,warranty,1,trade,south,53.82,242,1720,7,13,3
T-119512,C-00727,2026-07-07 13:11:19,phone,warranty,1,home,west,75.81,72,1523,0,13,0
T-119513,C-00416,2026-07-07 13:17:57,phone,payment,2,home,west,178.05,123,905,2,13,0
T-119514,C-00875,2026-07-07 13:37:44,chat,warranty,3,trade,east,133.33,58,2030,0,13,0
T-119515,C-00113,2026-07-07 13:46:16,phone,returns,2,home,north,28.25,72,117,2,13,1
T-119516,C-00560,2026-07-07 13:52:00,email,payment,1,business,south,206.69,31,2675,10,13,2
T-119517,C-00595,2026-07-07 13:54:37,chat,account,3,trade,east,,193,2408,1,13,0
T-119518,C-00219,2026-07-07 14:09:44,chat,payment,2,business,north,185.7,125,538,0,14,0
T-119519,C-00831,2026-07-07 14:14:05,chat,warranty,3,trade,north,203.85,65,110,21,14,2
T-119520,C-00462,2026-07-07 14:27:49,chat,returns,3,trade,east,55.16,164,2429,0,14,0
T-119521,C-00700,2026-07-07 15:06:10,email,delivery,2,trade,west,79.41,68,1502,11,15,2
T-119522,,2026-07-07 15:06:12,chat,returns,2,guest,unknown,37.24,68,,0,15,0
T-119523,C-00212,2026-07-07 15:11:56,email,delivery,1,home,north,164.35,202,1975,3,15,0
T-119524,C-00551,2026-07-07 15:12:39,email,delivery,2,trade,east,91.37,67,141,8,15,1
T-119525,C-00457,2026-07-07 15:18:21,phone,returns,2,trade,north,65.39,38,551,12,15,2
T-119526,C-00868,2026-07-07 15:30:08,unknown,payment,3,trade,north,296.88,55,457,7,15,0
T-119527,C-00449,2026-07-07 15:56:19,chat,payment,3,trade,south,110.04,110,2187,2,15,1
T-119528,C-00802,2026-07-07 16:16:41,chat,delivery,3,home,west,54.45,64,2060,1,16,0
T-119529,C-00918,2026-07-07 16:32:17,web_form,warranty,3,business,south,196.3,253,2363,17,16,1
T-119530,C-00407,2026-07-07 18:21:32,chat,delivery,3,trade,west,421.07,61,1954,2,18,1
T-119531,C-00236,2026-07-07 19:17:46,chat,account,1,home,north,,34,1080,4,19,0
T-119532,C-00550,2026-07-07 19:44:24,chat,delivery,3,home,east,,147,2628,0,19,0
T-119533,C-00654,2026-07-07 20:31:15,phone,account,3,home,south,,60,496,1,20,0
T-119534,C-00447,2026-07-07 20:34:56,web_form,warranty,2,trade,north,61.29,151,2637,1,20,0
T-119535,C-00950,2026-07-07 21:00:21,email,returns,2,trade,east,197.02,67,1066,8,21,2
T-119536,C-00858,2026-07-07 21:03:28,chat,warranty,3,trade,east,209.95,147,2078,4,21,0
T-119537,C-00833,2026-07-07 21:09:18,chat,returns,2,home,unknown,517.44,125,2498,0,21,0
T-119538,C-00520,2026-07-07 21:15:17,email,returns,2,trade,north,331.61,113,689,10,21,1
T-119539,C-00350,2026-07-07 21:24:47,email,delivery,2,trade,west,93.06,42,1183,1,21,0
T-119540,C-00160,2026-07-07 21:32:50,email,returns,3,business,west,92.66,79,103,0,21,0
T-119541,C-00177,2026-07-07 21:49:58,email,delivery,2,business,south,62.42,82,2048,2,21,0
T-119542,C-00687,2026-07-07 22:12:18,chat,payment,3,trade,east,98.22,62,1484,13,22,3
T-119543,C-00170,2026-07-07 22:30:05,web_form,returns,3,business,west,193.49,86,791,1,22,0
T-119544,C-00246,2026-07-08 02:54:38,email,delivery,3,trade,south,81.27,196,330,12,2,3
T-119545,C-00950,2026-07-08 03:07:09,web_form,payment,3,trade,east,148.2,77,1067,8,3,2
T-119546,C-00531,2026-07-08 07:03:25,email,account,3,home,unknown,,38,848,0,7,0
T-119547,C-00501,2026-07-08 07:14:56,email,delivery,3,trade,south,104.36,190,291,6,7,2
T-119548,C-00170,2026-07-08 07:20:49,chat,warranty,1,business,west,191.24,46,792,1,7,0
T-119549,C-00629,2026-07-08 07:34:48,email,account,3,trade,north,,10,1204,3,7,1
T-119550,C-00407,2026-07-08 07:49:53,email,delivery,3,trade,west,244.8,90,1955,2,7,1
T-119551,C-00238,2026-07-08 07:54:16,chat,warranty,3,trade,east,167.3,63,1596,13,7,2
T-119552,C-00141,2026-07-08 08:09:38,chat,delivery,2,trade,east,146.24,42,2473,3,8,0
T-119553,C-00275,2026-07-08 08:45:23,web_form,account,1,home,east,,27,2164,0,8,0
T-119554,C-00390,2026-07-08 08:53:45,email,account,2,home,south,,81,2411,1,8,0
T-119555,C-00185,2026-07-08 08:56:10,chat,returns,2,trade,south,142.5,116,277,7,8,0
T-119556,C-00395,2026-07-08 08:58:31,email,returns,3,trade,west,42.63,135,1206,2,8,1
T-119557,C-00068,2026-07-08 09:10:30,phone,payment,3,home,north,45.02,71,2653,1,9,0
T-119558,C-00387,2026-07-08 09:12:10,email,delivery,3,trade,west,92.25,62,244,1,9,0
T-119559,C-00187,2026-07-08 09:40:11,email,returns,1,business,south,109.33,124,311,27,9,2
T-119560,C-00171,2026-07-08 09:41:52,phone,returns,3,home,west,17.45,25,256,1,9,1
T-119561,C-00440,2026-07-08 09:45:15,chat,account,2,business,east,,86,2151,0,9,0
T-119562,C-00268,2026-07-08 10:09:26,web_form,account,1,home,north,,47,1558,0,10,0
T-119563,C-00030,2026-07-08 10:24:07,email,returns,3,home,north,12.35,37,807,0,10,0
T-119564,C-00331,2026-07-08 10:39:03,email,returns,1,home,south,89.82,46,1785,2,10,0
T-119565,C-00901,2026-07-08 10:56:24,email,account,1,trade,west,,166,762,5,10,0
T-119566,C-00127,2026-07-08 11:06:44,email,account,3,business,north,,111,1514,1,11,2
T-119567,C-00582,2026-07-08 11:10:27,chat,returns,3,business,west,107.09,65,2047,36,11,18
T-119568,C-00496,2026-07-08 11:34:01,email,delivery,2,home,east,346.03,254,1198,0,11,0
T-119569,C-00373,2026-07-08 11:42:31,web_form,returns,3,business,west,78.12,79,1919,6,11,0
T-119570,C-00855,2026-07-08 11:47:40,chat,delivery,3,trade,west,185.4,35,1629,6,11,2
T-119571,C-00507,2026-07-08 11:59:12,email,delivery,3,trade,south,53.4,50,1895,4,11,1
T-119572,C-00238,2026-07-08 12:53:52,email,account,3,trade,east,,112,1596,13,12,2
T-119573,C-00698,2026-07-08 12:58:22,chat,payment,3,trade,south,31.08,133,1408,12,12,0
T-119574,C-00973,2026-07-08 13:06:27,email,delivery,3,home,east,34.84,149,2641,2,13,1
T-119575,C-00734,2026-07-08 13:14:20,email,returns,3,home,south,194.12,66,2127,2,13,0
T-119576,C-00457,2026-07-08 13:27:21,web_form,delivery,3,trade,north,35.56,132,552,12,13,2
T-119577,C-00326,2026-07-08 13:31:52,phone,warranty,3,home,west,12.42,103,599,0,13,0
T-119578,C-00912,2026-07-08 13:34:16,web_form,returns,3,trade,north,30.25,129,1130,1,13,1
T-119579,C-00456,2026-07-08 14:33:14,email,account,3,trade,west,,106,724,3,14,0
T-119580,C-00973,2026-07-08 16:06:46,web_form,account,3,home,east,,128,2641,2,16,1
T-119581,C-00643,2026-07-08 16:16:12,email,payment,1,trade,north,48.78,83,650,3,16,1
T-119582,C-00061,2026-07-08 16:22:29,chat,account,3,trade,north,,87,1724,22,16,0
T-119583,C-00091,2026-07-08 16:27:51,web_form,delivery,2,home,unknown,54.11,84,2402,1,16,1
T-119584,C-00123,2026-07-08 16:44:42,email,payment,2,home,east,127.27,101,2432,0,16,0
T-119585,C-00796,2026-07-08 17:09:25,email,returns,1,trade,west,61.39,124,856,2,17,1
T-119586,C-00964,2026-07-08 17:29:29,email,delivery,3,business,west,367.38,88,1018,3,17,0
T-119587,C-00941,2026-07-08 17:40:29,email,payment,3,home,north,60.4,63,555,5,17,0
T-119588,C-00742,2026-07-08 18:05:38,chat,delivery,3,trade,west,173.79,83,2391,3,18,1
T-119589,C-00115,2026-07-08 18:16:00,chat,returns,3,business,north,253.9,70,1711,3,18,0
T-119590,C-00970,2026-07-08 18:48:57,chat,delivery,2,business,east,647.56,69,1827,0,18,0
T-119591,C-00936,2026-07-08 19:16:35,chat,payment,1,trade,west,68.95,99,1653,3,19,0
T-119592,C-00251,2026-07-08 20:46:36,email,returns,3,trade,west,102.0,65,1377,28,20,0
T-119593,C-00664,2026-07-08 21:44:56,email,delivery,2,home,east,36.11,92,1548,3,21,0
T-119594,C-00487,2026-07-08 22:24:33,chat,account,2,trade,east,,171,2522,4,22,0
T-119595,C-00585,2026-07-09 01:14:16,email,returns,3,business,north,166.68,90,2585,4,1,0
T-119596,,2026-07-09 01:37:44,phone,account,2,guest,unknown,,90,,0,1,0
T-119597,C-00927,2026-07-09 03:21:54,chat,delivery,2,trade,west,32.51,77,1674,9,3,3
T-119598,C-00087,2026-07-09 03:36:09,phone,account,2,trade,west,,148,2191,18,3,3
T-119599,C-00177,2026-07-09 03:36:32,chat,delivery,1,business,south,107.4,72,2050,2,3,0
T-119600,C-00475,2026-07-09 07:15:44,email,returns,3,home,west,167.82,455,1766,0,7,0
T-119601,C-00801,2026-07-09 07:26:22,email,delivery,3,trade,south,140.17,293,1755,0,7,1
T-119602,C-00082,2026-07-09 07:46:47,web_form,payment,2,home,west,157.47,71,1316,0,7,0
T-119603,C-00492,2026-07-09 09:02:13,email,delivery,3,trade,north,106.46,70,2272,4,9,3
T-119604,C-00252,2026-07-09 09:12:42,chat,warranty,2,home,south,29.17,396,151,1,9,0
T-119605,C-00098,2026-07-09 09:27:47,phone,delivery,2,business,west,92.84,190,1188,0,9,1
T-119606,C-00115,2026-07-09 09:31:35,chat,delivery,3,business,north,164.85,63,1712,3,9,0
T-119607,C-00680,2026-07-09 09:50:54,chat,warranty,2,trade,east,99.64,222,1831,16,9,1
T-119608,C-00205,2026-07-09 10:02:19,email,delivery,3,home,south,65.97,66,380,1,10,0
T-119609,C-00259,2026-07-09 10:04:56,phone,account,2,trade,west,,127,1776,2,10,0
T-119610,C-00546,2026-07-09 10:12:24,email,payment,2,home,east,30.36,134,2608,1,10,0
T-119611,C-00117,2026-07-09 10:14:24,email,returns,3,home,north,30.59,43,972,0,10,0
T-119612,C-00265,2026-07-09 10:23:38,email,account,3,business,unknown,,121,1556,2,10,0
T-119613,C-00698,2026-07-09 10:43:23,chat,returns,1,trade,south,22.65,46,1409,12,10,0
T-119614,C-00106,2026-07-09 11:04:21,chat,payment,2,trade,east,379.97,58,245,6,11,0
T-119615,C-00088,2026-07-09 12:37:07,email,account,3,trade,east,,126,1871,2,12,1
T-119616,C-00919,2026-07-09 12:40:43,phone,returns,3,home,north,29.7,32,257,0,12,0
T-119617,C-00912,2026-07-09 13:00:07,email,delivery,2,trade,north,216.36,55,1131,1,13,1
T-119618,C-00372,2026-07-09 13:14:31,web_form,delivery,3,trade,north,184.61,30,156,8,13,0
T-119619,C-00017,2026-07-09 13:16:28,email,delivery,3,home,south,193.19,56,1697,0,13,0
T-119620,C-00316,2026-07-09 13:25:38,web_form,returns,3,trade,north,121.81,150,2140,16,13,5
T-119621,C-00580,2026-07-09 13:27:53,chat,warranty,3,trade,west,199.13,301,2525,11,13,1
T-119622,C-00689,2026-07-09 13:30:02,email,returns,1,trade,south,267.1,244,2101,11,13,3
T-119623,C-00537,2026-07-09 13:31:07,web_form,returns,2,home,south,89.92,81,2008,4,13,1
T-119624,C-00201,2026-07-09 14:12:31,chat,account,3,home,unknown,,57,2497,6,14,1
T-119625,C-00133,2026-07-09 14:29:11,web_form,delivery,2,home,north,195.73,136,1318,3,14,0
T-119626,C-00017,2026-07-09 14:51:12,phone,delivery,2,home,south,67.65,138,1697,0,14,0
T-119627,C-00936,2026-07-09 15:09:18,phone,delivery,3,trade,west,205.28,47,1654,3,15,1
T-119628,C-00576,2026-07-09 15:31:09,web_form,delivery,2,home,north,32.88,70,722,3,15,0
T-119629,C-00333,2026-07-09 15:47:39,email,payment,1,trade,north,543.4,47,579,4,15,1
T-119630,C-00027,2026-07-09 15:55:45,chat,delivery,3,trade,south,54.27,254,2634,2,15,0
T-119631,C-00004,2026-07-09 16:03:55,email,warranty,3,home,south,114.44,175,346,3,16,0
T-119632,C-00533,2026-07-09 16:18:07,phone,account,3,trade,west,,167,211,21,16,5
T-119633,C-00959,2026-07-09 16:22:21,web_form,returns,1,home,south,79.31,108,1383,3,16,0
T-119634,C-00271,2026-07-09 17:03:05,email,returns,2,trade,east,123.66,230,340,26,17,4
T-119635,C-00541,2026-07-09 17:41:34,unknown,returns,3,business,north,78.97,83,2065,3,17,1
T-119636,C-00561,2026-07-09 17:43:05,email,returns,3,trade,west,86.24,51,2516,8,17,2
T-119637,C-00973,2026-07-09 18:36:59,email,account,1,home,east,,64,2642,2,18,1
T-119638,C-00371,2026-07-09 18:56:46,email,returns,3,home,west,126.78,58,2499,3,18,0
T-119639,C-00396,2026-07-09 19:09:58,email,account,3,trade,north,,138,2453,8,19,6
T-119640,C-00264,2026-07-09 19:14:58,chat,payment,3,business,east,21.13,99,2092,23,19,1
T-119641,C-00507,2026-07-09 19:34:58,email,warranty,2,trade,south,372.85,104,1896,3,19,1
T-119642,,2026-07-09 19:41:23,phone,returns,2,guest,unknown,99.75,88,,0,19,0
T-119643,C-00287,2026-07-09 20:57:53,web_form,delivery,3,business,west,277.93,196,1419,6,20,2
T-119644,C-00451,2026-07-09 21:27:26,email,returns,1,trade,north,131.53,50,2289,6,21,0
T-119645,C-00264,2026-07-09 21:32:58,chat,account,3,business,east,,123,2092,23,21,1
T-119646,C-00319,2026-07-09 21:34:10,web_form,warranty,2,trade,south,700.36,131,1722,6,21,4
T-119647,C-00153,2026-07-09 21:44:36,chat,account,3,business,north,,65,1407,0,21,0
T-119648,C-00402,2026-07-09 21:45:13,email,returns,1,home,west,11.59,187,564,1,21,0
T-119649,C-00539,2026-07-09 21:55:11,chat,warranty,2,home,south,35.0,66,1205,0,21,0
T-119650,C-00620,2026-07-09 21:57:33,chat,warranty,3,trade,west,116.63,83,1067,19,21,4
T-119651,C-00316,2026-07-09 23:44:31,email,warranty,2,trade,north,64.27,68,2140,16,23,5
T-119652,C-00248,2026-07-10 01:13:01,chat,returns,2,home,east,37.14,64,1488,6,1,0
T-119653,C-00247,2026-07-10 02:26:24,web_form,returns,3,trade,west,235.14,71,2221,4,2,2
T-119654,C-00573,2026-07-10 02:28:48,chat,account,3,home,south,,99,1633,4,2,1
T-119655,C-00242,2026-07-10 02:57:54,chat,delivery,2,home,south,19.48,87,2149,0,2,0
T-119656,C-00679,2026-07-10 07:07:22,web_form,payment,1,home,west,,238,1287,0,7,0
T-119657,C-00447,2026-07-10 07:46:05,email,payment,3,trade,north,42.97,44,2640,1,7,0
T-119658,C-00680,2026-07-10 08:16:12,web_form,delivery,3,trade,east,62.92,91,1832,16,8,1
T-119659,C-00820,2026-07-10 08:17:31,phone,warranty,2,home,north,74.86,150,1827,0,8,0
T-119660,C-00979,2026-07-10 09:17:31,email,returns,3,home,north,23.06,78,2619,0,9,0
T-119661,C-00876,2026-07-10 09:29:49,chat,account,3,home,west,,261,1983,4,9,1
T-119662,C-00159,2026-07-10 09:42:03,unknown,returns,3,business,east,73.51,89,716,7,9,0
T-119663,C-00039,2026-07-10 09:55:00,unknown,warranty,2,home,east,128.27,188,1035,0,9,0
T-119664,C-00767,2026-07-10 10:11:46,email,delivery,2,home,south,31.74,62,1430,1,10,1
T-119665,C-00148,2026-07-10 11:36:07,chat,returns,2,business,west,203.91,39,1998,9,11,0
T-119666,C-00614,2026-07-10 11:40:51,chat,account,2,business,unknown,,37,1925,35,11,7
T-119667,C-00227,2026-07-10 11:44:18,email,account,2,home,east,,126,1080,4,11,0
T-119668,C-00348,2026-07-10 11:50:16,email,delivery,3,home,north,37.84,61,242,0,11,0
T-119669,C-00953,2026-07-10 12:27:55,email,delivery,3,trade,south,32.42,238,1382,4,12,0
T-119670,C-00573,2026-07-10 12:47:06,chat,returns,3,home,south,21.37,194,1633,4,12,1
T-119671,C-00546,2026-07-10 13:27:52,web_form,payment,3,home,east,64.94,83,2609,1,13,0
T-119672,C-00476,2026-07-10 13:35:50,email,warranty,3,trade,west,66.77,117,1940,8,13,1
T-119673,C-00395,2026-07-10 13:44:09,chat,delivery,2,trade,west,119.09,335,1208,2,13,1
T-119674,C-00886,2026-07-10 14:19:44,web_form,delivery,3,business,north,53.11,88,922,34,14,2
T-119675,C-00917,2026-07-10 15:10:48,unknown,delivery,3,business,east,52.72,37,691,33,15,7
T-119676,C-00158,2026-07-10 16:21:32,web_form,delivery,3,business,north,57.77,31,1151,15,16,0
T-119677,C-00244,2026-07-10 16:28:55,phone,returns,3,home,west,178.75,52,1058,0,16,0
T-119678,C-00644,2026-07-10 16:37:43,chat,payment,3,home,south,170.85,65,1420,0,16,0
T-119679,C-00312,2026-07-10 17:05:51,unknown,delivery,3,home,north,267.17,177,2053,0,17,0
T-119680,C-00269,2026-07-10 17:11:13,chat,returns,2,home,north,15.96,125,1598,2,17,0
T-119681,C-00622,2026-07-10 17:30:50,email,delivery,3,home,east,196.78,84,1468,0,17,0
T-119682,C-00774,2026-07-10 17:37:06,chat,warranty,2,home,north,89.56,64,2657,2,17,0
T-119683,C-00170,2026-07-10 18:36:40,phone,returns,1,business,west,,36,794,1,18,0
T-119684,C-00385,2026-07-10 18:42:18,chat,delivery,3,trade,west,504.67,68,1019,0,18,0
T-119685,C-00022,2026-07-10 19:02:38,chat,payment,1,trade,south,249.47,127,1146,1,19,1
T-119686,C-00565,2026-07-10 19:16:08,web_form,payment,2,trade,west,298.12,85,1403,14,19,5
T-119687,C-00153,2026-07-10 19:23:10,email,delivery,1,business,north,192.94,141,1408,0,19,0
T-119688,C-00371,2026-07-10 19:45:57,email,returns,2,home,west,108.77,128,2500,3,19,0
T-119689,C-00500,2026-07-10 19:52:55,email,account,3,trade,west,,240,2249,3,19,0
T-119690,C-00987,2026-07-10 19:59:43,email,account,3,home,east,,60,668,1,19,0
T-119691,C-00074,2026-07-10 20:01:44,email,returns,1,trade,north,46.27,86,1169,1,20,0
T-119692,C-00476,2026-07-10 20:04:08,email,returns,3,trade,west,69.02,396,1940,8,20,1
T-119693,C-00280,2026-07-10 20:17:07,phone,account,3,trade,east,,71,1442,13,20,5
T-119694,C-00287,2026-07-10 20:17:26,email,payment,3,business,west,132.98,76,1420,6,20,2
T-119695,C-00686,2026-07-10 21:30:23,web_form,returns,3,trade,south,52.52,114,1421,11,21,3
T-119696,C-00726,2026-07-10 21:41:06,web_form,delivery,3,trade,west,622.1,69,1526,4,21,1
T-119697,C-00565,2026-07-10 21:41:19,chat,returns,1,trade,west,54.47,436,1403,14,21,5
T-119698,C-00237,2026-07-10 21:47:17,chat,warranty,3,business,north,81.37,40,1536,1,21,0
T-119699,C-00457,2026-07-11 03:11:11,email,delivery,3,trade,north,163.67,58,555,12,3,2
T-119700,C-00662,2026-07-11 07:28:09,phone,account,2,trade,south,,79,1777,0,7,0
T-119701,C-00166,2026-07-11 08:14:22,email,warranty,2,trade,south,45.47,63,1499,0,8,0
T-119702,C-00528,2026-07-11 09:44:28,web_form,warranty,2,trade,west,298.68,134,2177,2,9,0
T-119703,C-00924,2026-07-11 09:50:48,email,delivery,2,trade,west,180.74,32,1648,5,9,0
T-119704,C-00680,2026-07-11 10:02:26,email,warranty,2,trade,east,113.21,45,1833,16,10,1
T-119705,C-00464,2026-07-11 10:14:28,chat,account,2,trade,east,,71,863,2,10,0
T-119706,C-00172,2026-07-11 10:23:41,chat,returns,3,business,east,143.59,50,631,25,10,8
T-119707,C-00419,2026-07-11 11:41:13,email,delivery,3,trade,south,,92,2319,7,11,1
T-119708,C-00147,2026-07-11 13:27:42,chat,delivery,2,home,north,6.58,117,637,1,13,0
T-119709,C-00483,2026-07-11 13:47:30,chat,warranty,3,trade,east,24.08,151,2155,0,13,0
T-119710,C-00458,2026-07-11 15:13:30,phone,returns,2,business,west,124.31,27,2365,15,15,3
T-119711,C-00153,2026-07-11 15:22:12,email,warranty,2,business,north,188.41,82,1409,0,15,1
T-119712,C-00305,2026-07-11 15:26:31,chat,account,1,trade,unknown,,77,973,3,15,1
T-119713,C-00187,2026-07-11 16:07:29,phone,delivery,2,business,south,305.77,159,314,27,16,2
T-119714,C-00232,2026-07-11 16:53:51,phone,returns,2,trade,north,59.88,44,625,1,16,0
T-119715,C-00273,2026-07-11 17:01:08,chat,delivery,3,home,east,27.45,90,1363,0,17,0
T-119716,C-00659,2026-07-11 17:03:54,web_form,payment,3,home,unknown,100.42,24,411,1,17,0
T-119717,C-00834,2026-07-11 17:07:39,phone,warranty,2,trade,west,84.18,26,814,0,17,0
T-119718,C-00617,2026-07-11 18:13:53,chat,warranty,3,home,south,74.17,145,500,1,18,0
T-119719,C-00265,2026-07-11 18:23:28,unknown,account,3,business,unknown,,75,1558,2,18,0
T-119720,C-00184,2026-07-11 19:22:25,phone,returns,1,home,west,142.19,41,1787,1,19,0
T-119721,C-00516,2026-07-11 19:49:18,phone,delivery,1,home,north,79.04,39,532,2,19,0
T-119722,C-00168,2026-07-11 20:33:44,chat,account,2,home,east,,103,2229,1,20,0
T-119723,C-00795,2026-07-11 20:35:24,chat,delivery,3,home,east,51.38,46,1872,2,20,0
T-119724,C-00709,2026-07-11 20:54:40,web_form,payment,2,home,south,70.95,131,1511,0,20,0
T-119725,C-00373,2026-07-12 03:46:36,email,payment,3,business,west,59.66,142,1923,6,3,0
T-119726,C-00912,2026-07-12 04:17:46,phone,warranty,2,trade,north,993.03,89,1134,1,4,1
T-119727,C-00538,2026-07-12 05:40:27,chat,delivery,2,trade,west,289.9,164,1269,14,5,4
T-119728,C-00026,2026-07-12 05:55:46,email,returns,3,trade,south,27.79,222,548,0,5,1
T-119729,C-00476,2026-07-12 08:50:42,chat,returns,3,trade,west,249.21,54,1942,8,8,1
T-119730,C-00937,2026-07-12 08:56:52,email,returns,3,business,east,86.82,136,2107,31,8,4
T-119731,C-00823,2026-07-12 09:34:08,email,payment,1,home,west,125.9,46,1309,0,9,0
T-119732,C-00111,2026-07-12 10:53:10,phone,delivery,3,home,west,52.94,117,1548,2,10,0
T-119733,C-00035,2026-07-12 11:13:19,email,payment,3,business,south,123.61,81,114,0,11,1
T-119734,C-00800,2026-07-12 11:50:37,email,delivery,2,trade,south,238.47,74,419,10,11,0
T-119735,C-00593,2026-07-12 11:58:12,web_form,delivery,3,home,south,60.51,72,2571,1,11,0
T-119736,C-00970,2026-07-12 14:31:46,chat,returns,1,business,east,110.04,28,1831,0,14,1
T-119737,C-00520,2026-07-12 15:08:26,email,returns,3,trade,north,450.82,41,694,10,15,1
T-119738,C-00852,2026-07-12 16:29:49,chat,warranty,3,home,north,42.66,97,250,2,16,0
T-119739,C-00060,2026-07-12 16:50:10,chat,delivery,2,trade,north,18.62,80,1811,5,16,1
T-119740,C-00324,2026-07-12 17:39:51,email,warranty,3,business,north,160.54,133,236,1,17,1
T-119741,C-00594,2026-07-12 18:16:11,email,delivery,3,business,east,972.3,84,1370,2,18,0
T-119742,C-00090,2026-07-12 18:51:07,chat,delivery,3,trade,unknown,61.69,97,2407,1,18,0
T-119743,C-00606,2026-07-12 19:12:04,email,payment,3,trade,south,125.85,52,1203,5,19,1
T-119744,C-00615,2026-07-12 19:37:06,email,warranty,3,home,north,131.45,125,280,2,19,0
T-119745,C-00932,2026-07-12 19:43:22,email,delivery,3,home,north,101.16,111,319,0,19,0
T-119746,C-00060,2026-07-12 20:10:15,email,returns,2,trade,north,49.12,125,1811,5,20,1
T-119747,C-00124,2026-07-12 21:27:36,chat,warranty,3,home,north,84.83,99,2412,1,21,0
T-119748,C-00350,2026-07-13 00:38:27,web_form,payment,3,trade,west,114.97,112,1189,1,0,0
T-119749,C-00167,2026-07-13 03:05:02,email,delivery,2,home,east,75.56,84,2376,2,3,0
T-119750,C-00405,2026-07-13 07:08:04,unknown,account,2,home,west,,75,2315,5,7,1
T-119751,C-00695,2026-07-13 07:21:49,email,warranty,3,trade,north,247.19,79,1115,10,7,1
T-119752,C-00127,2026-07-13 07:41:38,chat,delivery,1,business,north,61.03,123,1519,1,7,2
T-119753,C-00031,2026-07-13 07:45:02,email,warranty,3,home,west,203.16,78,2267,0,7,0
T-119754,C-00265,2026-07-13 08:05:00,phone,returns,3,business,unknown,150.66,151,1560,2,8,1
T-119755,C-00694,2026-07-13 08:05:55,email,account,3,home,north,,76,1280,3,8,0
T-119756,C-00041,2026-07-13 08:10:25,web_form,warranty,2,trade,south,114.8,178,1697,3,8,1
T-119757,C-00337,2026-07-13 08:16:35,email,account,3,home,west,,49,1182,0,8,0
T-119758,C-00264,2026-07-13 08:17:31,email,returns,3,business,east,212.36,113,2096,23,8,1
T-119759,C-00237,2026-07-13 08:31:47,chat,account,3,business,north,,98,1539,1,8,0
T-119760,C-00360,2026-07-13 08:58:09,phone,delivery,3,home,north,682.93,280,755,0,8,0
T-119761,C-00077,2026-07-13 09:01:31,email,account,2,home,east,,37,429,2,9,1
T-119762,C-00001,2026-07-13 09:54:19,email,payment,2,business,south,240.01,86,2656,11,9,4
T-119763,C-00986,2026-07-13 10:08:12,chat,returns,3,home,east,36.42,81,871,5,10,0
T-119764,C-00362,2026-07-13 10:20:34,phone,account,2,home,south,,47,1821,0,10,0
T-119765,C-00809,2026-07-13 10:22:28,web_form,returns,3,business,west,39.0,85,2354,10,10,0
T-119766,C-00921,2026-07-13 11:19:14,chat,account,2,home,south,,106,685,0,11,0
T-119767,C-00464,2026-07-13 11:30:30,chat,returns,2,trade,east,157.46,100,865,2,11,0
T-119768,C-00801,2026-07-13 12:02:51,phone,warranty,3,trade,south,320.58,110,1759,0,12,1
T-119769,C-00900,2026-07-13 12:31:08,chat,account,3,business,south,,147,1856,12,12,3
T-119770,C-00792,2026-07-13 13:00:21,chat,returns,3,trade,west,159.78,135,2208,3,13,0
T-119771,C-00475,2026-07-13 13:01:29,chat,warranty,3,home,west,77.79,364,1770,0,13,0
T-119772,C-00148,2026-07-13 13:12:20,email,delivery,3,business,west,73.75,70,2001,9,13,0
T-119773,C-00185,2026-07-13 13:13:24,email,returns,2,trade,south,225.73,111,282,7,13,0
T-119774,C-00239,2026-07-13 13:40:31,email,account,1,trade,east,,57,2630,3,13,1
T-119775,C-00777,2026-07-13 13:45:34,email,delivery,3,trade,south,531.06,60,368,7,13,2
T-119776,C-00553,2026-07-13 13:50:43,chat,returns,3,trade,east,23.51,165,1422,7,13,0
T-119777,C-00922,2026-07-13 14:01:22,chat,payment,1,trade,east,94.64,58,514,2,14,0
T-119778,C-00612,2026-07-13 14:05:59,chat,warranty,1,trade,unknown,99.52,40,742,1,14,0
T-119779,C-00335,2026-07-13 14:52:58,web_form,delivery,2,trade,south,32.86,29,2037,4,14,0
T-119780,C-00062,2026-07-13 15:04:11,chat,returns,3,home,west,23.15,153,2055,3,15,0
T-119781,C-00528,2026-07-13 15:05:39,email,account,2,trade,west,,170,2179,2,15,0
T-119782,C-00741,2026-07-13 15:06:12,web_form,delivery,2,home,south,121.49,168,1216,0,15,0
T-119783,C-00186,2026-07-13 15:08:36,email,delivery,3,home,south,98.5,114,44,0,15,0
T-119784,C-00787,2026-07-13 15:16:11,phone,returns,2,home,west,124.59,85,2226,10,15,0
T-119785,C-00582,2026-07-13 15:22:24,phone,delivery,3,business,west,89.66,128,2052,31,15,16
T-119786,C-00137,2026-07-13 15:40:24,email,delivery,1,business,unknown,36.07,38,1334,9,15,1
T-119787,C-00929,2026-07-13 16:17:39,email,payment,1,trade,south,80.48,130,388,1,16,0
T-119788,C-00203,2026-07-13 16:47:29,chat,returns,2,trade,west,67.73,184,1579,8,16,4
T-119789,C-00463,2026-07-13 17:04:12,email,returns,2,home,north,52.48,40,2188,1,17,0
T-119790,C-00393,2026-07-13 17:09:32,chat,returns,3,home,east,40.27,136,393,1,17,0
T-119791,C-00193,2026-07-13 17:12:53,chat,delivery,3,trade,south,189.05,207,841,1,17,0
T-119792,C-00553,2026-07-13 17:13:10,email,account,3,trade,east,,149,1422,7,17,0
T-119793,C-00041,2026-07-13 17:14:48,email,account,3,trade,south,,114,1697,3,17,2
T-119794,C-00703,2026-07-13 17:25:01,chat,delivery,1,home,north,119.08,100,1284,0,17,0
T-119795,C-00148,2026-07-13 17:26:40,email,payment,1,business,west,36.47,173,2001,9,17,0
T-119796,C-00662,2026-07-13 17:30:54,web_form,delivery,2,trade,south,70.64,103,1779,0,17,0
T-119797,C-00025,2026-07-13 17:32:00,web_form,payment,2,trade,south,57.5,30,2340,0,17,1
T-119798,C-00832,2026-07-13 18:08:13,email,returns,2,home,north,60.6,67,1920,0,18,0
T-119799,C-00387,2026-07-13 18:42:07,web_form,payment,1,trade,west,157.36,87,249,1,18,0
T-119800,C-00120,2026-07-13 18:55:43,web_form,delivery,1,business,west,153.11,51,496,19,18,3
T-119801,C-00422,2026-07-13 19:02:30,web_form,returns,3,home,west,338.96,44,162,0,19,0
T-119802,C-00245,2026-07-13 19:08:50,web_form,payment,2,trade,east,79.3,293,529,24,19,2
T-119803,C-00026,2026-07-13 19:58:13,phone,returns,2,trade,south,63.49,68,549,0,19,1
T-119804,C-00688,2026-07-13 20:05:02,chat,returns,3,trade,east,53.83,125,2484,28,20,7
T-119805,C-00458,2026-07-13 20:13:50,email,returns,2,business,west,286.74,48,2367,14,20,3
T-119806,C-00866,2026-07-13 20:17:20,chat,delivery,2,trade,west,128.89,128,1581,4,20,0
T-119807,C-00373,2026-07-13 20:41:21,web_form,payment,3,business,west,100.55,349,1924,6,20,0
T-119808,C-00556,2026-07-13 20:49:22,phone,delivery,2,home,north,45.49,68,1151,0,20,1
T-119809,C-00092,2026-07-13 20:49:38,chat,returns,3,home,west,27.68,41,519,0,20,0
T-119810,C-00313,2026-07-13 21:03:33,chat,warranty,2,trade,north,214.71,61,1693,5,21,1
T-119811,C-00686,2026-07-13 21:04:21,chat,account,2,trade,south,,46,1424,11,21,4
T-119812,C-00007,2026-07-13 21:07:01,email,returns,2,home,east,135.08,86,1657,0,21,0
T-119813,C-00475,2026-07-13 21:22:01,email,warranty,3,home,west,31.17,97,1770,0,21,0
T-119814,C-00996,2026-07-13 21:50:10,phone,returns,3,home,north,96.88,211,805,2,21,0
T-119815,C-00531,2026-07-14 00:55:24,phone,returns,2,home,unknown,47.45,31,854,0,0,0
T-119816,C-00370,2026-07-14 06:51:41,email,payment,2,home,west,33.86,169,1189,1,6,1
T-119817,C-00277,2026-07-14 07:26:40,email,delivery,2,home,west,42.6,61,1503,4,7,0
T-119818,C-00215,2026-07-14 07:59:06,web_form,warranty,1,trade,east,32.02,75,166,5,7,0
T-119819,C-00476,2026-07-14 08:02:44,chat,account,3,trade,west,,54,1944,8,8,1
T-119820,C-00516,2026-07-14 08:03:30,web_form,delivery,2,home,north,293.49,93,535,1,8,0
T-119821,C-00534,2026-07-14 08:13:05,email,account,3,business,south,,114,309,1,8,0
T-119822,C-00600,2026-07-14 08:18:22,email,returns,2,home,north,706.63,130,1787,1,8,0
T-119823,C-00950,2026-07-14 08:20:36,web_form,account,1,trade,east,,55,1073,8,8,2
T-119824,C-00886,2026-07-14 08:23:13,email,delivery,2,business,north,97.63,129,926,33,8,2
T-119825,C-00601,2026-07-14 09:00:53,chat,account,1,trade,north,,52,2261,8,9,3
T-119826,C-00103,2026-07-14 09:15:08,web_form,returns,1,trade,south,136.78,24,803,1,9,0
T-119827,C-00965,2026-07-14 09:23:42,phone,account,1,trade,south,,185,2238,5,9,0
T-119828,C-00846,2026-07-14 10:07:56,web_form,delivery,3,home,east,37.75,97,957,0,10,0
T-119829,C-00546,2026-07-14 10:37:34,email,returns,2,home,east,36.6,143,2613,1,10,1
T-119830,C-00418,2026-07-14 11:01:38,chat,payment,2,trade,unknown,146.19,52,76,1,11,0
T-119831,C-00119,2026-07-14 11:35:50,web_form,delivery,3,trade,north,104.72,146,2514,1,11,0
T-119832,C-00373,2026-07-14 12:05:22,email,returns,3,business,west,271.8,30,1925,6,12,0
T-119833,C-00927,2026-07-14 12:17:51,phone,delivery,2,trade,west,31.4,74,1679,8,12,4
T-119834,C-00960,2026-07-14 13:43:26,email,returns,3,home,north,36.06,163,2228,0,13,0
T-119835,C-00131,2026-07-14 14:40:12,chat,delivery,1,home,west,114.43,144,1655,5,14,0
T-119836,C-00689,2026-07-14 15:06:40,email,account,3,trade,south,,133,2106,9,15,2
T-119837,C-00971,2026-07-14 15:20:55,email,payment,3,home,west,29.68,243,1787,1,15,0
T-119838,C-00426,2026-07-14 15:30:08,web_form,account,3,home,north,,67,404,6,15,0
T-119839,C-00223,2026-07-14 15:35:40,phone,account,2,trade,north,,126,1083,17,15,5
T-119840,C-00193,2026-07-14 15:45:54,email,delivery,2,trade,south,45.96,26,842,1,15,0
T-119841,C-00543,2026-07-14 15:51:37,email,returns,3,home,south,42.44,131,2022,0,15,0
T-119842,C-00644,2026-07-14 15:54:00,chat,delivery,3,home,south,44.07,70,1424,0,15,0
T-119843,C-00044,2026-07-14 16:17:11,email,account,3,home,east,,115,2264,7,16,1
T-119844,C-00219,2026-07-14 16:24:09,chat,account,2,business,north,,75,545,0,16,0
T-119845,C-00402,2026-07-14 16:40:04,phone,warranty,3,home,west,74.22,246,569,1,16,0
T-119846,C-00004,2026-07-14 16:50:10,web_form,delivery,3,home,south,44.75,47,351,3,16,1
T-119847,C-00764,2026-07-14 17:20:01,chat,delivery,2,home,north,93.83,39,1335,0,17,0
T-119848,C-00149,2026-07-14 17:47:39,email,payment,2,trade,north,107.86,61,859,1,17,0
T-119849,C-00324,2026-07-14 18:30:45,chat,delivery,3,business,north,176.07,137,238,1,18,1
T-119850,C-00682,2026-07-14 18:35:54,web_form,payment,2,trade,west,90.68,239,2498,32,18,5
T-119851,C-00383,2026-07-14 19:29:29,phone,account,3,business,north,,116,909,2,19,0
T-119852,C-00017,2026-07-14 19:30:04,chat,delivery,3,home,south,263.38,103,1702,0,19,0
T-119853,C-00671,2026-07-14 21:12:06,phone,delivery,2,home,south,99.35,105,2554,6,21,0
T-119854,C-00782,2026-07-14 21:27:00,email,account,3,trade,west,,0,50,3,21,1
T-119855,C-00258,2026-07-14 21:29:28,web_form,warranty,3,home,west,29.82,102,2448,0,21,0
T-119856,C-00595,2026-07-14 22:22:08,email,warranty,2,trade,east,430.51,77,2415,1,22,0
T-119857,C-00464,2026-07-14 23:27:48,phone,payment,3,trade,east,89.68,42,866,2,23,0
T-119858,C-00237,2026-07-15 02:01:52,web_form,warranty,2,business,north,108.65,163,1541,1,2,0
T-119859,C-00935,2026-07-15 07:21:41,phone,payment,3,trade,west,121.23,71,1302,14,7,1
T-119860,C-00666,2026-07-15 07:23:58,chat,warranty,1,home,west,70.18,59,2587,1,7,0
T-119861,C-00141,2026-07-15 07:24:21,web_form,delivery,3,trade,east,53.72,73,2480,3,7,0
T-119862,C-00595,2026-07-15 08:26:57,email,delivery,1,trade,east,46.64,65,2416,1,8,0
T-119863,C-00939,2026-07-15 08:30:06,phone,delivery,3,home,north,95.38,59,1943,2,8,0
T-119864,C-00310,2026-07-15 08:31:58,chat,delivery,3,trade,west,91.19,114,1223,7,8,2
T-119865,C-00541,2026-07-15 08:35:19,chat,delivery,2,business,north,164.87,114,2071,3,8,1
T-119866,C-00095,2026-07-15 08:40:59,email,returns,3,business,south,547.08,139,1277,4,8,1
T-119867,C-00506,2026-07-15 08:41:16,chat,account,2,home,east,,234,444,4,8,1
T-119868,C-00372,2026-07-15 08:42:14,phone,returns,3,trade,north,48.59,46,162,7,8,0
T-119869,C-00390,2026-07-15 09:09:01,email,account,3,home,south,,182,2418,1,9,0
T-119870,C-00677,2026-07-15 09:25:24,phone,delivery,3,trade,north,60.44,239,1360,26,9,7
T-119871,C-00325,2026-07-15 09:35:06,phone,payment,1,home,unknown,62.14,67,2129,3,9,1
T-119872,C-00373,2026-07-15 10:10:13,chat,delivery,3,business,west,38.96,84,1926,6,10,0
T-119873,C-00075,2026-07-15 10:10:23,chat,returns,2,trade,east,162.45,50,593,13,10,4
T-119874,C-00350,2026-07-15 10:45:31,social,account,2,trade,west,,33,1191,1,10,0
T-119875,C-00111,2026-07-15 11:35:30,email,payment,2,home,west,48.85,46,1551,2,11,0
T-119876,C-00137,2026-07-15 11:38:15,phone,returns,2,business,unknown,32.62,202,1336,9,11,1
T-119877,C-00199,2026-07-15 11:42:13,chat,account,2,home,east,,76,282,0,11,0
T-119878,C-00784,2026-07-15 12:32:17,chat,returns,3,home,north,24.1,95,2357,1,12,0
T-119879,C-00098,2026-07-15 12:40:48,chat,returns,2,business,west,221.88,110,1194,0,12,1
T-119880,C-00855,2026-07-15 12:46:33,phone,delivery,2,trade,west,87.78,149,1636,6,12,2
T-119881,C-00866,2026-07-15 12:49:47,email,payment,3,trade,west,119.89,91,1583,3,12,0
T-119882,C-00476,2026-07-15 13:01:18,email,payment,2,trade,west,65.37,122,1945,8,13,1
T-119883,C-00193,2026-07-15 13:28:15,chat,payment,2,trade,south,106.88,63,843,1,13,0
T-119884,C-00163,2026-07-15 13:30:17,chat,returns,2,home,north,76.49,62,2358,1,13,1
T-119885,C-00866,2026-07-15 13:32:50,social,delivery,3,trade,west,129.31,177,1583,3,13,0
T-119886,C-00742,2026-07-15 13:34:15,phone,returns,3,trade,west,92.32,119,2398,3,13,1
T-119887,C-00337,2026-07-15 13:34:18,chat,warranty,1,home,west,42.11,20,1184,0,13,0
T-119888,C-00902,2026-07-15 13:40:12,web_form,payment,2,home,west,86.29,196,1130,11,13,2
T-119889,C-00769,2026-07-15 13:59:28,email,warranty,3,business,south,163.4,190,646,11,13,1
T-119890,C-00103,2026-07-15 14:19:58,email,account,2,trade,south,,58,804,1,14,0
T-119891,C-00159,2026-07-15 14:25:45,chat,returns,3,business,east,346.72,78,721,7,14,0
T-119892,C-00433,2026-07-15 14:32:21,email,delivery,2,trade,east,67.81,171,148,4,14,1
T-119893,C-00568,2026-07-15 15:54:17,email,warranty,3,trade,east,25.2,74,1207,0,15,0
T-119894,C-00868,2026-07-15 15:58:05,email,returns,1,trade,north,69.63,41,465,7,15,1
T-119895,C-00539,2026-07-15 15:59:53,chat,delivery,2,home,south,86.96,165,1211,0,15,0
T-119896,C-00976,2026-07-15 16:08:53,social,payment,2,home,west,73.72,310,1486,1,16,0
T-119897,C-00871,2026-07-15 16:27:44,chat,returns,3,home,south,44.44,100,1724,1,16,0
T-119898,C-00986,2026-07-15 16:30:03,email,delivery,2,home,east,32.26,36,873,5,16,0
T-119899,C-00213,2026-07-15 16:45:46,chat,delivery,3,home,west,25.97,87,1228,3,16,1
T-119900,C-00477,2026-07-15 16:51:35,social,returns,3,home,west,42.14,140,2456,0,16,0
T-119901,C-00920,2026-07-15 17:31:36,social,payment,2,business,east,179.31,87,2225,9,17,6
T-119902,C-00881,2026-07-15 17:40:44,email,warranty,2,home,south,75.86,291,1687,0,17,0
T-119903,C-00685,2026-07-15 18:12:51,email,delivery,3,trade,unknown,165.68,105,815,3,18,0
T-119904,C-00651,2026-07-15 18:13:20,social,returns,2,trade,west,343.58,14,1380,8,18,3
T-119905,C-00095,2026-07-15 18:40:29,web_form,delivery,1,business,south,185.19,82,1277,4,18,1
T-119906,C-00207,2026-07-15 19:17:08,web_form,payment,1,home,west,85.74,117,1880,6,19,0
T-119907,C-00856,2026-07-15 19:57:51,chat,account,2,trade,east,,345,1644,1,19,0
T-119908,C-00148,2026-07-15 20:00:00,social,delivery,2,business,west,73.35,129,2003,9,20,0
T-119909,C-00510,2026-07-15 20:54:56,email,warranty,3,home,south,54.97,41,93,0,20,0
T-119910,C-00026,2026-07-15 21:01:01,web_form,returns,1,trade,south,118.43,127,551,0,21,1
T-119911,C-00792,2026-07-15 21:19:42,web_form,returns,2,trade,west,169.93,84,2210,3,21,0
T-119912,C-00713,2026-07-15 21:44:32,web_form,payment,2,trade,south,290.93,182,1043,12,21,1
T-119913,C-00900,2026-07-15 21:57:34,web_form,account,1,business,south,,54,1858,12,21,3
T-119914,C-00074,2026-07-16 02:19:04,chat,delivery,3,trade,north,98.28,53,1175,1,2,0
T-119915,C-00629,2026-07-16 07:02:49,email,payment,1,trade,north,37.02,51,1212,3,7,1
T-119916,C-00173,2026-07-16 07:03:51,chat,delivery,3,home,north,18.0,46,587,0,7,0
T-119917,C-00239,2026-07-16 07:33:11,email,payment,2,trade,east,71.88,92,2633,3,7,1
T-119918,C-00861,2026-07-16 07:37:07,chat,account,2,home,east,,106,874,4,7,1
T-119919,C-00485,2026-07-16 07:43:52,social,returns,3,home,east,29.83,112,1249,1,7,0
T-119920,C-00540,2026-07-16 07:59:00,social,delivery,2,home,east,68.21,71,2338,2,7,0
T-119921,C-00800,2026-07-16 08:00:01,email,warranty,3,trade,south,37.89,58,423,8,8,0
T-119922,C-00551,2026-07-16 08:04:03,phone,returns,3,trade,east,131.75,86,150,6,8,1
T-119923,C-00406,2026-07-16 08:27:29,chat,delivery,3,trade,south,66.44,128,1093,0,8,1
T-119924,C-00320,2026-07-16 08:43:43,chat,delivery,3,trade,east,88.51,49,95,5,8,2
T-119925,C-00369,2026-07-16 08:58:28,social,payment,2,home,west,108.25,335,1400,3,8,1
T-119926,C-00718,2026-07-16 09:04:08,email,payment,3,trade,east,218.49,41,959,3,9,0
T-119927,C-00987,2026-07-16 09:57:46,email,account,3,home,east,,29,674,1,9,0
T-119928,C-00296,2026-07-16 10:19:15,phone,returns,2,trade,north,192.48,143,2174,0,10,0
T-119929,C-00501,2026-07-16 10:32:15,social,delivery,3,trade,south,75.29,95,299,5,10,2
T-119930,C-00917,2026-07-16 10:45:40,email,delivery,1,business,east,33.57,163,697,30,10,6
T-119931,C-00013,2026-07-16 11:43:38,phone,delivery,3,home,north,56.51,257,613,0,11,0
T-119932,C-00565,2026-07-16 11:51:06,social,warranty,2,trade,west,110.56,28,1409,14,11,7
T-119933,C-00374,2026-07-16 11:55:32,web_form,payment,3,trade,north,640.06,92,101,2,11,0
T-119934,C-00224,2026-07-16 12:06:07,social,payment,1,home,north,42.34,157,494,0,12,0
T-119935,C-00450,2026-07-16 12:06:29,email,delivery,2,trade,west,205.2,72,1453,2,12,0
T-119936,C-00501,2026-07-16 12:26:49,email,delivery,3,trade,south,36.11,118,299,5,12,2
T-119937,C-00590,2026-07-16 12:37:15,phone,payment,1,trade,unknown,95.75,101,2421,0,12,0
T-119938,C-00843,2026-07-16 14:05:46,chat,returns,2,home,north,48.78,174,157,2,14,0
T-119939,C-00520,2026-07-16 14:33:18,social,returns,3,trade,north,65.82,156,698,8,14,1
T-119940,C-00173,2026-07-16 14:56:45,chat,payment,2,home,north,74.19,58,587,0,14,0
T-119941,C-00510,2026-07-16 15:53:00,phone,warranty,2,home,south,99.77,40,94,0,15,0
T-119942,C-00203,2026-07-16 16:06:28,email,account,3,trade,west,,199,1582,8,16,5
T-119943,C-00863,2026-07-16 18:20:25,web_form,delivery,3,home,unknown,16.15,119,2339,0,18,0
T-119944,C-00629,2026-07-16 18:46:04,email,returns,2,trade,north,128.39,110,1212,3,18,1
T-119945,C-00969,2026-07-16 19:24:09,email,warranty,3,business,south,191.12,73,946,8,19,2
T-119946,C-00570,2026-07-16 19:46:16,social,payment,3,home,unknown,104.92,291,254,1,19,0
T-119947,C-00695,2026-07-16 19:51:34,email,delivery,1,trade,north,69.85,210,1118,10,19,2
T-119948,C-00616,2026-07-16 21:37:58,email,returns,3,home,south,57.86,93,2049,0,21,0
T-119949,C-00775,2026-07-16 22:48:48,email,delivery,3,trade,west,196.33,86,2341,3,22,1
T-119950,C-00934,2026-07-17 06:01:15,phone,returns,2,trade,west,86.89,92,2646,10,6,3
T-119951,C-00008,2026-07-17 07:01:32,phone,payment,3,home,north,4.61,152,1082,0,7,0
T-119952,C-00595,2026-07-17 07:44:27,social,warranty,2,trade,east,44.47,170,2418,1,7,1
T-119953,C-00888,2026-07-17 07:45:58,email,warranty,3,business,east,125.19,102,2584,4,7,2
T-119954,C-00195,2026-07-17 08:23:11,chat,payment,2,trade,east,111.06,100,551,0,8,1
T-119955,C-00287,2026-07-17 08:30:43,phone,payment,2,business,west,,194,1427,5,8,2
T-119956,C-00265,2026-07-17 08:39:51,chat,returns,3,business,unknown,622.99,100,1564,2,8,2
T-119957,C-00983,2026-07-17 08:52:41,email,returns,3,home,south,38.57,163,1457,3,8,0
T-119958,C-00553,2026-07-17 09:07:31,email,payment,1,trade,east,56.85,57,1426,7,9,0
T-119959,C-00874,2026-07-17 09:08:42,social,delivery,2,home,west,60.97,261,2298,0,9,0
T-119960,C-00221,2026-07-17 09:16:49,web_form,delivery,2,home,north,61.72,199,2124,1,9,0
T-119961,C-00846,2026-07-17 09:25:25,web_form,returns,3,home,east,64.76,69,960,0,9,0
T-119962,C-00529,2026-07-17 09:31:37,email,payment,2,home,north,51.08,81,1948,0,9,0
T-119963,C-00163,2026-07-17 09:35:10,phone,delivery,3,home,north,168.81,67,2360,1,9,1
T-119964,C-00068,2026-07-17 10:04:38,email,warranty,1,home,north,120.44,180,2662,1,10,1
T-119965,C-00840,2026-07-17 10:19:10,social,delivery,3,home,north,166.25,84,307,0,10,0
T-119966,C-00608,2026-07-17 10:38:18,phone,returns,3,trade,west,187.84,217,1750,0,10,0
T-119967,C-00053,2026-07-17 11:02:30,email,delivery,2,business,east,104.27,105,1869,3,11,3
T-119968,C-00887,2026-07-17 11:20:14,social,delivery,2,home,west,124.44,71,810,0,11,0
T-119969,C-00829,2026-07-17 11:35:02,social,delivery,3,trade,north,91.67,172,1386,0,11,0
T-119970,C-00660,2026-07-17 11:53:32,chat,account,3,home,east,,125,211,1,11,0
T-119971,C-00433,2026-07-17 12:23:36,web_form,payment,3,trade,east,122.47,246,150,4,12,1
T-119972,C-00003,2026-07-17 12:46:09,email,delivery,3,trade,west,101.12,226,456,0,12,0
T-119973,C-00659,2026-07-17 12:57:34,chat,account,2,home,unknown,,77,417,1,12,0
T-119974,C-00581,2026-07-17 13:10:45,chat,account,3,trade,north,,71,2158,0,13,0
T-119975,C-00604,2026-07-17 13:14:30,chat,returns,2,trade,south,380.52,252,828,21,13,3
T-119976,C-00495,2026-07-17 13:29:24,social,warranty,2,home,south,73.33,106,664,1,13,0
T-119977,C-00090,2026-07-17 13:33:14,email,delivery,2,trade,unknown,225.41,107,2412,1,13,0
T-119978,C-00633,2026-07-17 14:03:05,chat,returns,3,trade,north,120.97,31,1811,0,14,0
T-119979,C-00245,2026-07-17 14:23:53,email,payment,2,trade,east,61.09,209,533,24,14,3
T-119980,C-00141,2026-07-17 14:24:56,chat,account,3,trade,east,,173,2482,3,14,0
T-119981,C-00286,2026-07-17 14:41:25,email,delivery,1,business,north,91.51,75,512,7,14,3
T-119982,C-00541,2026-07-17 15:31:47,chat,delivery,2,business,north,91.39,95,2073,3,15,2
T-119983,C-00190,2026-07-17 15:44:38,email,returns,1,home,east,38.89,98,1356,3,15,2
T-119984,C-00834,2026-07-17 16:02:59,email,delivery,2,trade,west,35.89,36,820,0,16,1
T-119985,C-00010,2026-07-17 16:15:10,email,account,3,home,south,,43,524,2,16,0
T-119986,C-00264,2026-07-17 16:40:23,email,payment,1,business,east,574.15,101,2100,19,16,1
T-119987,C-00374,2026-07-17 16:56:08,email,account,3,trade,north,,74,102,2,16,0
T-119988,C-00533,2026-07-17 17:06:44,phone,returns,1,trade,west,190.65,132,219,20,17,5
T-119989,C-00985,2026-07-17 18:07:27,phone,delivery,2,home,south,144.8,112,1499,3,18,1
T-119990,C-00975,2026-07-17 18:37:53,email,delivery,1,home,south,55.05,96,2576,1,18,0
T-119991,C-00596,2026-07-17 18:54:38,email,delivery,3,trade,east,81.81,30,1209,4,18,2
T-119992,C-00060,2026-07-17 19:04:14,phone,returns,2,trade,north,214.31,148,1816,5,19,2
T-119993,C-00970,2026-07-17 19:07:46,chat,delivery,2,business,east,246.2,62,1836,0,19,1
T-119994,C-00910,2026-07-17 19:37:17,email,delivery,3,trade,south,106.02,196,1006,6,19,0
T-119995,C-00033,2026-07-17 19:55:59,chat,returns,3,business,west,165.88,40,1148,8,19,1
T-119996,C-00495,2026-07-17 20:40:13,social,delivery,3,home,south,169.88,23,664,1,20,0
T-119997,C-00534,2026-07-17 21:04:25,web_form,warranty,3,business,south,36.31,79,312,1,21,0
T-119998,C-00219,2026-07-17 21:13:11,web_form,warranty,3,business,north,65.77,99,548,0,21,0
T-119999,C-00814,2026-07-17 21:43:33,chat,payment,2,home,north,162.63,138,2679,4,21,1
T-120000,C-00865,2026-07-17 21:50:22,email,delivery,3,home,west,56.95,53,1517,0,21,0
T-120001,C-00582,2026-07-18 07:32:47,web_form,account,2,business,west,,148,2057,30,7,15
T-120002,C-00634,2026-07-18 08:21:26,social,payment,2,home,west,66.17,137,511,0,8,0
T-120003,C-00737,2026-07-18 08:45:00,email,delivery,2,trade,east,72.33,49,1476,0,8,0
T-120004,C-00128,2026-07-18 08:54:55,web_form,returns,3,home,south,31.59,111,2685,2,8,0
T-120005,C-00717,2026-07-18 09:09:19,email,returns,3,home,west,41.97,69,1656,2,9,1
T-120006,C-00760,2026-07-18 09:14:47,chat,account,2,trade,south,,229,2602,5,9,2
T-120007,C-00106,2026-07-18 09:40:23,email,payment,1,trade,east,311.3,82,254,6,9,0
T-120008,C-00953,2026-07-18 09:44:05,web_form,account,3,trade,south,,189,1390,4,9,1
T-120009,C-00256,2026-07-18 10:52:35,web_form,payment,3,home,north,60.38,103,415,4,10,3
T-120010,C-00688,2026-07-18 10:57:14,email,delivery,3,trade,east,230.58,131,2489,27,10,8
T-120011,C-00232,2026-07-18 11:46:19,email,returns,2,trade,north,104.28,42,632,1,11,1
T-120012,C-00539,2026-07-18 12:30:06,social,payment,3,home,south,103.45,70,1214,0,12,0
T-120013,C-00058,2026-07-18 13:05:40,email,payment,1,home,west,122.19,61,1700,1,13,0
T-120014,C-00963,2026-07-18 13:30:25,unknown,returns,3,home,north,25.98,145,310,0,13,0
T-120015,C-00311,2026-07-18 14:42:59,web_form,delivery,2,trade,east,319.97,58,110,5,14,1
T-120016,C-00922,2026-07-18 15:05:17,social,payment,2,trade,east,402.3,77,519,2,15,1
T-120017,C-00252,2026-07-18 15:22:42,social,delivery,3,home,south,57.14,240,160,1,15,1
T-120018,C-00551,2026-07-18 15:50:01,email,returns,2,trade,east,151.52,48,152,5,15,1
T-120019,C-00305,2026-07-18 15:54:24,email,delivery,3,trade,unknown,15.93,258,980,3,15,1
T-120020,C-00047,2026-07-18 17:22:28,chat,account,3,home,north,,100,1380,1,17,0
T-120021,C-00622,2026-07-18 17:55:53,phone,payment,2,home,east,54.86,86,1476,0,17,0
T-120022,C-00898,2026-07-18 18:04:38,chat,payment,1,trade,north,94.95,99,922,0,18,0
T-120023,C-00727,2026-07-18 18:08:54,chat,payment,3,home,west,42.56,118,1534,0,18,0
T-120024,C-00620,2026-07-18 18:32:51,email,delivery,1,trade,west,88.03,53,1076,14,18,4
T-120025,C-00855,2026-07-18 19:50:18,phone,warranty,3,trade,west,33.95,84,1639,5,19,2
T-120026,C-00103,2026-07-18 20:01:56,email,returns,1,trade,south,63.57,37,807,1,20,0
T-120027,C-00248,2026-07-18 20:08:57,email,delivery,1,home,east,257.16,81,1496,6,20,0
T-120028,C-00487,2026-07-18 20:47:28,email,account,2,trade,east,,174,2532,3,20,0
T-120029,C-00636,2026-07-18 20:51:12,email,returns,2,home,north,34.92,74,2396,6,20,1
T-120030,C-00088,2026-07-18 21:05:46,web_form,payment,1,trade,east,69.96,58,1880,2,21,1
T-120031,C-00690,2026-07-18 21:06:05,chat,returns,3,home,east,101.15,182,1608,0,21,0
T-120032,C-00461,2026-07-18 21:12:24,phone,payment,1,home,east,81.78,34,1742,1,21,0
T-120033,C-00386,2026-07-18 21:24:19,chat,delivery,2,home,south,79.82,55,1759,1,21,0
T-120034,C-00657,2026-07-19 01:12:07,email,delivery,3,home,south,167.93,96,760,1,1,0
T-120035,C-00898,2026-07-19 07:42:50,unknown,warranty,3,trade,north,74.88,47,923,0,7,0
T-120036,C-00884,2026-07-19 07:45:26,email,returns,1,home,north,120.1,46,2087,2,7,1
T-120037,C-00597,2026-07-19 07:54:26,email,delivery,3,home,south,63.03,36,1143,1,7,0
T-120038,C-00695,2026-07-19 07:56:43,email,account,3,trade,north,,58,1121,10,7,2
T-120039,C-00854,2026-07-19 09:20:21,chat,delivery,1,home,west,116.65,458,1283,0,9,0
T-120040,C-00638,2026-07-19 09:42:52,email,delivery,1,home,east,85.16,101,1549,3,9,2
T-120041,C-00166,2026-07-19 10:22:19,email,delivery,3,trade,south,121.49,104,1507,0,10,0
T-120042,C-00856,2026-07-19 11:11:57,email,account,3,trade,east,,60,1648,1,11,0
T-120043,C-00170,2026-07-19 11:36:37,email,payment,3,business,west,23.64,81,803,1,11,1
T-120044,C-00541,2026-07-19 12:22:04,chat,delivery,1,business,north,140.92,56,2075,3,12,2
T-120045,C-00280,2026-07-19 12:25:45,phone,account,3,trade,east,,136,1451,11,12,5
T-120046,C-00383,2026-07-19 12:35:24,phone,returns,3,business,north,87.54,56,914,2,12,0
T-120047,C-00737,2026-07-19 15:22:24,email,returns,2,trade,east,735.02,146,1477,0,15,0
T-120048,C-00582,2026-07-19 15:36:45,email,delivery,1,business,west,137.18,35,2058,29,15,16
T-120049,C-00710,2026-07-19 16:00:40,chat,account,2,home,west,,92,592,1,16,0
T-120050,C-00791,2026-07-19 17:18:10,email,warranty,2,trade,south,60.14,251,102,1,17,0
T-120051,C-00487,2026-07-19 17:25:49,email,returns,3,trade,east,70.61,148,2533,3,17,0
T-120052,C-00344,2026-07-19 17:31:25,chat,warranty,3,home,west,125.94,130,2586,1,17,0
T-120053,C-00630,2026-07-19 19:02:27,email,returns,3,trade,south,68.28,108,1080,0,19,0
T-120054,C-00214,2026-07-19 20:36:52,email,warranty,3,trade,east,72.77,165,131,3,20,0
T-120055,C-00736,2026-07-19 20:47:38,social,account,2,home,east,,31,947,6,20,0
T-120056,C-00528,2026-07-20 00:41:42,phone,delivery,3,trade,west,40.94,96,2186,2,0,0
T-120057,C-00590,2026-07-20 00:48:05,chat,delivery,2,trade,unknown,403.64,30,2425,0,0,1
T-120058,C-00541,2026-07-20 02:42:45,chat,returns,2,business,north,143.18,55,2076,3,2,2
T-120059,C-00577,2026-07-20 04:35:37,phone,returns,3,home,east,44.36,54,589,0,4,0
T-120060,C-00706,2026-07-20 07:33:05,unknown,account,3,trade,south,,51,162,5,7,1
T-120061,C-00177,2026-07-20 08:12:42,chat,returns,2,business,south,171.91,131,2061,0,8,0
T-120062,C-00108,2026-07-20 08:13:52,chat,account,2,home,east,,128,2142,0,8,0
T-120063,C-00551,2026-07-20 08:25:52,phone,account,3,trade,east,,35,154,5,8,1
T-120064,C-00900,2026-07-20 08:46:34,social,warranty,1,business,south,167.36,74,1863,12,8,3
T-120065,C-00187,2026-07-20 08:50:43,email,payment,3,business,south,229.1,269,323,23,8,2
T-120066,C-00021,2026-07-20 08:52:02,phone,delivery,2,home,west,35.44,124,1288,1,8,0
T-120067,C-00110,2026-07-20 08:56:00,chat,delivery,2,home,north,42.08,162,886,0,8,0
T-120068,C-00332,2026-07-20 08:56:45,email,payment,2,home,west,83.63,130,2136,0,8,0
T-120069,C-00106,2026-07-20 09:17:17,phone,returns,3,trade,east,173.64,219,256,6,9,0
T-120070,C-00054,2026-07-20 09:33:54,unknown,returns,3,trade,west,220.88,58,2481,7,9,0
T-120071,C-00737,2026-07-20 09:42:44,email,returns,3,trade,east,122.75,237,1478,0,9,1
T-120072,C-00325,2026-07-20 09:44:35,web_form,account,2,home,unknown,,124,2134,3,9,1
T-120073,C-00882,2026-07-20 09:46:04,social,returns,3,home,south,16.92,107,1931,0,9,0
T-120074,C-00177,2026-07-20 09:46:36,web_form,delivery,3,business,south,16.49,118,2061,0,9,0
T-120075,C-00962,2026-07-20 09:57:33,web_form,payment,2,trade,west,148.88,176,1830,8,9,3
T-120076,C-00466,2026-07-20 10:17:06,social,delivery,3,business,north,57.44,83,1752,1,10,0
T-120077,C-00581,2026-07-20 10:22:52,chat,delivery,3,trade,north,61.47,115,2161,0,10,0
T-120078,C-00931,2026-07-20 10:41:42,chat,returns,3,home,south,87.23,74,1952,0,10,0
T-120079,C-00319,2026-07-20 10:45:53,chat,returns,3,trade,south,106.2,74,1733,6,10,4
T-120080,C-00372,2026-07-20 11:07:57,phone,account,3,trade,north,,186,167,7,11,0
T-120081,C-00848,2026-07-20 11:13:22,email,payment,2,trade,east,89.25,96,1909,0,11,0
T-120082,C-00962,2026-07-20 11:21:33,chat,payment,1,trade,west,119.68,64,1830,8,11,3
T-120083,C-00808,2026-07-20 11:30:48,email,returns,3,home,east,77.31,101,1635,2,11,0
T-120084,C-00737,2026-07-20 11:36:55,email,delivery,2,trade,east,101.97,55,1478,0,11,1
T-120085,C-00685,2026-07-20 12:49:25,chat,returns,3,trade,unknown,21.39,70,820,3,12,0
T-120086,C-00098,2026-07-20 13:16:45,social,account,2,business,west,,296,1199,0,13,1
T-120087,C-00986,2026-07-20 13:27:52,email,delivery,3,home,east,24.97,125,878,5,13,0
T-120088,C-00939,2026-07-20 13:38:23,email,payment,2,home,north,65.75,88,1948,2,13,0
T-120089,C-00032,2026-07-20 13:42:08,chat,account,1,business,east,,96,481,2,13,1
T-120090,C-00620,2026-07-20 13:42:33,chat,delivery,3,trade,west,363.08,49,1078,13,13,4
T-120091,C-00971,2026-07-20 14:16:04,email,delivery,2,home,west,60.59,55,1793,1,14,0
T-120092,C-00322,2026-07-20 14:20:50,email,payment,2,home,west,78.42,92,1931,2,14,1
T-120093,C-00458,2026-07-20 14:29:42,phone,payment,1,business,west,672.66,51,2374,13,14,3
T-120094,C-00278,2026-07-20 14:49:02,unknown,delivery,2,trade,south,94.08,185,1246,4,14,1
T-120095,C-00237,2026-07-20 14:53:27,chat,delivery,1,business,north,114.93,112,1546,1,14,0
T-120096,C-00648,2026-07-20 16:11:35,chat,returns,3,business,east,25.74,92,721,4,16,2
T-120097,C-00172,2026-07-20 16:12:39,chat,payment,2,business,east,1040.47,89,640,23,16,7
T-120098,C-00947,2026-07-20 17:06:02,chat,returns,3,trade,south,236.77,107,1735,0,17,0
T-120099,C-00042,2026-07-20 17:16:08,phone,payment,3,trade,south,67.7,76,1243,1,17,1
T-120100,C-00643,2026-07-20 17:46:15,social,delivery,3,trade,north,28.43,156,662,3,17,2
T-120101,C-00287,2026-07-20 17:51:45,email,returns,3,business,west,93.47,94,1430,5,17,2
T-120102,C-00207,2026-07-20 18:11:11,social,returns,2,home,west,130.63,42,1885,5,18,0
T-120103,C-00667,2026-07-20 18:22:21,email,warranty,3,home,east,39.2,75,1558,1,18,0
T-120104,C-00284,2026-07-20 18:56:17,web_form,account,3,trade,west,,100,1655,0,18,0
T-120105,C-00829,2026-07-20 19:01:15,social,warranty,1,trade,north,43.21,143,1389,0,19,0
T-120106,C-00904,2026-07-20 19:04:26,chat,delivery,3,home,west,35.11,230,345,0,19,0
T-120107,C-00492,2026-07-20 19:10:21,chat,delivery,2,trade,north,55.87,106,2283,3,19,3
T-120108,C-00061,2026-07-20 19:16:13,web_form,delivery,2,trade,north,75.78,56,1736,21,19,0
T-120109,C-00780,2026-07-20 19:35:48,social,delivery,3,trade,unknown,417.4,25,1668,1,19,0
T-120110,C-00718,2026-07-20 19:37:50,web_form,warranty,3,trade,east,150.5,84,963,3,19,0
T-120111,C-00042,2026-07-20 19:54:27,email,returns,2,trade,south,120.75,48,1243,1,19,1
T-120112,C-00501,2026-07-20 20:26:06,phone,account,2,trade,south,,19,303,5,20,2
T-120113,C-00643,2026-07-20 20:48:11,chat,returns,3,trade,north,58.66,67,662,3,20,2
T-120114,C-00929,2026-07-20 21:01:15,email,returns,3,trade,south,82.43,71,395,1,21,0
T-120115,C-00668,2026-07-20 21:05:57,chat,delivery,3,trade,south,217.47,106,386,5,21,1
T-120116,C-00632,2026-07-20 21:08:00,phone,account,1,home,east,,118,1045,0,21,0
T-120117,C-00596,2026-07-20 21:10:13,email,account,2,trade,east,,47,1212,4,21,2
T-120118,C-00466,2026-07-20 21:54:53,chat,warranty,3,business,north,35.65,108,1752,1,21,0
T-120119,C-00688,2026-07-20 21:55:16,phone,delivery,2,trade,east,97.99,114,2491,25,21,7
T-120120,C-00108,2026-07-21 00:05:13,email,delivery,3,home,east,172.7,72,2143,0,0,0
T-120121,C-00884,2026-07-21 00:19:14,web_form,delivery,3,home,north,26.6,160,2089,2,0,1
T-120122,C-00551,2026-07-21 07:41:03,chat,payment,2,trade,east,98.93,162,155,5,7,1
T-120123,C-00982,2026-07-21 07:46:30,chat,warranty,3,trade,north,202.06,156,2346,1,7,1
T-120124,C-00970,2026-07-21 08:00:51,web_form,delivery,2,business,east,113.73,79,1840,0,8,1
T-120125,,2026-07-21 08:09:00,chat,payment,1,guest,unknown,47.64,63,,0,8,0
T-120126,C-00095,2026-07-21 08:51:47,chat,warranty,2,business,south,68.14,124,1283,3,8,1
T-120127,C-00014,2026-07-21 08:58:50,email,returns,2,home,north,163.51,116,1033,2,8,1
T-120128,C-00631,2026-07-21 09:27:04,email,warranty,3,trade,west,186.47,164,1606,14,9,4
T-120129,C-00608,2026-07-21 09:55:43,email,delivery,2,trade,west,55.17,203,1754,0,9,1
T-120130,C-00924,2026-07-21 10:07:48,web_form,delivery,2,trade,west,147.11,99,1658,5,10,0
T-120131,C-00601,2026-07-21 10:42:47,email,payment,2,trade,north,50.68,146,2268,8,10,3
T-120132,C-00462,2026-07-21 10:47:30,social,returns,3,trade,east,78.42,229,2443,0,10,0
T-120133,C-00980,2026-07-21 10:51:17,chat,account,2,home,south,,52,609,0,10,0
T-120134,C-00570,2026-07-21 10:55:43,chat,delivery,1,home,unknown,76.52,239,259,1,10,0
T-120135,C-00457,2026-07-21 11:16:26,web_form,returns,2,trade,north,146.83,99,565,9,11,2
T-120136,C-00105,2026-07-21 11:40:19,chat,warranty,2,trade,south,243.35,74,1090,1,11,1
T-120137,C-00436,2026-07-21 11:44:42,email,delivery,3,home,south,49.21,97,246,0,11,0
T-120138,C-00061,2026-07-21 11:56:42,email,returns,3,trade,north,79.34,117,1737,21,11,0
T-120139,C-00809,2026-07-21 12:55:00,email,delivery,3,business,west,29.87,43,2362,9,12,0
T-120140,C-00160,2026-07-21 12:59:27,chat,account,2,business,west,,86,117,0,12,0
T-120141,C-00726,2026-07-21 14:14:30,email,returns,2,trade,west,379.96,198,1537,4,14,1
T-120142,C-00800,2026-07-21 14:26:54,web_form,delivery,2,trade,south,170.8,212,428,7,14,0
T-120143,C-00968,2026-07-21 15:13:50,chat,delivery,2,trade,south,116.69,128,207,9,15,0
T-120144,C-00380,2026-07-21 15:30:52,chat,payment,1,home,south,93.52,68,850,1,15,0
T-120145,C-00594,2026-07-21 15:48:50,email,returns,1,business,east,62.81,159,1379,2,15,0
T-120146,C-00098,2026-07-21 15:49:15,web_form,delivery,3,business,west,42.77,78,1200,0,15,1
T-120147,C-00478,2026-07-21 15:49:28,email,delivery,2,trade,north,63.31,53,1627,0,15,0
T-120148,C-00738,2026-07-21 16:04:40,unknown,account,3,home,west,,214,59,1,16,0
T-120149,C-00097,2026-07-21 16:34:08,email,delivery,1,home,unknown,41.58,80,2590,3,16,1
T-120150,C-00048,2026-07-21 16:51:45,web_form,payment,3,home,east,219.87,84,1138,0,16,1
T-120151,C-00909,2026-07-21 17:15:53,email,payment,3,trade,east,138.08,109,1582,0,17,0
T-120152,C-00015,2026-07-21 18:48:31,email,returns,2,trade,south,317.15,42,796,1,18,0
T-120153,C-00734,2026-07-21 18:56:59,web_form,returns,2,home,south,31.61,52,2140,2,18,0
T-120154,C-00877,2026-07-21 18:59:07,phone,payment,3,trade,west,208.09,172,238,3,18,3
T-120155,C-00170,2026-07-21 19:05:07,social,delivery,3,business,west,19.72,23,805,1,19,1
T-120156,C-00710,2026-07-21 19:49:03,social,warranty,3,home,west,185.49,41,594,1,19,0
T-120157,C-00418,2026-07-21 20:31:03,email,payment,3,trade,unknown,114.17,113,83,1,20,0
T-120158,C-00969,2026-07-21 21:16:59,email,payment,2,business,south,152.24,144,951,6,21,2
T-120159,C-00548,2026-07-21 21:43:18,email,returns,3,home,south,94.78,159,1654,0,21,0
T-120160,C-00849,2026-07-22 01:04:40,unknown,account,3,trade,west,,157,749,5,1,0
T-120161,C-00104,2026-07-22 02:46:39,chat,delivery,3,trade,east,141.23,292,1927,1,2,0
T-120162,C-00072,2026-07-22 07:15:19,chat,delivery,2,home,north,506.4,53,1962,1,7,0
T-120163,,2026-07-22 07:17:50,phone,returns,3,guest,unknown,58.46,78,,0,7,0
T-120164,C-00604,2026-07-22 07:22:34,email,delivery,3,trade,south,57.57,303,833,20,7,3
T-120165,C-00240,2026-07-22 07:26:17,email,returns,3,home,west,67.11,134,1208,1,7,0
T-120166,C-00970,2026-07-22 07:27:06,phone,delivery,1,business,east,170.03,23,1841,0,7,1
T-120167,C-00732,2026-07-22 07:37:27,web_form,account,2,trade,north,,37,336,4,7,0
T-120168,C-00451,2026-07-22 07:38:04,chat,delivery,2,trade,north,180.96,163,2302,6,7,0
T-120169,C-00096,2026-07-22 07:51:55,chat,delivery,3,business,north,53.85,36,2012,8,7,2
T-120170,C-00189,2026-07-22 08:25:09,email,warranty,2,home,north,307.75,102,2440,0,8,0
T-120171,C-00280,2026-07-22 08:33:49,email,account,3,trade,east,,90,1454,10,8,5
T-120172,C-00402,2026-07-22 08:45:01,chat,warranty,2,home,west,149.27,44,577,0,8,0
T-120173,C-00952,2026-07-22 09:24:38,chat,payment,1,home,east,36.42,62,1912,1,9,0
T-120174,C-00412,2026-07-22 09:39:28,chat,returns,3,home,north,81.09,36,1988,0,9,0
T-120175,C-00886,2026-07-22 10:18:09,chat,returns,2,business,north,26.84,146,934,30,10,2
T-120176,C-00527,2026-07-22 10:49:52,email,delivery,2,home,south,94.68,47,810,0,10,0
T-120177,C-00485,2026-07-22 10:53:17,social,account,3,home,east,,206,1255,1,10,0
T-120178,C-00421,2026-07-22 10:58:58,web_form,payment,3,trade,west,187.22,76,548,0,10,0
T-120179,C-00040,2026-07-22 11:12:09,web_form,account,3,home,west,,66,1199,0,11,0
T-120180,C-00929,2026-07-22 11:12:13,web_form,returns,2,trade,south,163.21,52,397,1,11,0
T-120181,C-00104,2026-07-22 11:21:09,chat,returns,3,trade,east,73.72,70,1927,1,11,0
T-120182,C-00581,2026-07-22 11:29:11,web_form,returns,2,trade,north,192.16,34,2163,0,11,0
T-120183,C-00293,2026-07-22 11:37:38,email,delivery,3,trade,south,203.05,36,1510,0,11,0
T-120184,C-00629,2026-07-22 12:42:10,email,delivery,3,trade,north,308.06,94,1218,3,12,3
T-120185,C-00193,2026-07-22 13:24:24,social,returns,3,trade,south,113.29,580,850,1,13,0
T-120186,C-00651,2026-07-22 13:25:00,web_form,warranty,3,trade,west,333.3,128,1387,8,13,3
T-120187,C-00962,2026-07-22 13:49:55,phone,warranty,3,trade,west,99.24,126,1832,8,13,2
T-120188,C-00852,2026-07-22 13:52:19,chat,delivery,3,home,north,28.02,224,260,2,13,0
T-120189,C-00733,2026-07-22 14:04:10,email,delivery,2,home,north,70.9,69,501,2,14,1
T-120190,C-00825,2026-07-22 14:14:17,email,account,3,trade,east,,103,774,3,14,1
T-120191,C-00850,2026-07-22 14:14:22,web_form,returns,3,home,west,4.64,147,1898,6,14,0
T-120192,C-00565,2026-07-22 14:14:41,phone,account,3,trade,west,,116,1415,12,14,7
T-120193,C-00824,2026-07-22 14:47:47,email,account,2,home,south,,133,311,0,14,0
T-120194,C-00796,2026-07-22 15:09:25,web_form,returns,2,trade,west,90.63,55,870,2,15,1
T-120195,C-00971,2026-07-22 15:49:15,email,delivery,2,home,west,83.1,204,1795,1,15,0
T-120196,C-00712,2026-07-22 15:51:00,chat,warranty,2,home,east,70.03,108,1845,0,15,0
T-120197,C-00407,2026-07-22 15:53:58,chat,delivery,2,trade,west,191.92,0,1969,2,15,1
T-120198,C-00655,2026-07-22 16:17:02,social,warranty,3,home,east,14.9,66,444,2,16,1
T-120199,C-00551,2026-07-22 16:24:34,web_form,returns,3,trade,east,94.13,100,156,5,16,1
T-120200,C-00605,2026-07-22 16:33:38,email,account,3,home,west,,148,1064,0,16,0
T-120201,C-00886,2026-07-22 16:36:44,chat,returns,1,business,north,67.27,182,934,30,16,2
T-120202,C-00912,2026-07-22 16:46:21,email,account,3,trade,north,,90,1144,1,16,1
T-120203,C-00307,2026-07-22 17:16:08,web_form,delivery,1,home,unknown,39.33,53,1116,0,17,0
T-120204,C-00346,2026-07-22 17:34:12,web_form,returns,2,home,south,107.27,33,1824,2,17,1
T-120205,C-00311,2026-07-22 17:40:53,chat,returns,3,trade,east,162.02,67,114,4,17,1
T-120206,C-00940,2026-07-22 17:53:59,unknown,warranty,3,home,north,120.57,82,1254,3,17,0
T-120207,C-00121,2026-07-22 18:09:28,email,payment,2,trade,east,186.43,116,578,4,18,0
T-120208,C-00403,2026-07-22 18:12:33,email,delivery,3,trade,south,58.58,74,594,4,18,1
T-120209,C-00246,2026-07-22 18:14:09,web_form,account,3,trade,south,,104,344,11,18,3
T-120210,C-00394,2026-07-22 18:43:01,email,account,2,home,south,,180,303,5,18,0
T-120211,C-00222,2026-07-22 19:08:14,chat,account,1,trade,unknown,,104,2415,10,19,0
T-120212,C-00172,2026-07-22 20:04:36,email,account,3,business,east,,82,642,22,20,7
T-120213,C-00594,2026-07-22 20:45:37,email,returns,1,business,east,91.14,56,1380,2,20,1
T-120214,C-00772,2026-07-22 20:50:07,social,warranty,2,home,south,64.39,35,645,0,20,0
T-120215,C-00090,2026-07-22 20:52:01,social,delivery,3,trade,unknown,58.5,169,2417,1,20,0
T-120216,C-00289,2026-07-22 20:52:12,phone,warranty,2,home,south,125.82,83,669,2,20,0
T-120217,C-00582,2026-07-22 21:19:32,phone,returns,3,business,west,531.13,36,2061,26,21,16
T-120218,C-00053,2026-07-22 21:23:05,email,delivery,3,business,east,168.81,85,1874,3,21,3
T-120219,C-00828,2026-07-22 21:38:32,phone,delivery,3,home,west,44.17,70,1368,4,21,0
T-120220,C-00698,2026-07-22 21:45:24,email,account,3,trade,south,,44,1422,10,21,0
T-120221,C-00896,2026-07-22 22:11:15,social,account,3,home,unknown,,117,619,0,22,0
T-120222,C-00942,2026-07-22 22:45:20,email,delivery,2,home,west,131.04,91,2211,0,22,0
T-120223,C-00450,2026-07-23 02:09:22,chat,account,2,trade,west,,66,1460,2,2,0
T-120224,C-00841,2026-07-23 07:25:25,email,returns,1,trade,west,49.59,120,1365,9,7,0
T-120225,C-00221,2026-07-23 07:47:00,web_form,warranty,3,home,north,18.26,85,2130,1,7,0
T-120226,C-00742,2026-07-23 08:32:38,chat,returns,2,trade,west,221.46,146,2406,3,8,1
T-120227,C-00376,2026-07-23 09:16:28,chat,returns,1,home,south,21.77,174,2396,0,9,0
T-120228,C-00154,2026-07-23 09:23:02,email,account,2,home,south,,83,2182,1,9,1
T-120229,,2026-07-23 09:25:18,social,payment,1,guest,unknown,96.31,60,,0,9,0
T-120230,C-00069,2026-07-23 09:43:54,phone,returns,1,home,south,19.18,41,1884,2,9,0
T-120231,C-00085,2026-07-23 10:14:19,web_form,account,3,home,west,,50,2477,0,10,0
T-120232,C-00287,2026-07-23 10:49:01,phone,delivery,3,business,west,217.26,65,1433,5,10,2
T-120233,C-00286,2026-07-23 10:59:42,chat,payment,1,business,north,94.24,110,518,7,10,3
T-120234,C-00798,2026-07-23 11:01:30,email,account,3,trade,west,,56,1711,0,11,1
T-120235,C-00826,2026-07-23 11:22:11,social,account,3,trade,west,,82,2620,0,11,0
T-120236,C-00120,2026-07-23 11:24:05,web_form,warranty,3,business,west,208.86,173,506,15,11,2
T-120237,C-00648,2026-07-23 11:39:48,email,warranty,1,business,east,125.98,147,724,4,11,2
T-120238,C-00760,2026-07-23 11:40:15,chat,delivery,2,trade,south,17.45,287,2607,4,11,2
T-120239,C-00982,2026-07-23 12:03:03,chat,delivery,2,trade,north,289.55,171,2348,1,12,1
T-120240,C-00201,2026-07-23 12:06:59,email,delivery,1,home,unknown,33.24,62,2511,5,12,1
T-120241,C-00595,2026-07-23 12:11:35,email,warranty,3,trade,east,185.9,161,2424,1,12,2
T-120242,C-00953,2026-07-23 12:23:17,chat,account,2,trade,south,,67,1395,4,12,1
T-120243,C-00001,2026-07-23 12:32:07,web_form,returns,2,business,south,31.7,99,2666,10,12,4
T-120244,C-00935,2026-07-23 13:04:46,email,delivery,3,trade,west,154.28,105,1310,14,13,1
T-120245,C-00982,2026-07-23 13:53:22,social,account,3,trade,north,,44,2348,1,13,1
T-120246,C-00142,2026-07-23 13:53:41,email,delivery,2,home,west,19.72,55,2597,0,13,0
T-120247,C-00403,2026-07-23 14:04:25,phone,payment,2,trade,south,144.5,55,595,4,14,1
T-120248,C-00185,2026-07-23 14:05:23,email,delivery,2,trade,south,109.71,135,292,5,14,0
T-120249,C-00036,2026-07-23 14:08:32,chat,returns,1,home,south,38.06,58,1067,1,14,0
T-120250,C-00296,2026-07-23 15:01:40,phone,warranty,2,trade,north,114.71,74,2181,0,15,0
T-120251,C-00488,2026-07-23 15:05:39,email,payment,1,home,east,90.04,83,388,14,15,1
T-120252,C-00953,2026-07-23 15:49:08,email,delivery,3,trade,south,139.36,52,1395,4,15,1
T-120253,C-00747,2026-07-23 16:06:07,email,delivery,3,home,south,47.55,114,283,3,16,0
T-120254,C-00531,2026-07-23 16:25:32,email,account,3,home,unknown,,137,863,0,16,0
T-120255,C-00870,2026-07-23 16:44:57,chat,delivery,2,trade,south,50.09,45,1600,9,16,4
T-120256,C-00452,2026-07-23 16:45:01,phone,delivery,2,trade,west,25.15,139,2656,0,16,0
T-120257,C-00035,2026-07-23 17:05:33,email,warranty,3,business,south,97.79,104,125,0,17,1
T-120258,C-00456,2026-07-23 17:06:21,social,returns,2,trade,west,239.66,24,739,2,17,0
T-120259,C-00466,2026-07-23 17:22:31,chat,returns,3,business,north,89.48,222,1755,1,17,0
T-120260,C-00139,2026-07-23 17:33:18,phone,returns,3,home,south,119.66,63,1881,4,17,0
T-120261,C-00614,2026-07-23 17:36:07,email,account,3,business,unknown,,51,1938,33,17,7
T-120262,C-00238,2026-07-23 17:42:45,social,returns,2,trade,east,84.56,15,1611,11,17,1
T-120263,C-00751,2026-07-23 18:09:40,email,payment,2,trade,west,77.4,64,936,4,18,0
T-120264,C-00559,2026-07-23 18:48:31,chat,returns,2,home,north,28.35,40,1728,0,18,0
T-120265,C-00309,2026-07-23 19:14:42,chat,account,2,home,south,,98,961,0,19,0
T-120266,C-00929,2026-07-23 19:22:22,unknown,returns,3,trade,south,325.25,137,398,1,19,0
T-120267,C-00980,2026-07-23 19:35:38,social,delivery,3,home,south,40.27,22,611,0,19,0
T-120268,C-00462,2026-07-23 19:37:48,email,delivery,2,trade,east,210.55,97,2445,0,19,0
T-120269,C-00910,2026-07-23 19:46:20,phone,warranty,3,trade,south,172.08,94,1012,6,19,0
T-120270,C-00034,2026-07-23 20:19:05,email,warranty,3,home,south,51.18,24,2550,1,20,1
T-120271,C-00976,2026-07-23 20:22:30,email,delivery,1,home,west,87.08,347,1494,1,20,1
T-120272,C-00239,2026-07-23 20:44:30,phone,delivery,3,trade,east,123.07,62,2640,2,20,1
T-120273,C-00912,2026-07-23 20:58:47,chat,returns,2,trade,north,477.66,34,1145,1,20,1
T-120274,C-00882,2026-07-23 21:00:53,chat,delivery,1,home,south,45.73,91,1934,0,21,0
T-120275,C-00383,2026-07-23 21:39:45,chat,returns,2,business,north,61.08,207,918,1,21,0
T-120276,C-00582,2026-07-24 01:29:52,social,payment,2,business,west,222.38,49,2063,24,1,15
T-120277,C-00612,2026-07-24 06:48:13,web_form,payment,3,trade,unknown,104.02,92,753,0,6,0
T-120278,C-00582,2026-07-24 07:02:54,email,delivery,3,business,west,48.92,72,2063,24,7,15
T-120279,C-00027,2026-07-24 07:20:24,chat,delivery,3,trade,south,264.09,145,2649,2,7,0
T-120280,C-00688,2026-07-24 07:27:24,chat,delivery,2,trade,east,112.25,87,2495,21,7,7
T-120281,C-00228,2026-07-24 07:31:04,email,account,3,trade,north,,89,742,0,7,0
T-120282,C-00900,2026-07-24 08:10:47,web_form,payment,3,business,south,417.74,112,1867,11,8,4
T-120283,C-00098,2026-07-24 08:30:56,chat,account,1,business,west,,81,1203,0,8,1
T-120284,C-00689,2026-07-24 08:53:25,social,payment,1,trade,south,53.38,91,2116,7,8,1
T-120285,C-00845,2026-07-24 09:34:56,email,account,3,home,unknown,,60,447,0,9,0
T-120286,C-00189,2026-07-24 09:44:00,email,delivery,2,home,north,58.26,182,2442,0,9,0
T-120287,C-00287,2026-07-24 10:01:26,email,warranty,3,business,west,145.93,509,1434,5,10,2
T-120288,C-00972,2026-07-24 10:04:48,email,account,3,home,east,,92,2366,5,10,1
T-120289,C-00703,2026-07-24 10:08:54,web_form,warranty,2,home,north,77.54,141,1295,0,10,0
T-120290,C-00231,2026-07-24 10:14:00,chat,payment,2,home,south,83.86,110,2346,3,10,0
T-120291,C-00953,2026-07-24 10:25:56,phone,delivery,2,trade,south,103.04,349,1396,4,10,1
T-120292,C-00684,2026-07-24 10:26:17,email,warranty,3,home,south,85.74,220,2288,0,10,0
T-120293,C-00433,2026-07-24 10:32:03,email,payment,1,trade,east,270.42,57,157,4,10,1
T-120294,C-00431,2026-07-24 10:32:24,email,account,3,trade,west,,94,1923,1,10,0
T-120295,C-00927,2026-07-24 10:45:15,phone,delivery,3,trade,west,80.14,89,1689,7,10,4
T-120296,C-00025,2026-07-24 11:42:33,chat,account,2,trade,south,,29,2351,0,11,1
T-120297,C-00585,2026-07-24 11:50:26,web_form,payment,2,business,north,59.36,51,2600,4,11,0
T-120298,C-00214,2026-07-24 12:19:49,phone,payment,3,trade,east,164.36,120,136,3,12,0
T-120299,C-00434,2026-07-24 12:24:19,phone,returns,2,home,unknown,142.06,110,738,0,12,0
T-120300,C-00265,2026-07-24 12:38:06,chat,warranty,2,business,unknown,229.52,63,1571,2,12,2
T-120301,C-00316,2026-07-24 12:42:52,email,delivery,1,trade,north,35.54,167,2155,15,12,6
T-120302,C-00505,2026-07-24 13:29:01,phone,delivery,1,trade,east,108.95,246,2321,1,13,0
T-120303,C-00673,2026-07-24 13:39:10,email,delivery,2,home,north,258.56,127,470,2,13,0
T-120304,C-00394,2026-07-24 13:44:27,chat,returns,2,home,south,37.16,202,305,5,13,0
T-120305,C-00594,2026-07-24 13:52:08,web_form,delivery,2,business,east,364.3,210,1382,2,13,1
T-120306,C-00253,2026-07-24 14:12:41,social,returns,3,home,west,48.83,73,145,2,14,0
T-120307,C-00219,2026-07-24 14:29:09,social,delivery,2,business,north,221.39,111,555,0,14,1
T-120308,C-00066,2026-07-24 14:34:40,chat,account,2,home,north,,163,2681,1,14,0
T-120309,C-00922,2026-07-24 14:55:18,email,payment,1,trade,east,452.59,116,525,2,14,1
T-120310,C-00699,2026-07-24 15:00:58,chat,returns,3,trade,south,300.37,84,2001,10,15,1
T-120311,C-00195,2026-07-24 15:02:07,email,delivery,3,trade,east,90.31,71,558,0,15,1
T-120312,C-00590,2026-07-24 15:28:18,email,account,3,trade,unknown,,40,2429,0,15,1
T-120313,C-00280,2026-07-24 16:38:35,phone,returns,1,trade,east,136.72,199,1456,10,16,5
T-120314,C-00321,2026-07-24 16:49:04,email,returns,3,home,north,79.05,123,45,0,16,0
T-120315,C-00363,2026-07-24 16:57:59,email,delivery,3,home,west,128.48,106,2432,9,16,3
T-120316,C-00847,2026-07-24 17:20:35,social,payment,1,trade,west,147.99,142,278,5,17,3
T-120317,C-00224,2026-07-24 17:29:56,chat,account,3,home,north,,73,502,0,17,0
T-120318,C-00965,2026-07-24 18:10:50,email,account,1,trade,south,,164,2248,3,18,1
T-120319,C-00484,2026-07-24 18:22:39,phone,payment,3,trade,north,127.47,164,2036,2,18,1
T-120320,C-00898,2026-07-24 19:27:28,chat,payment,2,trade,north,625.39,68,928,0,19,1
T-120321,C-00264,2026-07-24 19:36:51,email,returns,3,business,east,32.22,100,2107,18,19,1
T-120322,C-00106,2026-07-24 21:14:22,email,returns,3,trade,east,32.89,34,260,6,21,0
T-120323,C-00755,2026-07-24 21:18:19,phone,payment,3,home,north,55.21,156,554,5,21,0
T-120324,C-00103,2026-07-24 21:23:31,social,delivery,3,trade,south,175.1,186,813,1,21,0
T-120325,C-00695,2026-07-24 21:46:24,chat,returns,3,trade,north,47.86,88,1126,9,21,2
T-120326,C-00245,2026-07-24 21:56:47,email,warranty,2,trade,east,111.1,163,540,21,21,4
T-120327,C-00564,2026-07-25 07:14:04,email,delivery,3,home,north,36.23,122,990,0,7,0
T-120328,C-00137,2026-07-25 07:17:55,email,warranty,3,business,unknown,82.68,68,1346,7,7,2
T-120329,C-00133,2026-07-25 07:42:21,chat,delivery,2,home,north,78.54,75,1334,3,7,0
T-120330,C-00279,2026-07-25 10:50:14,email,returns,1,home,south,49.26,228,493,0,10,0
T-120331,C-00635,2026-07-25 12:19:40,chat,returns,3,home,north,215.7,219,458,0,12,0
T-120332,C-00907,2026-07-25 12:28:46,web_form,payment,3,home,south,36.05,95,499,4,12,0
T-120333,C-00411,2026-07-25 12:46:24,chat,returns,1,home,south,51.13,72,2577,0,12,0
T-120334,C-00723,2026-07-25 13:02:09,web_form,delivery,2,trade,north,66.72,56,1221,0,13,0
T-120335,C-00854,2026-07-25 16:00:05,social,delivery,2,home,west,27.84,190,1289,0,16,0
T-120336,C-00420,2026-07-25 17:58:03,chat,payment,2,home,west,30.63,22,2161,0,17,0
T-120337,C-00003,2026-07-25 19:02:10,email,returns,3,trade,west,98.22,149,464,0,19,0
T-120338,C-00487,2026-07-25 21:23:11,chat,delivery,3,trade,east,79.89,113,2539,3,21,0
T-120339,C-00970,2026-07-25 21:52:16,web_form,account,2,business,east,,72,1844,0,21,3
T-120340,C-00103,2026-07-26 00:22:39,chat,payment,2,trade,south,120.32,89,815,1,0,0
T-120341,C-00389,2026-07-26 01:24:15,chat,account,2,home,west,,76,2612,0,1,0
T-120342,C-00466,2026-07-26 03:29:37,web_form,warranty,3,business,north,42.31,237,1758,1,3,1
T-120343,C-00369,2026-07-26 07:34:45,social,returns,2,home,west,15.28,58,1410,3,7,1
T-120344,C-00098,2026-07-26 07:51:26,chat,returns,3,business,west,115.84,73,1205,0,7,1
T-120345,C-00669,2026-07-26 09:11:16,email,returns,3,home,north,52.58,93,724,1,9,0
T-120346,C-00145,2026-07-26 10:30:55,phone,delivery,2,home,west,32.91,154,2387,4,10,0
T-120347,C-00686,2026-07-26 11:25:00,phone,returns,2,trade,south,82.91,601,1437,11,11,4
T-120348,C-00898,2026-07-26 12:29:44,email,delivery,3,trade,north,117.54,70,930,0,12,1
T-120349,C-00877,2026-07-26 12:38:50,email,account,3,trade,west,,89,243,3,12,3
T-120350,C-00820,2026-07-26 12:47:46,phone,delivery,2,home,north,137.32,125,1843,0,12,0
T-120351,C-00648,2026-07-26 13:00:54,phone,payment,3,business,east,81.82,55,727,4,13,2
T-120352,C-00648,2026-07-26 13:21:07,email,account,3,business,east,,30,727,4,13,2
T-120353,C-00374,2026-07-26 13:23:48,email,payment,1,trade,north,308.86,105,111,2,13,0
T-120354,C-00071,2026-07-26 14:03:04,email,account,3,home,west,,84,1775,6,14,1
T-120355,C-00777,2026-07-26 14:17:52,email,payment,3,trade,south,708.7,83,381,5,14,1
T-120356,C-00115,2026-07-26 15:02:24,chat,delivery,3,business,north,,77,1729,3,15,0
T-120357,C-00373,2026-07-26 15:18:22,email,returns,2,business,west,111.88,110,1937,6,15,0
T-120358,C-00416,2026-07-26 15:23:39,email,account,3,home,west,,207,924,1,15,1
T-120359,C-00188,2026-07-26 16:29:18,chat,warranty,3,home,east,75.35,58,1125,0,16,0
T-120360,C-00102,2026-07-26 16:50:02,email,delivery,3,home,south,44.76,109,720,0,16,0
T-120361,C-00106,2026-07-26 17:13:16,social,payment,2,trade,east,104.05,87,262,6,17,0
T-120362,C-00211,2026-07-26 17:21:32,web_form,delivery,2,home,north,23.16,190,373,5,17,0
T-120363,C-00135,2026-07-26 17:25:18,email,returns,3,trade,south,136.78,81,1511,3,17,1
T-120364,C-00166,2026-07-26 17:41:30,web_form,payment,1,trade,south,221.86,81,1514,0,17,0
T-120365,C-00238,2026-07-26 18:00:01,chat,account,2,trade,east,,65,1614,11,18,1
T-120366,C-00877,2026-07-26 18:47:46,chat,payment,1,trade,west,183.8,227,243,3,18,3
T-120367,C-00798,2026-07-26 18:49:15,phone,account,3,trade,west,,66,1714,0,18,1
T-120368,C-00371,2026-07-26 19:59:09,email,payment,2,home,west,48.63,47,2516,2,19,0
T-120369,C-00008,2026-07-26 20:08:18,email,returns,1,home,north,42.04,53,1091,0,20,0
T-120370,C-00337,2026-07-27 00:50:34,social,returns,2,home,west,44.38,86,1196,0,0,1
T-120371,C-00538,2026-07-27 06:36:23,email,warranty,3,trade,west,21.69,172,1284,13,6,4
T-120372,C-00888,2026-07-27 07:12:39,chat,delivery,3,business,east,651.69,75,2594,4,7,3
T-120373,C-00627,2026-07-27 07:20:08,phone,delivery,3,home,west,118.66,227,2432,0,7,0
T-120374,,2026-07-27 07:42:23,chat,delivery,1,guest,unknown,66.09,67,,0,7,0
T-120375,C-00195,2026-07-27 07:54:52,chat,payment,1,trade,east,124.37,35,561,0,7,1
T-120376,C-00190,2026-07-27 08:02:38,email,delivery,3,home,east,92.2,67,1366,2,8,3
T-120377,C-00673,2026-07-27 08:04:23,email,account,2,home,north,,124,473,1,8,0
T-120378,C-00683,2026-07-27 08:10:44,chat,warranty,3,home,north,228.92,124,1584,2,8,0
T-120379,C-00018,2026-07-27 08:13:16,phone,warranty,2,home,north,91.6,80,1792,0,8,0
T-120380,C-00964,2026-07-27 08:27:24,chat,warranty,2,business,west,309.22,88,1037,1,8,0
T-120381,C-00191,2026-07-27 08:29:42,chat,returns,3,home,north,13.72,47,704,1,8,0
T-120382,C-00866,2026-07-27 08:32:13,chat,returns,3,trade,west,,75,1595,3,8,0
T-120383,C-00801,2026-07-27 08:53:25,phone,returns,3,trade,south,104.5,264,1773,0,8,2
T-120384,C-00272,2026-07-27 09:20:08,social,returns,3,home,east,104.36,148,1394,0,9,0
T-120385,C-00366,2026-07-27 09:57:53,email,warranty,3,home,east,31.74,150,1494,2,9,1
T-120386,C-00566,2026-07-27 10:32:45,chat,returns,3,home,east,50.42,59,1299,0,10,0
T-120387,C-00308,2026-07-27 10:33:33,web_form,warranty,1,home,west,39.69,136,916,0,10,0
T-120388,C-00119,2026-07-27 10:40:47,chat,account,1,trade,north,,113,2527,1,10,0
T-120389,,2026-07-27 10:41:34,chat,payment,1,guest,unknown,31.34,294,,0,10,0
T-120390,C-00930,2026-07-27 10:43:48,email,payment,1,home,unknown,25.1,73,2192,1,10,1
T-120391,C-00506,2026-07-27 11:31:12,unknown,delivery,3,home,east,39.36,124,456,4,11,2
T-120392,C-00109,2026-07-27 11:31:15,email,delivery,3,home,south,59.9,98,1584,0,11,1
T-120393,C-00396,2026-07-27 11:50:47,chat,returns,2,trade,north,316.62,129,2471,7,11,5
T-120394,C-00060,2026-07-27 11:54:58,chat,delivery,2,trade,north,52.93,78,1826,5,11,2
T-120395,C-00353,2026-07-27 12:09:29,phone,payment,1,home,south,52.32,45,1095,0,12,0
T-120396,C-00514,2026-07-27 12:10:17,chat,payment,2,home,north,172.86,33,380,0,12,0
T-120397,C-00448,2026-07-27 12:19:08,chat,delivery,1,home,east,49.29,26,1416,1,12,1
T-120398,C-00685,2026-07-27 12:31:11,social,account,2,trade,unknown,,55,827,3,12,0
T-120399,C-00722,2026-07-27 13:02:04,chat,warranty,1,home,east,107.14,84,1311,3,13,1
T-120400,C-00781,2026-07-27 13:02:45,email,account,2,home,north,,54,743,6,13,0
T-120401,C-00662,2026-07-27 13:04:48,chat,returns,2,trade,south,260.85,183,1793,0,13,0
T-120402,C-00452,2026-07-27 13:18:38,email,payment,3,trade,west,16.62,271,2660,0,13,0
T-120403,C-00041,2026-07-27 13:36:14,email,delivery,3,trade,south,36.57,238,1711,3,13,2
T-120404,C-00300,2026-07-27 14:07:29,email,delivery,2,home,south,83.25,108,157,0,14,0
T-120405,C-00121,2026-07-27 14:10:24,email,delivery,3,trade,east,279.4,121,583,4,14,0
T-120406,C-00898,2026-07-27 14:25:57,email,delivery,3,trade,north,174.97,31,931,0,14,1
T-120407,C-00350,2026-07-27 14:55:34,social,warranty,3,trade,west,65.51,25,1203,1,14,0
T-120408,C-00608,2026-07-27 15:12:33,email,delivery,2,trade,west,131.82,62,1760,0,15,1
T-120409,C-00885,2026-07-27 15:55:16,chat,payment,1,home,north,86.54,43,560,1,15,0
T-120410,C-00130,2026-07-27 16:24:06,phone,delivery,1,home,west,82.42,226,139,0,16,0
T-120411,C-00798,2026-07-27 16:47:01,email,warranty,1,trade,west,273.12,108,1715,0,16,1
T-120412,C-00534,2026-07-27 16:48:30,chat,account,2,business,south,,93,322,1,16,0
T-120413,C-00095,2026-07-27 16:50:30,email,delivery,3,business,south,103.79,458,1289,3,16,2
T-120414,C-00727,2026-07-27 17:39:28,chat,delivery,3,home,west,36.48,108,1543,0,17,0
T-120415,C-00726,2026-07-27 17:46:15,web_form,returns,3,trade,west,13.89,148,1543,3,17,1
T-120416,C-00737,2026-07-27 17:46:52,email,returns,3,trade,east,338.72,76,1485,0,17,1
T-120417,C-00251,2026-07-27 17:47:19,chat,warranty,2,trade,west,24.21,132,1396,24,17,0
T-120418,C-00805,2026-07-27 18:24:52,chat,delivery,2,home,north,79.33,66,1251,0,18,0
T-120419,C-00309,2026-07-27 18:26:29,chat,payment,3,home,south,61.28,113,965,0,18,0
T-120420,C-00698,2026-07-27 18:32:03,phone,returns,3,trade,south,92.48,198,1427,10,18,0
T-120421,C-00169,2026-07-27 18:35:21,email,delivery,2,home,south,105.08,142,2289,0,18,0
T-120422,C-00285,2026-07-27 18:46:38,email,delivery,3,home,south,148.32,236,2136,0,18,0
T-120423,C-00935,2026-07-27 18:51:07,phone,warranty,2,trade,west,106.46,466,1314,13,18,1
T-120424,C-00466,2026-07-27 19:04:50,email,payment,1,business,north,111.83,86,1759,1,19,2
T-120425,C-00029,2026-07-27 19:09:00,phone,delivery,3,trade,unknown,92.27,53,774,1,19,1
T-120426,C-00697,2026-07-27 19:13:44,email,returns,3,home,west,66.33,62,99,2,19,0
T-120427,C-00262,2026-07-27 19:18:54,social,returns,3,business,east,521.8,79,1999,11,19,1
T-120428,,2026-07-27 19:26:27,email,delivery,3,guest,unknown,58.51,39,,0,19,0
T-120429,C-00602,2026-07-27 20:00:14,chat,payment,1,home,south,92.88,103,81,0,20,0
T-120430,C-00013,2026-07-27 20:02:20,web_form,returns,3,home,north,54.97,103,624,0,20,0
T-120431,C-00572,2026-07-27 20:11:07,chat,delivery,1,home,east,319.31,54,718,1,20,0
T-120432,C-00043,2026-07-27 20:30:14,phone,account,2,home,south,,127,2516,0,20,0
T-120433,C-00290,2026-07-27 20:30:59,email,returns,3,trade,west,24.5,180,1278,14,20,5
T-120434,C-00870,2026-07-27 21:09:58,social,account,2,trade,south,,108,1604,9,21,4
T-120435,C-00935,2026-07-28 01:13:09,phone,returns,1,trade,west,94.92,356,1315,13,1,1
T-120436,C-00888,2026-07-28 07:18:42,chat,delivery,3,business,east,75.06,329,2595,4,7,3
T-120437,C-00031,2026-07-28 07:49:04,phone,delivery,3,home,west,42.41,26,2282,0,7,1
T-120438,C-00237,2026-07-28 07:59:53,web_form,returns,2,business,north,885.78,68,1554,1,7,1
T-120439,C-00458,2026-07-28 08:54:58,chat,delivery,3,business,west,94.74,138,2382,13,8,4
T-120440,C-00609,2026-07-28 09:01:18,web_form,returns,2,home,unknown,184.32,43,2344,0,9,0
T-120441,C-00048,2026-07-28 09:16:07,chat,payment,2,home,east,71.72,320,1145,0,9,1
T-120442,C-00689,2026-07-28 09:26:05,email,returns,3,trade,south,41.67,127,2120,7,9,2
T-120443,C-00374,2026-07-28 09:43:17,email,delivery,2,trade,north,102.05,58,113,1,9,0
T-120444,,2026-07-28 09:51:36,email,payment,3,guest,unknown,36.66,165,,0,9,0
T-120445,C-00499,2026-07-28 09:59:46,phone,delivery,3,home,south,38.19,45,2019,0,9,0
T-120446,C-00989,2026-07-28 09:59:57,chat,delivery,2,home,east,59.89,215,217,0,9,0
T-120447,C-00618,2026-07-28 10:43:41,social,warranty,3,home,west,14.85,164,1889,1,10,0
T-120448,C-00601,2026-07-28 10:55:07,email,returns,3,trade,north,420.66,95,2275,8,10,3
T-120449,C-00433,2026-07-28 10:57:34,web_form,returns,1,trade,east,59.39,112,161,4,10,1
T-120450,C-00293,2026-07-28 10:59:55,chat,delivery,3,trade,south,49.84,261,1516,0,10,0
T-120451,C-00548,2026-07-28 11:46:20,phone,payment,1,home,south,23.38,28,1661,0,11,0
T-120452,C-00458,2026-07-28 11:46:41,phone,warranty,3,business,west,18.83,56,2382,13,11,4
T-120453,C-00501,2026-07-28 12:01:46,chat,payment,2,trade,south,84.63,65,311,4,12,2
T-120454,C-00877,2026-07-28 12:02:08,email,returns,3,trade,west,15.83,58,245,3,12,4
T-120455,C-00290,2026-07-28 12:08:58,phone,warranty,3,trade,west,53.22,84,1279,14,12,5
T-120456,C-00209,2026-07-28 12:43:06,email,delivery,1,home,west,9.39,150,961,0,12,0
T-120457,C-00232,2026-07-28 14:46:19,web_form,delivery,3,trade,north,118.17,95,642,1,14,2
T-120458,C-00233,2026-07-28 15:01:48,social,account,3,home,east,,106,1570,2,15,0
T-120459,C-00607,2026-07-28 15:18:18,email,warranty,2,home,north,15.34,105,1740,2,15,0
T-120460,C-00875,2026-07-28 15:36:31,phone,delivery,1,trade,east,272.62,168,2051,0,15,0
T-120461,C-00461,2026-07-28 15:57:05,social,payment,3,home,east,49.43,59,1752,1,15,1
T-120462,C-00141,2026-07-28 16:41:47,email,payment,3,trade,east,27.7,171,2493,3,16,0
T-120463,C-00160,2026-07-28 17:48:11,phone,delivery,3,business,west,228.59,72,124,0,17,0
T-120464,C-00947,2026-07-28 18:00:00,phone,account,1,trade,south,,76,1743,0,18,0
T-120465,C-00600,2026-07-28 18:13:26,email,delivery,2,home,north,82.85,92,1801,1,18,0
T-120466,C-00585,2026-07-28 18:21:13,email,warranty,2,business,north,123.38,141,2604,4,18,0
T-120467,C-00739,2026-07-28 18:41:29,email,payment,2,home,north,60.38,54,93,1,18,0
T-120468,C-00631,2026-07-28 19:07:41,social,delivery,3,trade,west,114.79,208,1613,13,19,4
T-120469,C-00227,2026-07-28 19:11:56,chat,warranty,3,home,east,86.73,44,1098,2,19,0
T-120470,C-00230,2026-07-28 20:02:53,web_form,account,2,home,north,,78,2253,3,20,1
T-120471,C-00557,2026-07-28 20:15:19,email,returns,2,home,east,29.08,106,1702,0,20,0
T-120472,C-00117,2026-07-28 20:27:51,chat,delivery,3,home,north,39.62,61,991,0,20,0
T-120473,C-00503,2026-07-28 20:35:30,web_form,account,3,trade,south,,46,1996,7,20,3
T-120474,C-00596,2026-07-28 21:11:09,email,delivery,3,trade,east,120.43,141,1220,4,21,2
T-120475,C-00325,2026-07-28 21:24:34,social,returns,2,home,unknown,86.21,48,2142,3,21,1
T-120476,C-00841,2026-07-28 21:35:08,chat,delivery,3,trade,west,53.06,87,1370,8,21,0
T-120477,C-00798,2026-07-28 21:45:46,web_form,delivery,2,trade,west,121.0,97,1716,0,21,1
T-120478,C-00006,2026-07-28 21:52:55,email,payment,2,home,west,24.08,110,1531,2,21,0
T-120479,C-00359,2026-07-28 22:06:58,email,account,2,home,west,,64,1211,0,22,0
T-120480,C-00231,2026-07-28 22:24:15,chat,returns,2,home,south,38.11,27,2350,2,22,0
T-120481,C-00909,2026-07-29 03:56:06,phone,delivery,2,trade,east,84.46,75,1590,0,3,0
T-120482,C-00433,2026-07-29 06:57:38,email,account,1,trade,east,,48,162,4,6,1
T-120483,C-00934,2026-07-29 07:01:44,email,delivery,1,trade,west,27.8,84,2658,8,7,2
T-120484,C-00901,2026-07-29 07:04:58,social,returns,2,trade,west,113.9,80,783,3,7,0
T-120485,C-00606,2026-07-29 07:14:41,chat,delivery,3,trade,south,91.12,217,1220,3,7,0
T-120486,C-00856,2026-07-29 07:39:15,web_form,payment,1,trade,east,76.54,86,1658,1,7,0
T-120487,C-00069,2026-07-29 07:49:22,web_form,warranty,3,home,south,126.36,91,1890,2,7,0
T-120488,C-00882,2026-07-29 08:13:50,email,returns,3,home,south,41.3,122,1940,0,8,1
T-120489,C-00440,2026-07-29 09:22:52,email,delivery,3,business,east,317.54,71,2172,0,9,0
T-120490,C-00375,2026-07-29 09:41:21,email,account,2,home,north,,58,228,2,9,1
T-120491,C-00267,2026-07-29 09:43:49,email,returns,3,business,east,88.46,155,299,3,9,0
T-120492,C-00027,2026-07-29 10:26:21,email,warranty,2,trade,south,44.14,97,2654,2,10,0
T-120493,C-00337,2026-07-29 11:14:06,social,delivery,2,home,west,28.22,123,1198,0,11,1
T-120494,C-00284,2026-07-29 11:31:20,chat,delivery,3,trade,west,301.61,132,1664,0,11,0
T-120495,C-00871,2026-07-29 11:54:59,chat,returns,1,home,south,80.73,83,1738,1,11,0
T-120496,C-00652,2026-07-29 12:11:37,email,returns,2,home,south,10.96,262,830,0,12,0
T-120497,C-00251,2026-07-29 12:30:57,email,delivery,2,trade,west,111.44,104,1398,24,12,0
T-120498,C-00351,2026-07-29 12:51:38,social,delivery,2,home,north,24.89,89,2593,2,12,1
T-120499,C-00797,2026-07-29 12:57:00,web_form,returns,2,trade,west,94.1,84,205,2,12,0
T-120500,C-00439,2026-07-29 13:48:57,email,returns,3,home,east,239.3,131,2524,1,13,0
T-120501,C-00892,2026-07-29 13:50:13,email,delivery,3,home,south,33.66,162,2495,2,13,0
T-120502,C-00556,2026-07-29 13:55:37,social,returns,3,home,north,87.3,28,1167,0,13,1
T-120503,C-00827,2026-07-29 14:53:49,phone,delivery,1,business,south,262.32,204,121,7,14,1
T-120504,C-00074,2026-07-29 15:00:43,chat,payment,2,trade,north,322.61,142,1188,0,15,0
T-120505,C-00630,2026-07-29 15:14:46,web_form,delivery,3,trade,south,43.3,67,1090,0,15,0
T-120506,C-00177,2026-07-29 15:37:56,chat,account,1,business,south,,75,2070,0,15,0
T-120507,C-00443,2026-07-29 16:04:30,chat,returns,2,home,west,42.27,233,470,2,16,0
T-120508,C-00090,2026-07-29 16:43:53,unknown,returns,3,trade,unknown,98.18,247,2424,1,16,0
T-120509,C-00770,2026-07-29 16:54:59,social,warranty,2,home,west,49.35,72,1270,2,16,1
T-120510,C-00237,2026-07-29 16:55:33,email,delivery,3,business,north,129.92,106,1555,1,16,1
T-120511,C-00732,2026-07-29 16:56:09,chat,delivery,3,trade,north,90.82,138,343,4,16,0
T-120512,C-00919,2026-07-29 16:59:24,chat,returns,3,home,north,48.45,60,277,0,16,0
T-120513,C-00428,2026-07-29 18:23:28,chat,payment,3,home,west,33.33,58,869,0,18,0
T-120514,C-00507,2026-07-29 19:00:42,email,returns,3,trade,south,124.34,45,1916,2,19,1
T-120515,C-00112,2026-07-29 19:04:29,email,warranty,2,home,north,20.08,90,1670,0,19,0
T-120516,C-00920,2026-07-29 19:26:10,chat,account,2,business,east,,58,2239,9,19,6
T-120517,C-00200,2026-07-29 19:34:02,email,warranty,3,home,north,37.89,168,307,0,19,0
T-120518,C-00923,2026-07-29 19:37:03,email,delivery,3,home,south,140.7,63,524,0,19,0
T-120519,C-00927,2026-07-29 19:40:38,chat,delivery,3,trade,west,223.06,67,1694,7,19,4
T-120520,C-00088,2026-07-29 20:22:56,chat,delivery,3,trade,east,90.71,62,1891,2,20,2
T-120521,C-00755,2026-07-29 20:38:16,email,payment,2,home,north,36.46,136,559,4,20,0
T-120522,C-00639,2026-07-29 20:47:11,chat,account,2,trade,unknown,,62,1287,0,20,0
T-120523,C-00584,2026-07-29 21:29:08,email,returns,3,home,south,100.3,54,2659,2,21,0
T-120524,C-00038,2026-07-29 21:46:15,email,delivery,3,home,east,128.07,258,1277,0,21,0
T-120525,C-00580,2026-07-29 21:56:32,chat,payment,2,trade,west,113.96,110,2545,7,21,1
T-120526,C-00749,2026-07-29 21:57:10,email,account,2,home,east,,17,299,5,21,2
T-120527,C-00177,2026-07-29 23:05:20,phone,delivery,2,business,south,61.74,98,2070,0,23,0
T-120528,C-00032,2026-07-30 00:19:11,chat,delivery,2,business,east,72.62,77,491,1,0,1
T-120529,C-00185,2026-07-30 03:48:36,web_form,warranty,2,trade,south,248.62,107,299,4,3,0
T-120530,C-00831,2026-07-30 05:36:13,web_form,payment,2,trade,north,250.23,74,133,14,5,2
T-120531,C-00063,2026-07-30 07:07:35,unknown,delivery,3,home,south,161.85,60,2191,0,7,0
T-120532,C-00737,2026-07-30 07:13:20,email,delivery,1,trade,east,44.9,93,1488,0,7,1
T-120533,C-00504,2026-07-30 07:23:47,email,returns,2,trade,south,31.81,28,2289,1,7,0
T-120534,C-00166,2026-07-30 07:26:24,email,delivery,3,trade,south,26.56,79,1518,0,7,0
T-120535,C-00877,2026-07-30 07:46:59,email,account,2,trade,west,,93,247,3,7,4
T-120536,C-00670,2026-07-30 07:47:35,email,account,2,home,south,,117,1333,0,7,0
T-120537,C-00407,2026-07-30 08:07:34,web_form,returns,1,trade,west,161.78,54,1977,1,8,1
T-120538,C-00792,2026-07-30 08:21:56,social,delivery,3,trade,west,147.16,213,2225,3,8,0
T-120539,C-00061,2026-07-30 08:53:56,chat,delivery,2,trade,north,127.35,107,1746,19,8,0
T-120540,C-00456,2026-07-30 09:13:13,phone,delivery,1,trade,west,307.18,279,746,1,9,0
T-120541,C-00177,2026-07-30 09:58:31,email,payment,1,business,south,55.49,114,2071,0,9,0
T-120542,C-00566,2026-07-30 10:26:04,email,payment,3,home,east,75.42,22,1302,0,10,0
T-120543,C-00203,2026-07-30 10:53:01,social,delivery,3,trade,west,68.93,43,1596,8,10,6
T-120544,C-00864,2026-07-30 11:14:31,chat,account,2,home,south,,87,221,2,11,0
T-120545,C-00103,2026-07-30 11:15:50,email,returns,3,trade,south,209.71,79,819,1,11,0
T-120546,C-00813,2026-07-30 11:24:57,web_form,returns,3,home,south,35.18,64,2564,1,11,0
T-120547,C-00811,2026-07-30 11:26:24,email,warranty,3,home,west,52.04,70,268,2,11,0
T-120548,C-00206,2026-07-30 11:51:15,email,delivery,2,trade,west,70.5,128,762,5,11,1
T-120549,C-00001,2026-07-30 12:48:33,email,warranty,3,business,south,47.9,84,2673,7,12,3
T-120550,C-00418,2026-07-30 12:56:05,email,payment,2,trade,unknown,61.0,82,92,1,12,0
T-120551,C-00479,2026-07-30 13:01:32,web_form,warranty,2,home,west,88.42,171,2471,0,13,0
T-120552,C-00293,2026-07-30 13:11:17,chat,warranty,2,trade,south,28.87,252,1518,0,13,0
T-120553,C-00534,2026-07-30 13:27:23,email,delivery,3,business,south,24.68,11,325,1,13,0
T-120554,C-00012,2026-07-30 13:29:01,email,delivery,3,home,south,255.44,75,2040,1,13,0
T-120555,C-00591,2026-07-30 13:36:13,unknown,returns,1,trade,west,23.78,48,257,6,13,1
T-120556,C-00994,2026-07-30 13:41:44,phone,delivery,3,home,south,14.33,89,1731,1,13,0
T-120557,C-00698,2026-07-30 14:39:09,phone,returns,2,trade,south,39.82,49,1430,10,14,0
T-120558,C-00097,2026-07-30 14:48:57,email,warranty,2,home,unknown,57.42,139,2599,1,14,2
T-120559,C-00370,2026-07-30 15:08:17,phone,payment,2,home,west,46.02,97,1205,1,15,1
T-120560,C-00648,2026-07-30 15:17:06,email,payment,2,business,east,662.38,111,731,4,15,3
T-120561,C-00650,2026-07-30 15:19:28,unknown,warranty,2,trade,west,527.63,71,1513,6,15,3
T-120562,C-00720,2026-07-30 15:27:39,email,delivery,3,business,east,40.85,87,2234,2,15,0
T-120563,C-00763,2026-07-30 15:32:46,chat,delivery,2,trade,south,80.84,139,2094,8,15,1
T-120564,C-00182,2026-07-30 15:44:36,social,delivery,2,trade,west,67.29,44,2544,4,15,0
T-120565,C-00886,2026-07-30 16:02:12,chat,returns,2,business,north,60.18,52,942,30,16,3
T-120566,C-00217,2026-07-30 16:35:29,chat,delivery,2,home,west,50.5,64,2429,1,16,0
T-120567,C-00815,2026-07-30 16:48:24,email,payment,2,home,west,23.78,83,1349,1,16,0
T-120568,C-00627,2026-07-30 17:05:12,phone,returns,2,home,west,200.48,65,2435,0,17,0
T-120569,C-00282,2026-07-30 17:41:07,email,delivery,2,home,west,43.43,60,2589,0,17,0
T-120570,C-00499,2026-07-30 17:59:09,email,payment,2,home,south,110.25,26,2021,0,17,0
T-120571,C-00864,2026-07-30 18:01:49,email,returns,2,home,south,36.85,110,221,2,18,0
T-120572,C-00083,2026-07-30 18:40:37,email,payment,3,trade,south,179.03,131,1105,0,18,0
T-120573,C-00013,2026-07-30 19:32:48,web_form,delivery,2,home,north,51.07,197,627,0,19,0
T-120574,C-00270,2026-07-30 19:37:18,email,warranty,2,home,east,34.73,206,2256,0,19,0
T-120575,C-00318,2026-07-30 20:15:33,social,warranty,3,home,south,69.39,103,1391,0,20,0
T-120576,C-00650,2026-07-30 20:15:52,web_form,returns,3,trade,west,83.41,158,1513,6,20,3
T-120577,C-00177,2026-07-30 20:15:52,chat,delivery,2,business,south,999.96,85,2071,0,20,1
T-120578,C-00135,2026-07-30 21:10:51,email,account,3,trade,south,,162,1515,3,21,1
T-120579,C-00328,2026-07-30 21:29:33,social,delivery,3,home,west,61.67,110,327,0,21,0
T-120580,C-00918,2026-07-30 21:31:33,chat,delivery,2,business,south,67.45,192,2386,12,21,2
T-120581,C-00406,2026-07-30 21:32:59,chat,account,3,trade,south,,98,1107,0,21,1
T-120582,C-00601,2026-07-30 21:46:23,social,delivery,3,trade,north,64.94,65,2277,7,21,2
T-120583,C-00419,2026-07-31 07:42:32,chat,warranty,3,trade,south,228.75,82,2339,6,7,1
T-120584,C-00173,2026-07-31 07:49:38,email,warranty,2,home,north,62.93,76,602,0,7,0
T-120585,C-00677,2026-07-31 08:29:01,social,payment,3,trade,north,226.33,53,1376,22,8,7
T-120586,C-00560,2026-07-31 08:34:20,chat,warranty,2,business,south,217.02,34,2699,8,8,2
T-120587,C-00507,2026-07-31 08:36:47,chat,warranty,1,trade,south,115.48,238,1918,2,8,1
T-120588,C-00287,2026-07-31 09:03:36,web_form,delivery,3,business,west,464.93,323,1441,5,9,3
T-120589,C-00630,2026-07-31 10:12:33,email,delivery,3,trade,south,29.19,128,1092,0,10,0
T-120590,C-00963,2026-07-31 10:18:54,social,delivery,1,home,north,24.8,57,323,0,10,0
T-120591,C-00233,2026-07-31 10:39:04,social,warranty,3,home,east,88.5,40,1573,1,10,0
T-120592,C-00407,2026-07-31 11:16:34,social,account,3,trade,west,,128,1978,1,11,0
T-120593,C-00923,2026-07-31 11:21:52,email,delivery,3,home,south,159.12,79,526,0,11,0
T-120594,C-00839,2026-07-31 11:28:59,social,returns,2,home,south,39.9,99,1402,1,11,0
T-120595,C-00790,2026-07-31 12:18:56,email,account,3,home,south,,104,2090,0,12,0
T-120596,C-00368,2026-07-31 12:19:03,chat,warranty,2,home,west,52.58,140,260,0,12,0
T-120597,C-00403,2026-07-31 12:24:56,phone,delivery,1,trade,south,336.54,218,603,3,12,1
T-120598,C-00033,2026-07-31 12:27:28,email,returns,2,business,west,35.83,186,1162,7,12,1
T-120599,C-00620,2026-07-31 12:39:44,web_form,payment,2,trade,west,135.2,196,1089,9,12,3
T-120600,C-00280,2026-07-31 13:02:21,chat,returns,3,trade,east,157.84,117,1463,9,13,5
T-120601,C-00355,2026-07-31 14:06:48,email,warranty,3,trade,south,51.02,76,1695,4,14,1
T-120602,C-00144,2026-07-31 14:11:04,email,payment,2,home,north,13.25,44,1903,2,14,1
T-120603,C-00585,2026-07-31 14:12:11,email,delivery,3,business,north,134.87,53,2607,4,14,0
T-120604,C-00225,2026-07-31 14:42:39,email,delivery,3,home,south,62.85,29,1283,0,14,0
T-120605,C-00476,2026-07-31 14:58:00,social,delivery,2,trade,west,199.62,54,1961,8,14,1
T-120606,C-00162,2026-07-31 15:06:04,web_form,payment,1,home,east,38.84,121,2135,0,15,0
T-120607,C-00947,2026-07-31 15:12:36,email,returns,3,trade,south,140.07,116,1746,0,15,1
T-120608,C-00965,2026-07-31 15:39:38,email,delivery,3,trade,south,178.78,351,2255,3,15,1
T-120609,C-00029,2026-07-31 15:42:11,email,delivery,2,trade,unknown,132.82,42,778,1,15,1
T-120610,C-00855,2026-07-31 15:54:46,chat,warranty,2,trade,west,247.9,87,1652,3,15,1
T-120611,C-00780,2026-07-31 16:22:22,email,delivery,2,trade,unknown,26.86,323,1679,1,16,0
T-120612,C-00239,2026-07-31 16:56:02,social,warranty,3,trade,east,157.09,140,2648,2,16,1
T-120613,C-00832,2026-07-31 17:14:43,social,delivery,3,home,north,56.06,64,1938,0,17,0
T-120614,,2026-07-31 17:37:59,chat,returns,3,guest,unknown,94.22,67,,0,17,0
T-120615,C-00435,2026-07-31 18:10:00,chat,warranty,3,trade,west,75.5,62,825,11,18,7
T-120616,C-00645,2026-07-31 18:14:03,email,account,2,home,south,,39,1090,0,18,0
T-120617,C-00763,2026-07-31 18:16:12,web_form,delivery,3,trade,south,148.69,80,2095,8,18,1
T-120618,C-00076,2026-07-31 18:52:26,email,warranty,3,trade,north,59.82,31,950,0,18,0
T-120619,C-01000,2026-07-31 19:08:18,social,returns,3,home,west,56.81,63,2527,1,19,0
T-120620,C-00356,2026-07-31 19:43:29,chat,delivery,3,trade,west,83.61,105,313,7,19,1
T-120621,C-00900,2026-07-31 19:49:33,chat,returns,3,business,south,358.34,97,1874,9,19,5
T-120622,C-00697,2026-07-31 20:35:38,web_form,delivery,3,home,west,51.03,112,103,2,20,0
T-120623,C-00606,2026-07-31 21:10:45,email,account,2,trade,south,,89,1222,3,21,0
T-120624,C-00646,2026-07-31 21:13:56,chat,payment,2,trade,south,337.96,82,2418,0,21,0
T-120625,C-00222,2026-07-31 21:16:51,chat,delivery,3,trade,unknown,123.9,60,2424,10,21,0
T-120626,C-00194,2026-07-31 21:17:35,email,account,3,trade,west,,79,504,0,21,0
T-120627,C-00558,2026-07-31 21:24:06,email,warranty,3,home,west,62.34,93,2503,1,21,0
T-120628,C-00506,2026-07-31 21:28:32,chat,payment,3,home,east,256.92,64,460,3,21,2
T-120629,C-00560,2026-07-31 21:53:07,social,payment,1,business,south,234.58,182,2699,7,21,2
T-120630,C-00594,2026-07-31 21:53:52,email,returns,2,business,east,62.68,56,1389,1,21,1
T-120631,C-00521,2026-07-31 21:54:11,email,returns,2,trade,west,91.98,50,799,0,21,0
T-120632,C-00350,2026-07-31 21:57:09,email,warranty,3,trade,west,35.39,199,1207,0,21,0
