ticket_id,prior_escalations_90d,order_value_band,customer_escalation_rate,priority_now
T-100001,0,mid,0.0,3
T-100002,0,low,0.0541,1
T-100003,0,high,0.0333,3
T-100004,0,mid,0.2671,1
T-100005,0,none,0.1472,3
T-100006,0,none,0.0959,2
T-100007,0,mid,0.0,3
T-100008,0,mid,0.0833,2
T-100009,0,mid,0.1515,2
T-100010,0,mid,0.1818,2
T-100011,0,mid,0.0,3
T-100012,0,low,0.1746,3
T-100013,0,mid,0.0333,2
T-100014,0,none,0.1169,3
T-100015,1,high,0.2671,3
T-100016,0,mid,0.0345,2
T-100017,0,mid,0.0471,3
T-100018,0,low,0.08,3
T-100019,0,high,0.0909,1
T-100020,0,none,0.0471,2
T-100021,0,low,0.0,3
T-100022,0,mid,0.1074,3
T-100023,0,mid,0.0659,1
T-100024,0,none,0.213,1
T-100025,0,mid,0.0,3
T-100026,0,mid,0.2899,3
T-100027,0,high,0.1429,1
T-100028,0,low,0.2208,2
T-100029,0,mid,0.0,3
T-100030,0,mid,0.1015,1
T-100031,0,mid,0.0519,3
T-100032,0,none,0.1111,2
T-100033,0,low,0.1034,2
T-100034,0,low,0.1074,3
T-100035,0,mid,0.3578,1
T-100036,0,mid,0.1277,3
T-100037,0,low,0.0759,2
T-100038,0,low,0.0851,1
T-100039,0,low,0.1081,2
T-100040,0,mid,0.0571,3
T-100041,0,high,0.0938,1
T-100042,0,mid,0.3401,1
T-100043,1,mid,0.2671,1
T-100044,0,low,0.1429,3
T-100045,0,none,0.1364,2
T-100046,0,high,0.213,1
T-100047,0,mid,0.0411,3
T-100048,0,none,0.0455,3
T-100049,0,mid,,2
T-100050,1,mid,0.3401,3
T-100051,0,none,0.213,2
T-100052,0,mid,0.1667,2
T-100053,0,high,0.1778,2
T-100054,0,high,0.1015,3
T-100055,0,mid,0.213,3
T-100056,0,none,0.1074,3
T-100057,0,none,0.4286,2
T-100058,0,mid,0.0659,3
T-100059,0,mid,0.2,2
T-100060,0,low,0.1304,1
T-100061,0,high,0.0323,2
T-100062,0,low,0.0935,3
T-100063,0,none,0.0659,3
T-100064,0,low,0.1333,2
T-100065,0,mid,0.0,3
T-100066,0,mid,0.0417,3
T-100067,0,mid,0.0303,1
T-100068,0,mid,0.0959,3
T-100069,0,none,0.1011,3
T-100070,0,mid,0.0455,3
T-100071,0,mid,0.125,2
T-100072,0,mid,0.125,3
T-100073,0,mid,0.1849,3
T-100074,0,high,0.0263,1
T-100075,0,mid,0.0773,1
T-100076,0,mid,0.1015,2
T-100077,0,low,0.2899,1
T-100078,0,mid,0.0,2
T-100079,0,mid,0.2381,2
T-100080,0,low,0.0435,3
T-100081,0,high,0.3896,3
T-100082,0,low,0.0417,1
T-100083,0,low,0.0,2
T-100084,0,high,0.1111,3
T-100085,0,low,0.0893,3
T-100086,0,mid,0.3125,1
T-100087,0,mid,0.125,2
T-100088,0,mid,0.1472,2
T-100089,0,high,0.1064,2
T-100090,0,mid,0.15,1
T-100091,0,mid,0.0759,3
T-100092,0,none,0.0,3
T-100093,0,high,0.2121,1
T-100094,0,none,0.0909,3
T-100095,0,mid,0.0385,3
T-100096,0,mid,,3
T-100097,0,low,0.0476,3
T-100098,0,low,0.0345,3
T-100099,0,mid,0.1818,3
T-100100,0,mid,0.1316,1
T-100101,0,none,0.0935,3
T-100102,0,none,0.0,3
T-100103,0,mid,0.1472,2
T-100104,0,mid,0.1429,2
T-100105,0,low,0.163,2
T-100106,0,low,0.1039,2
T-100107,0,none,0.1081,3
T-100108,0,high,0.3125,1
T-100109,0,mid,0.0385,3
T-100110,0,mid,0.1074,2
T-100111,1,mid,0.0773,2
T-100112,0,mid,0.069,1
T-100113,0,low,0.037,3
T-100114,0,mid,0.0959,3
T-100115,0,high,0.0403,1
T-100116,0,none,0.0,3
T-100117,0,mid,0.0588,3
T-100118,0,mid,0.163,2
T-100119,0,mid,0.0,3
T-100120,0,mid,0.3896,1
T-100121,0,high,0.1355,1
T-100122,0,low,0.0339,3
T-100123,1,low,0.0773,3
T-100124,0,none,0.0959,2
T-100125,0,mid,0.1654,2
T-100126,0,mid,0.1196,3
T-100127,0,mid,0.1333,1
T-100128,0,high,0.0526,2
T-100129,1,mid,0.0403,1
T-100130,0,none,0.2027,2
T-100131,1,mid,0.0403,3
T-100132,0,mid,0.0,1
T-100133,1,none,0.2671,1
T-100134,0,low,0.0893,3
T-100135,0,mid,0.0,1
T-100136,0,mid,0.125,1
T-100137,0,high,0.12,2
T-100138,0,none,0.1379,2
T-100139,0,mid,0.0976,3
T-100140,0,none,0.0659,2
T-100141,0,low,0.0,2
T-100142,0,none,0.1739,3
T-100143,0,low,0.1667,3
T-100144,0,mid,0.12,3
T-100145,0,mid,0.0471,2
T-100146,0,mid,0.0781,2
T-100147,0,none,0.1905,2
T-100148,0,mid,0.1579,1
T-100149,0,none,0.0,2
T-100150,0,high,0.0519,3
T-100151,0,mid,0.1311,3
T-100152,0,mid,0.05,3
T-100153,0,low,0.0588,3
T-100154,0,mid,0.1176,2
T-100155,1,high,0.3401,1
T-100156,0,high,0.0337,1
T-100157,0,none,0.0784,3
T-100158,0,mid,0.1333,3
T-100159,0,low,0.0,2
T-100160,0,mid,0.0938,2
T-100161,0,mid,0.2308,1
T-100162,0,none,0.1667,2
T-100163,0,none,0.0755,3
T-100164,0,mid,0.0566,3
T-100165,0,mid,0.05,3
T-100166,0,low,0.0,3
T-100167,0,mid,0.1015,3
T-100168,0,low,0.0303,2
T-100169,0,mid,0.1654,2
T-100170,0,low,0.1429,3
T-100171,0,mid,0.0938,1
T-100172,0,mid,0.0952,3
T-100173,0,mid,0.0455,3
T-100174,0,high,0.0541,1
T-100175,0,none,0.1074,3
T-100176,0,mid,0.25,1
T-100177,0,mid,0.0,3
T-100178,0,high,0.25,1
T-100179,0,high,0.05,1
T-100180,0,mid,0.2,2
T-100181,0,mid,0.1556,2
T-100182,0,low,0.1176,1
T-100183,0,mid,0.1159,1
T-100184,0,mid,0.0,3
T-100185,0,high,0.15,3
T-100186,0,mid,0.0333,3
T-100187,0,mid,0.0,2
T-100188,0,low,0.0,1
T-100189,0,low,0.1074,3
T-100190,0,low,0.0,3
T-100191,0,low,0.0,3
T-100192,0,mid,,2
T-100193,1,mid,0.213,2
T-100194,0,mid,0.0,2
T-100195,0,high,0.1011,3
T-100196,0,high,0.25,1
T-100197,0,high,0.3125,3
T-100198,0,low,0.0,3
T-100199,2,mid,0.2671,3
T-100200,0,low,0.0,3
T-100201,0,mid,,3
T-100202,1,mid,0.0337,3
T-100203,0,low,0.2208,2
T-100204,1,none,0.3125,2
T-100205,0,mid,0.1074,3
T-100206,0,high,0.0385,3
T-100207,0,high,0.0,2
T-100208,0,high,0.0645,3
T-100209,0,mid,0.338,1
T-100210,0,high,0.0471,2
T-100211,0,low,0.0,2
T-100212,0,mid,0.0,2
T-100213,0,high,0.1176,2
T-100214,0,none,0.0,3
T-100215,0,mid,0.0759,3
T-100216,0,mid,0.1667,2
T-100217,0,mid,0.0357,1
T-100218,0,high,0.2899,2
T-100219,0,low,0.1111,1
T-100220,0,mid,0.1429,2
T-100221,0,mid,0.0385,3
T-100222,1,none,0.338,3
T-100223,0,low,0.0,2
T-100224,0,low,0.0588,2
T-100225,0,low,0.1654,1
T-100226,0,mid,0.1849,2
T-100227,2,low,0.0403,3
T-100228,1,mid,0.338,1
T-100229,0,low,0.1654,2
T-100230,1,mid,0.0773,3
T-100231,0,low,0.0,3
T-100232,0,low,0.1667,1
T-100233,0,low,0.0741,3
T-100234,0,low,0.1875,1
T-100235,0,mid,0.1277,1
T-100236,1,none,0.0337,1
T-100237,0,none,0.0952,2
T-100238,0,low,0.1429,2
T-100239,0,mid,0.2027,1
T-100240,1,mid,0.338,2
T-100241,0,high,0.1746,2
T-100242,0,low,0.0723,2
T-100243,0,none,0.0,2
T-100244,0,high,0.1472,3
T-100245,0,mid,0.1417,2
T-100246,2,mid,0.0403,3
T-100247,0,low,0.0556,2
T-100248,0,mid,0.0526,3
T-100249,0,low,0.1978,3
T-100250,0,low,0.1778,3
T-100251,0,mid,0.0,3
T-100252,1,mid,0.0773,2
T-100253,0,high,0.0476,3
T-100254,0,low,0.1771,1
T-100255,0,none,0.1412,2
T-100256,0,low,0.1739,1
T-100257,0,mid,0.1746,3
T-100258,0,mid,0.2174,2
T-100259,0,none,0.3478,1
T-100260,1,low,0.0773,3
T-100261,0,low,0.04,3
T-100262,0,high,0.2899,3
T-100263,0,none,0.0333,3
T-100264,0,mid,0.1746,1
T-100265,0,high,0.1765,2
T-100266,0,mid,0.0625,2
T-100267,1,mid,0.1771,1
T-100268,0,mid,0.12,3
T-100269,0,high,0.1654,1
T-100270,0,high,0.0333,3
T-100271,0,mid,0.1481,3
T-100272,1,mid,0.1746,1
T-100273,0,low,0.1071,3
T-100274,0,mid,0.1216,2
T-100275,0,high,0.1429,3
T-100276,0,none,0.0783,3
T-100277,0,mid,0.1667,2
T-100278,0,mid,0.2208,3
T-100279,1,low,0.2121,1
T-100280,0,none,0.12,3
T-100281,0,mid,0.1111,3
T-100282,0,none,0.0294,3
T-100283,0,mid,0.1538,3
T-100284,0,low,0.0741,3
T-100285,0,none,0.3333,2
T-100286,1,none,0.1176,3
T-100287,0,mid,0.1143,2
T-100288,2,low,0.2671,3
T-100289,0,mid,0.125,3
T-100290,0,mid,0.0,3
T-100291,1,low,0.213,2
T-100292,0,mid,0.1074,3
T-100293,0,mid,0.0,1
T-100294,0,none,0.0,2
T-100295,0,low,0.0455,3
T-100296,1,none,0.213,1
T-100297,0,none,0.1579,2
T-100298,0,none,0.1011,3
T-100299,0,mid,0.0783,2
T-100300,1,mid,0.1355,3
T-100301,0,low,0.0976,2
T-100302,0,mid,0.1111,2
T-100303,0,high,0.1143,1
T-100304,0,mid,0.1481,1
T-100305,0,high,0.0333,1
T-100306,0,mid,0.0783,3
T-100307,0,mid,0.0976,3
T-100308,0,low,0.0893,2
T-100309,0,mid,0.1417,3
T-100310,0,mid,0.1074,2
T-100311,0,mid,0.0333,3
T-100312,0,mid,0.0833,1
T-100313,0,none,0.16,2
T-100314,1,high,0.1333,3
T-100315,0,low,0.1412,2
T-100316,0,none,0.2195,3
T-100317,0,low,0.037,3
T-100318,2,mid,0.338,1
T-100319,0,mid,0.1429,3
T-100320,0,none,0.0,3
T-100321,1,mid,0.3125,2
T-100322,0,mid,0.0541,3
T-100323,1,high,0.1654,3
T-100324,0,mid,0.1515,1
T-100325,0,mid,0.05,3
T-100326,0,low,0.0784,1
T-100327,0,high,0.129,1
T-100328,0,high,0.0556,2
T-100329,2,mid,0.2671,1
T-100330,1,mid,0.1316,2
T-100331,0,low,0.0263,3
T-100332,1,none,0.0851,1
T-100333,0,mid,0.3578,1
T-100334,1,none,0.1875,2
T-100335,0,mid,0.0659,2
T-100336,0,high,0.1818,3
T-100337,0,low,0.0303,2
T-100338,0,low,0.1,3
T-100339,0,mid,0.0,2
T-100340,0,mid,0.1481,2
T-100341,0,none,0.1299,2
T-100342,0,high,0.1071,3
T-100343,0,none,0.3333,2
T-100344,0,low,0.0339,3
T-100345,0,low,0.0541,3
T-100346,0,low,0.1472,2
T-100347,0,low,0.0294,3
T-100348,0,low,0.0,1
T-100349,0,low,0.1,3
T-100350,0,mid,0.1074,2
T-100351,0,mid,0.0,3
T-100352,0,mid,0.0,3
T-100353,0,low,0.0659,1
T-100354,0,low,0.0,1
T-100355,0,none,0.0909,2
T-100356,0,mid,0.1429,2
T-100357,1,mid,0.0773,3
T-100358,0,mid,0.0,2
T-100359,0,low,0.3333,1
T-100360,0,mid,0.0,2
T-100361,0,mid,0.0588,3
T-100362,0,mid,0.2128,2
T-100363,0,low,0.0,3
T-100364,0,mid,0.0,3
T-100365,0,mid,0.1714,1
T-100366,1,mid,0.0773,3
T-100367,1,mid,0.0938,1
T-100368,0,mid,0.1015,3
T-100369,0,mid,0.1481,3
T-100370,0,none,0.1333,3
T-100371,0,low,0.1923,1
T-100372,0,mid,0.1429,3
T-100373,0,mid,0.1034,2
T-100374,1,mid,0.0773,3
T-100375,0,low,0.0,3
T-100376,0,mid,0.0,2
T-100377,0,high,0.1481,1
T-100378,0,mid,0.0571,2
T-100379,0,low,0.0,1
T-100380,0,high,0.1127,3
T-100381,0,low,0.0,1
T-100382,0,high,0.1538,1
T-100383,0,high,0.1015,1
T-100384,1,mid,0.213,3
T-100385,0,low,0.0723,1
T-100386,0,low,0.0,3
T-100387,0,high,0.1216,3
T-100388,1,mid,0.1739,3
T-100389,0,none,0.1447,2
T-100390,1,mid,0.0337,1
T-100391,0,low,0.0833,3
T-100392,1,low,0.0851,2
T-100393,1,high,0.1176,3
T-100394,1,mid,0.1176,2
T-100395,0,low,0.0,2
T-100396,0,mid,0.0935,3
T-100397,0,none,0.2174,3
T-100398,0,none,0.0588,3
T-100399,1,low,0.1654,1
T-100400,0,low,0.0781,3
T-100401,0,mid,0.0759,3
T-100402,0,high,0.0333,3
T-100403,0,low,0.0,3
T-100404,1,mid,0.0773,2
T-100405,0,mid,0.1417,3
T-100406,0,low,0.0,3
T-100407,1,mid,0.0337,2
T-100408,0,mid,0.1277,3
T-100409,0,mid,0.2208,3
T-100410,0,mid,0.0625,2
T-100411,0,mid,0.1074,2
T-100412,0,high,0.1447,3
T-100413,0,low,0.0,3
T-100414,0,low,0.0345,1
T-100415,0,mid,0.04,1
T-100416,0,mid,0.2,2
T-100417,0,high,0.163,3
T-100418,0,low,0.1447,1
T-100419,0,mid,0.1074,3
T-100420,0,high,0.0,1
T-100421,0,none,0.0294,3
T-100422,0,low,0.0,3
T-100423,0,mid,0.1978,1
T-100424,1,mid,0.1143,3
T-100425,0,none,0.0833,2
T-100426,0,low,0.0755,3
T-100427,0,mid,0.0385,3
T-100428,0,none,0.125,3
T-100429,0,mid,0.0759,2
T-100430,0,mid,0.1472,1
T-100431,0,low,0.0,3
T-100432,2,mid,0.0403,2
T-100433,0,none,0.0476,2
T-100434,0,mid,0.1472,2
T-100435,0,high,0.0783,3
T-100436,2,high,0.1746,2
T-100437,0,mid,0.1053,1
T-100438,0,low,0.0392,1
T-100439,0,high,0.1417,3
T-100440,0,none,0.0333,3
T-100441,0,mid,0.0783,3
T-100442,0,low,0.0,3
T-100443,0,low,0.1071,1
T-100444,3,high,0.2671,2
T-100445,1,mid,0.0851,3
T-100446,0,mid,0.1765,3
T-100447,0,none,0.0323,3
T-100448,0,mid,0.0333,2
T-100449,0,mid,0.1429,1
T-100450,0,mid,0.0,1
T-100451,0,low,0.0667,1
T-100452,0,mid,0.1765,3
T-100453,0,low,0.0,2
T-100454,0,mid,0.0781,3
T-100455,1,mid,0.1355,2
T-100456,1,none,0.213,1
T-100457,0,mid,0.1196,3
T-100458,0,mid,0.0,3
T-100459,0,low,0.4286,2
T-100460,0,mid,0.0755,1
T-100461,0,low,0.1923,3
T-100462,1,none,0.3896,3
T-100463,0,mid,0.0,3
T-100464,0,low,0.0935,3
T-100465,0,mid,0.2195,1
T-100466,0,mid,0.1472,1
T-100467,0,low,0.2,3
T-100468,0,low,0.0556,1
T-100469,1,low,0.0392,1
T-100470,0,high,0.0,3
T-100471,0,high,0.1538,3
T-100472,0,low,0.0,2
T-100473,2,mid,0.213,3
T-100474,0,none,0.3578,3
T-100475,3,none,0.338,3
T-100476,1,mid,0.1481,2
T-100477,0,mid,0.0781,2
T-100478,0,none,0.0476,1
T-100479,0,high,0.1111,1
T-100480,0,high,0.0303,2
T-100481,0,low,0.0588,1
T-100482,0,mid,0.0471,3
T-100483,0,low,0.1472,2
T-100484,0,mid,0.1667,1
T-100485,0,mid,0.3578,3
T-100486,0,low,0.2,3
T-100487,0,low,0.1417,3
T-100488,0,mid,0.3061,1
T-100489,0,none,0.1429,3
T-100490,0,none,0.0345,3
T-100491,0,high,0.0,2
T-100492,0,mid,0.0541,1
T-100493,0,mid,0.0566,3
T-100494,0,mid,0.1852,3
T-100495,0,none,0.1429,2
T-100496,0,low,0.087,1
T-100497,1,mid,0.0337,3
T-100498,0,mid,0.0,2
T-100499,1,low,0.1355,2
T-100500,0,mid,0.0588,3
T-100501,0,mid,0.0455,3
T-100502,0,mid,0.0833,3
T-100503,0,mid,0.0,2
T-100504,0,none,0.0,1
T-100505,1,low,0.1481,2
T-100506,0,low,0.3125,1
T-100507,0,low,0.0625,3
T-100508,1,mid,0.0773,2
T-100509,2,high,0.2121,1
T-100510,0,high,0.0541,2
T-100511,0,mid,0.05,3
T-100512,1,mid,0.1015,3
T-100513,1,mid,0.1176,2
T-100514,0,low,0.0303,2
T-100515,0,high,0.1429,1
T-100516,0,mid,0.0,3
T-100517,0,low,0.0667,2
T-100518,0,low,0.0455,2
T-100519,0,mid,0.0541,3
T-100520,0,high,0.1417,3
T-100521,0,mid,0.1,1
T-100522,0,none,0.0,1
T-100523,1,mid,0.15,3
T-100524,1,mid,0.1316,3
T-100525,1,none,0.2195,3
T-100526,1,mid,0.0556,3
T-100527,0,mid,0.0952,3
T-100528,0,mid,0.1169,2
T-100529,0,mid,0.1429,1
T-100530,0,low,0.0,1
T-100531,0,low,0.1196,3
T-100532,0,mid,0.0,2
T-100533,0,none,0.125,1
T-100534,0,mid,0.2812,2
T-100535,0,none,0.125,3
T-100536,0,high,0.0385,2
T-100537,2,none,0.1771,1
T-100538,0,none,0.3061,3
T-100539,0,mid,0.0411,2
T-100540,0,mid,0.1159,2
T-100541,0,low,0.1818,2
T-100542,1,high,0.1667,2
T-100543,0,mid,0.1538,1
T-100544,0,mid,0.0323,3
T-100545,0,low,0.0,3
T-100546,0,low,0.1053,2
T-100547,1,low,0.3125,1
T-100548,0,mid,0.1111,2
T-100549,0,mid,0.2899,3
T-100550,0,mid,0.163,3
T-100551,0,low,0.1765,3
T-100552,0,low,0.0,3
T-100553,2,mid,0.1771,1
T-100554,0,mid,0.0455,3
T-100555,0,none,0.2308,3
T-100556,0,mid,0.0,1
T-100557,0,mid,0.0781,2
T-100558,1,mid,0.1333,3
T-100559,0,mid,0.0659,2
T-100560,0,low,,2
T-100561,0,low,0.0,3
T-100562,0,low,0.1071,1
T-100563,0,mid,0.2027,3
T-100564,1,none,0.1176,3
T-100565,0,mid,0.0789,1
T-100566,0,low,0.0909,1
T-100567,0,mid,0.1081,3
T-100568,0,mid,0.0645,2
T-100569,0,low,0.1,1
T-100570,2,mid,0.213,3
T-100571,0,mid,0.1364,3
T-100572,0,low,0.2381,3
T-100573,0,mid,0.0385,3
T-100574,0,mid,0.0566,2
T-100575,0,mid,0.3684,2
T-100576,0,none,0.125,3
T-100577,0,mid,0.0659,3
T-100578,0,mid,0.0,2
T-100579,0,mid,0.0783,1
T-100580,1,mid,0.15,2
T-100581,1,low,0.3125,1
T-100582,0,low,0.0,3
T-100583,0,none,0.1111,3
T-100584,0,mid,0.1417,3
T-100585,1,high,0.129,2
T-100586,1,mid,0.0337,1
T-100587,0,mid,0.0976,3
T-100588,0,mid,0.1176,2
T-100589,0,low,0.0411,2
T-100590,0,mid,0.1667,2
T-100591,0,low,0.1579,3
T-100592,1,mid,0.15,3
T-100593,0,none,0.0526,2
T-100594,0,none,0.0,2
T-100595,0,mid,0.125,1
T-100596,0,mid,0.0417,3
T-100597,0,none,0.1159,3
T-100598,0,low,0.1818,3
T-100599,2,low,0.1746,1
T-100600,0,low,0.163,2
T-100601,2,low,0.0938,3
T-100602,0,mid,0.0541,3
T-100603,0,mid,0.3125,2
T-100604,0,high,0.1196,3
T-100605,0,high,0.0323,3
T-100606,0,high,0.1389,1
T-100607,0,low,0.0476,3
T-100608,0,low,0.163,3
T-100609,1,mid,0.1447,3
T-100610,0,mid,0.069,3
T-100611,3,mid,0.338,3
T-100612,0,mid,0.1412,2
T-100613,0,mid,0.2308,2
T-100614,2,mid,0.213,2
T-100615,1,mid,0.1316,3
T-100616,0,none,0.0,1
T-100617,0,none,0.1053,3
T-100618,1,mid,0.0337,3
T-100619,2,mid,0.3125,2
T-100620,0,low,0.0,1
T-100621,0,none,0.1074,3
T-100622,0,low,0.0,3
T-100623,0,mid,,1
T-100624,0,none,0.0769,3
T-100625,2,mid,0.3401,1
T-100626,1,mid,0.1015,1
T-100627,1,high,0.1333,3
T-100628,0,high,0.1064,1
T-100629,1,mid,0.1316,2
T-100630,0,none,0.1818,1
T-100631,3,mid,0.338,2
T-100632,0,mid,0.0638,1
T-100633,0,low,0.0,2
T-100634,3,mid,0.2671,1
T-100635,0,high,0.15,3
T-100636,0,low,0.0976,3
T-100637,0,mid,0.1818,1
T-100638,0,mid,0.0566,2
T-100639,0,mid,0.0,1
T-100640,0,low,0.0,3
T-100641,1,mid,0.0851,3
T-100642,0,low,0.2083,1
T-100643,0,mid,0.1127,2
T-100644,0,low,0.0345,2
T-100645,1,mid,0.1316,1
T-100646,0,low,0.1852,1
T-100647,0,low,0.2381,1
T-100648,3,mid,0.338,3
T-100649,0,high,0.5,2
T-100650,1,mid,0.1429,1
T-100651,1,mid,0.1481,3
T-100652,0,low,0.1081,1
T-100653,0,low,0.3333,1
T-100654,3,high,0.338,2
T-100655,3,high,0.2121,3
T-100656,0,mid,0.2,3
T-100657,0,none,0.0,1
T-100658,3,mid,0.2671,3
T-100659,1,mid,0.1316,3
T-100660,2,mid,0.0403,3
T-100661,0,high,0.1169,3
T-100662,0,mid,0.0,1
T-100663,0,none,0.0959,2
T-100664,1,mid,0.0851,3
T-100665,1,none,0.3578,3
T-100666,0,mid,0.1159,3
T-100667,2,low,0.3401,1
T-100668,0,mid,0.1429,3
T-100669,0,mid,0.0625,1
T-100670,0,none,0.1216,2
T-100671,1,mid,0.1538,1
T-100672,1,mid,0.1538,2
T-100673,1,low,0.15,2
T-100674,1,none,0.2308,3
T-100675,3,mid,0.1771,2
T-100676,1,low,0.0784,1
T-100677,1,low,0.1,1
T-100678,2,mid,0.1429,3
T-100679,0,none,,3
T-100680,0,none,0.0333,2
T-100681,0,mid,0.0,2
T-100682,0,low,0.0952,3
T-100683,1,mid,0.1538,3
T-100684,0,low,0.0455,3
T-100685,1,low,0.0345,3
T-100686,0,none,0.3881,3
T-100687,0,none,0.1039,3
T-100688,1,mid,0.1355,2
T-100689,0,none,0.1667,2
T-100690,3,mid,0.338,2
T-100691,0,low,0.3846,1
T-100692,0,mid,0.0526,3
T-100693,0,mid,0.0,2
T-100694,0,low,0.0759,1
T-100695,2,mid,0.1472,2
T-100696,0,none,0.1667,2
T-100697,1,low,0.04,1
T-100698,0,mid,0.0303,2
T-100699,0,mid,0.0476,1
T-100700,1,mid,0.1818,1
T-100701,0,mid,0.2093,3
T-100702,0,mid,0.1216,2
T-100703,0,mid,0.0714,1
T-100704,1,mid,0.1714,3
T-100705,0,high,,1
T-100706,1,mid,0.1515,3
T-100707,2,mid,0.1654,3
T-100708,1,mid,0.15,3
T-100709,1,none,0.1481,1
T-100710,0,low,0.0,2
T-100711,0,mid,0.0,3
T-100712,1,mid,0.3578,2
T-100713,1,none,0.15,1
T-100714,0,none,0.0588,3
T-100715,3,mid,0.1771,1
T-100716,1,high,0.2308,3
T-100717,0,mid,0.0959,2
T-100718,0,low,0.1216,2
T-100719,0,none,0.2899,3
T-100720,0,low,0.1429,1
T-100721,0,mid,0.0488,2
T-100722,0,mid,0.1923,2
T-100723,0,mid,0.1176,3
T-100724,3,none,0.1771,2
T-100725,0,mid,0.1364,3
T-100726,1,mid,0.1447,3
T-100727,0,mid,0.0781,2
T-100728,0,mid,0.125,1
T-100729,0,high,0.1311,3
T-100730,0,high,0.0,3
T-100731,0,none,0.0714,3
T-100732,0,mid,0.1556,3
T-100733,0,high,0.0411,3
T-100734,0,mid,0.0,1
T-100735,1,mid,0.1176,3
T-100736,1,mid,0.0667,1
T-100737,0,high,0.0759,1
T-100738,0,high,0.1556,3
T-100739,0,high,0.1127,3
T-100740,1,none,0.1015,3
T-100741,0,none,0.1074,3
T-100742,0,mid,0.163,1
T-100743,0,mid,0.1379,2
T-100744,0,high,0.0,2
T-100745,1,high,0.1429,2
T-100746,0,mid,0.0,1
T-100747,0,low,0.3,3
T-100748,0,low,0.1538,1
T-100749,0,low,0.25,3
T-100750,0,mid,0.0,3
T-100751,0,mid,0.0645,3
T-100752,0,low,0.0,3
T-100753,0,mid,0.2812,1
T-100754,1,mid,0.125,1
T-100755,0,mid,0.1667,1
T-100756,2,mid,0.213,3
T-100757,0,low,0.1039,3
T-100758,0,low,0.1111,3
T-100759,2,none,0.1746,1
T-100760,0,high,0.0909,1
T-100761,1,mid,0.1304,3
T-100762,0,high,0.0323,2
T-100763,2,high,0.1654,1
T-100764,0,high,0.2778,1
T-100765,0,low,0.1849,2
T-100766,0,mid,0.0339,3
T-100767,0,high,0.125,3
T-100768,0,low,0.1412,3
T-100769,0,none,0.1429,2
T-100770,0,mid,0.129,2
T-100771,0,mid,0.05,1
T-100772,0,none,0.0833,3
T-100773,0,high,0.0,2
T-100774,1,mid,0.0,2
T-100775,0,low,0.2059,3
T-100776,0,mid,0.0541,3
T-100777,0,mid,0.0,1
T-100778,0,mid,0.0385,2
T-100779,0,high,0.1074,1
T-100780,0,low,0.0323,1
T-100781,0,mid,0.1299,3
T-100782,3,mid,0.338,1
T-100783,2,mid,0.1746,3
T-100784,0,mid,0.0,3
T-100785,3,mid,0.338,1
T-100786,0,mid,0.1556,3
T-100787,0,low,0.1,1
T-100788,0,mid,0.0,2
T-100789,0,mid,0.1765,1
T-100790,0,low,0.1169,3
T-100791,1,high,0.3061,1
T-100792,0,none,0.1277,2
T-100793,1,mid,0.2195,2
T-100794,0,mid,0.08,3
T-100795,1,mid,0.163,2
T-100796,1,high,0.1333,2
T-100797,1,mid,0.1515,3
T-100798,0,mid,0.0,3
T-100799,2,high,0.1472,3
T-100800,0,mid,0.0333,3
T-100801,1,mid,0.3333,1
T-100802,0,mid,0.0,2
T-100803,0,mid,0.0759,2
T-100804,2,mid,0.1746,1
T-100805,0,mid,0.0,2
T-100806,0,high,0.0759,1
T-100807,2,low,0.213,1
T-100808,0,none,,2
T-100809,0,none,0.0893,3
T-100810,0,mid,0.1111,3
T-100811,0,none,,1
T-100812,1,mid,0.1,2
T-100813,0,mid,0.0339,3
T-100814,0,mid,0.0645,2
T-100815,0,mid,0.0,3
T-100816,0,none,0.1333,2
T-100817,1,mid,0.1333,3
T-100818,0,low,0.1053,2
T-100819,0,high,0.2,2
T-100820,0,mid,0.0723,3
T-100821,0,mid,0.0519,2
T-100822,1,mid,0.1074,2
T-100823,0,none,0.0333,3
T-100824,0,high,0.05,3
T-100825,0,low,0.0333,2
T-100826,1,none,0.0392,3
T-100827,1,mid,0.1355,2
T-100828,1,mid,0.3578,3
T-100829,5,none,0.338,3
T-100830,0,mid,0.0303,3
T-100831,0,low,,3
T-100832,0,low,0.0893,2
T-100833,0,high,0.1071,1
T-100834,1,mid,0.0773,1
T-100835,1,none,0.1875,2
T-100836,0,low,0.12,1
T-100837,0,mid,0.1852,3
T-100838,0,low,0.1818,3
T-100839,0,low,0.037,2
T-100840,1,mid,0.0638,2
T-100841,0,high,0.0,2
T-100842,1,mid,0.0755,1
T-100843,1,high,0.2308,3
T-100844,1,mid,0.2308,3
T-100845,1,low,0.163,1
T-100846,0,high,0.0938,3
T-100847,2,mid,0.0773,3
T-100848,2,low,0.1472,3
T-100849,1,high,0.1015,1
T-100850,0,mid,0.0926,3
T-100851,1,mid,0.1081,3
T-100852,0,none,0.0,2
T-100853,0,high,0.1039,2
T-100854,1,low,0.1429,2
T-100855,0,none,0.2899,3
T-100856,5,mid,0.338,1
T-100857,1,mid,0.1316,3
T-100858,2,low,0.1746,2
T-100859,0,mid,0.0,2
T-100860,3,low,0.3401,3
T-100861,0,none,0.1111,3
T-100862,2,low,0.1429,3
T-100863,0,mid,0.1849,1
T-100864,1,low,0.0588,3
T-100865,0,mid,0.1579,1
T-100866,1,high,0.1429,3
T-100867,0,mid,0.1159,2
T-100868,0,high,0.0333,3
T-100869,0,mid,0.0659,3
T-100870,0,mid,0.1849,1
T-100871,0,low,0.0741,3
T-100872,0,high,0.0959,3
T-100873,2,mid,0.1818,2
T-100874,1,mid,0.1111,3
T-100875,0,mid,0.1923,3
T-100876,0,none,0.0,1
T-100877,0,low,0.0,3
T-100878,1,high,0.2812,1
T-100879,0,none,0.0625,3
T-100880,0,mid,0.2857,1
T-100881,0,low,0.1429,3
T-100882,1,low,0.0392,2
T-100883,0,low,0.0333,2
T-100884,0,low,0.1667,2
T-100885,1,mid,0.1515,2
T-100886,0,low,0.0,3
T-100887,2,mid,0.1654,3
T-100888,0,high,0.1111,1
T-100889,0,mid,0.1556,3
T-100890,0,low,0.1667,2
T-100891,0,mid,0.0781,3
T-100892,0,mid,0.125,3
T-100893,3,mid,0.213,1
T-100894,0,low,,1
T-100895,0,none,0.1277,2
T-100896,1,high,0.1074,1
T-100897,0,none,0.125,3
T-100898,0,high,0.3,2
T-100899,1,low,0.0851,1
T-100900,0,mid,0.0,2
T-100901,0,mid,0.0769,1
T-100902,3,mid,0.2121,1
T-100903,2,high,0.1818,2
T-100904,2,high,0.0773,3
T-100905,0,high,0.2,1
T-100906,1,none,0.0783,2
T-100907,0,mid,0.05,3
T-100908,0,mid,0.1429,1
T-100909,2,mid,0.0403,2
T-100910,2,high,0.163,2
T-100911,0,mid,0.1412,3
T-100912,1,low,0.15,3
T-100913,0,mid,0.2027,3
T-100914,0,mid,0.1081,3
T-100915,0,none,0.0,2
T-100916,0,high,0.0,2
T-100917,0,mid,0.0659,1
T-100918,1,none,0.12,3
T-100919,0,mid,0.0,2
T-100920,0,mid,0.1053,3
T-100921,0,none,0.0471,3
T-100922,1,none,0.0337,3
T-100923,0,low,0.1311,1
T-100924,0,mid,0.087,3
T-100925,1,mid,0.1447,2
T-100926,0,mid,0.1417,3
T-100927,0,low,0.2381,1
T-100928,0,mid,0.2,2
T-100929,0,mid,0.0556,1
T-100930,2,none,0.3061,1
T-100931,0,high,0.3881,3
T-100932,0,mid,0.1011,3
T-100933,1,mid,0.0789,2
T-100934,0,mid,0.0,3
T-100935,0,high,0.0,3
T-100936,1,high,0.0789,3
T-100937,0,low,0.3881,2
T-100938,0,low,0.1277,2
T-100939,2,high,0.1074,2
T-100940,2,none,0.1015,3
T-100941,0,low,0.1,1
T-100942,2,low,0.1074,1
T-100943,6,high,0.338,1
T-100944,0,mid,0.0435,3
T-100945,1,mid,0.1355,2
T-100946,0,low,0.0471,3
T-100947,1,mid,0.1579,1
T-100948,0,mid,0.0667,3
T-100949,0,none,0.0741,3
T-100950,1,high,0.0759,3
T-100951,4,mid,0.2671,1
T-100952,1,high,0.1849,1
T-100953,0,none,0.1064,3
T-100954,1,low,0.0638,2
T-100955,0,mid,0.0,2
T-100956,1,high,0.1355,3
T-100957,0,mid,0.0,2
T-100958,0,mid,0.375,1
T-100959,0,mid,0.125,1
T-100960,0,none,0.0667,1
T-100961,0,mid,0.3881,1
T-100962,1,none,0.0759,3
T-100963,0,none,0.2027,3
T-100964,0,mid,0.0625,3
T-100965,1,mid,0.1429,3
T-100966,1,mid,0.0759,3
T-100967,1,high,0.1355,3
T-100968,0,none,0.1818,1
T-100969,0,none,0.05,3
T-100970,1,mid,0.1064,3
T-100971,0,mid,0.0455,3
T-100972,0,mid,0.1538,3
T-100973,0,mid,0.0659,3
T-100974,1,mid,0.1515,2
T-100975,2,mid,0.1074,2
T-100976,0,mid,0.0659,3
T-100977,1,mid,0.0789,2
T-100978,7,high,0.338,1
T-100979,0,low,0.2727,1
T-100980,2,low,0.2812,1
T-100981,0,mid,0.0,2
T-100982,0,low,0.125,3
T-100983,0,mid,0.0,1
T-100984,0,low,0.1923,2
T-100985,1,high,0.1447,3
T-100986,0,low,0.0,3
T-100987,2,none,0.0403,3
T-100988,0,low,0.0435,2
T-100989,0,mid,0.0,2
T-100990,0,high,0.1765,2
T-100991,1,high,0.1311,2
T-100992,2,none,0.163,2
T-100993,0,mid,0.0,3
T-100994,0,mid,0.0926,3
T-100995,0,none,0.0659,2
T-100996,0,none,0.0,1
T-100997,1,mid,0.1447,2
T-100998,2,mid,0.1746,3
T-100999,3,high,0.3401,3
T-101000,0,low,0.0,3
T-101001,4,mid,0.213,3
T-101002,1,low,0.15,3
T-101003,0,low,0.1034,3
T-101004,2,none,0.1472,3
T-101005,0,high,0.16,1
T-101006,2,high,0.1015,1
T-101007,2,mid,0.0773,1
T-101008,1,none,0.1,2
T-101009,2,mid,0.0403,2
T-101010,1,none,0.0638,3
T-101011,3,none,0.0773,3
T-101012,1,mid,0.1429,3
T-101013,0,mid,0.0,2
T-101014,0,none,0.1778,3
T-101015,0,mid,0.0645,1
T-101016,0,mid,0.2,1
T-101017,0,mid,0.1127,3
T-101018,0,mid,0.1277,3
T-101019,0,high,0.1556,1
T-101020,4,mid,0.213,3
T-101021,0,low,0.0488,3
T-101022,0,mid,0.0411,3
T-101023,0,high,0.0833,1
T-101024,0,mid,,3
T-101025,1,low,0.2857,2
T-101026,0,mid,0.1216,3
T-101027,0,high,0.1011,3
T-101028,8,high,0.338,3
T-101029,0,mid,0.1111,3
T-101030,0,mid,0.1778,3
T-101031,0,mid,0.125,2
T-101032,2,mid,0.1818,3
T-101033,1,mid,0.1429,3
T-101034,0,none,0.0,3
T-101035,0,low,0.0606,3
T-101036,0,high,0.1064,3
T-101037,0,none,0.1818,1
T-101038,1,mid,0.1071,2
T-101039,0,mid,0.0455,1
T-101040,0,none,0.0,3
T-101041,0,low,0.037,1
T-101042,2,mid,0.1746,1
T-101043,0,none,0.1111,3
T-101044,1,mid,0.0759,3
T-101045,1,mid,0.0784,3
T-101046,0,none,0.0435,2
T-101047,0,none,0.0667,3
T-101048,0,mid,0.0625,1
T-101049,2,low,0.1654,2
T-101050,3,low,0.0773,3
T-101051,1,mid,0.15,3
T-101052,0,mid,0.1333,2
T-101053,0,low,0.1765,3
T-101054,0,mid,0.0,2
T-101055,2,mid,0.1818,3
T-101056,1,mid,0.1447,3
T-101057,0,none,0.1196,3
T-101058,0,high,0.125,3
T-101059,0,mid,0.1,2
T-101060,3,mid,0.1746,1
T-101061,0,high,0.0471,2
T-101062,0,none,0.129,1
T-101063,1,mid,0.1447,3
T-101064,0,mid,0.0476,2
T-101065,3,mid,0.3401,1
T-101066,0,mid,0.1277,2
T-101067,0,mid,0.25,2
T-101068,3,none,0.1074,2
T-101069,2,low,0.1579,2
T-101070,1,mid,0.1667,3
T-101071,0,none,0.0476,2
T-101072,0,mid,0.1417,1
T-101073,0,low,0.1923,2
T-101074,2,low,0.1015,3
T-101075,0,high,0.1176,1
T-101076,0,mid,0.1176,3
T-101077,0,low,0.0,3
T-101078,0,none,0.1765,3
T-101079,0,low,0.0519,3
T-101080,3,mid,0.0773,3
T-101081,0,none,0.0333,3
T-101082,4,low,0.2671,3
T-101083,0,low,0.0,3
T-101084,1,mid,0.1333,2
T-101085,1,mid,0.0638,3
T-101086,0,high,0.1111,3
T-101087,0,none,0.0526,3
T-101088,0,low,0.12,3
T-101089,1,mid,0.0588,2
T-101090,1,high,0.1316,2
T-101091,0,high,0.0588,3
T-101092,4,high,0.1771,3
T-101093,0,mid,,1
T-101094,0,mid,0.0455,3
T-101095,1,low,0.1818,1
T-101096,0,mid,0.0,3
T-101097,0,high,0.0,1
T-101098,0,high,0.0659,2
T-101099,0,mid,0.0,2
T-101100,1,mid,0.2778,3
T-101101,0,mid,0.0333,3
T-101102,0,low,,3
T-101103,1,mid,0.12,3
T-101104,1,mid,0.0755,2
T-101105,0,low,0.0,3
T-101106,0,low,0.1923,1
T-101107,0,mid,,2
T-101108,0,low,0.0,3
T-101109,0,high,0.0455,3
T-101110,0,mid,0.125,3
T-101111,0,high,0.0476,3
T-101112,2,none,0.1015,2
T-101113,8,high,0.338,2
T-101114,0,low,0.0455,2
T-101115,0,high,0.0556,3
T-101116,0,low,0.125,1
T-101117,0,mid,0.069,1
T-101118,0,none,0.2027,2
T-101119,0,mid,0.1159,3
T-101120,4,none,0.1771,1
T-101121,1,low,0.0323,3
T-101122,0,mid,0.05,2
T-101123,0,mid,0.0471,3
T-101124,1,high,0.2857,3
T-101125,2,mid,0.1472,3
T-101126,1,high,0.0337,2
T-101127,0,mid,0.0833,2
T-101128,0,mid,0.0,3
T-101129,0,low,0.2027,2
T-101130,0,low,0.0,2
T-101131,0,mid,0.0476,3
T-101132,0,low,0.0588,3
T-101133,0,mid,0.0714,3
T-101134,0,low,0.4,3
T-101135,2,none,0.1429,1
T-101136,0,mid,0.0333,3
T-101137,0,low,0.0476,2
T-101138,1,high,0.1556,2
T-101139,0,low,0.08,3
T-101140,0,mid,,3
T-101141,0,mid,0.1111,3
T-101142,0,low,0.0476,3
T-101143,1,none,0.3881,1
T-101144,0,low,0.0,1
T-101145,1,high,0.12,1
T-101146,0,high,0.0,2
T-101147,0,high,0.0,3
T-101148,0,low,0.0357,3
T-101149,1,low,0.0556,2
T-101150,0,none,0.0566,2
T-101151,1,mid,0.04,2
T-101152,0,mid,0.0303,2
T-101153,1,low,0.3578,1
T-101154,2,high,0.1818,1
T-101155,0,none,0.2899,2
T-101156,0,low,0.0526,3
T-101157,0,high,0.0,3
T-101158,8,mid,0.338,1
T-101159,1,low,0.15,3
T-101160,0,mid,0.2899,3
T-101161,0,high,0.0645,2
T-101162,0,low,0.0645,2
T-101163,0,mid,0.1667,2
T-101164,0,mid,0.2027,2
T-101165,2,low,0.1472,1
T-101166,0,none,0.1818,2
T-101167,0,mid,0.1778,1
T-101168,0,low,0.0417,3
T-101169,2,none,0.3125,3
T-101170,0,low,0.0,3
T-101171,1,high,0.1355,1
T-101172,1,high,0.0759,2
T-101173,1,mid,0.1714,2
T-101174,0,high,0.1412,1
T-101175,0,mid,0.2,1
T-101176,1,low,0.1355,2
T-101177,1,mid,0.125,1
T-101178,0,none,0.1915,1
T-101179,1,high,0.1176,3
T-101180,2,mid,0.1654,1
T-101181,0,mid,0.0263,3
T-101182,3,none,0.0773,1
T-101183,0,mid,0.0935,2
T-101184,4,mid,0.1771,1
T-101185,1,low,0.1556,3
T-101186,1,mid,0.1447,3
T-101187,0,mid,0.2059,2
T-101188,0,low,0.0,2
T-101189,0,mid,0.4211,1
T-101190,3,mid,0.1074,1
T-101191,0,high,0.1667,3
T-101192,0,mid,0.1412,2
T-101193,0,high,0.0411,3
T-101194,0,mid,0.0541,2
T-101195,0,low,0.1429,2
T-101196,4,mid,0.3401,1
T-101197,0,mid,0.2,2
T-101198,2,mid,0.0403,2
T-101199,0,mid,0.1667,2
T-101200,3,low,0.1472,3
T-101201,1,mid,0.1355,2
T-101202,1,low,0.1739,1
T-101203,0,high,0.0659,3
T-101204,0,low,0.0541,3
T-101205,0,mid,0.1196,2
T-101206,0,low,0.1034,3
T-101207,0,mid,0.0714,3
T-101208,1,high,0.129,3
T-101209,1,mid,0.1111,3
T-101210,0,mid,0.0723,2
T-101211,2,mid,0.3125,3
T-101212,1,mid,0.1176,2
T-101213,3,none,0.0773,3
T-101214,0,mid,0.0893,2
T-101215,0,mid,0.0588,2
T-101216,0,low,0.0,1
T-101217,0,low,0.0476,3
T-101218,0,mid,0.05,2
T-101219,3,mid,0.1818,2
T-101220,0,none,0.0323,3
T-101221,0,mid,0.3333,3
T-101222,1,mid,0.1412,3
T-101223,0,low,0.0,2
T-101224,1,mid,0.0755,3
T-101225,0,mid,0.0519,3
T-101226,4,mid,0.213,3
T-101227,1,mid,0.1714,3
T-101228,0,low,0.0,2
T-101229,0,mid,0.0,3
T-101230,0,mid,0.0,2
T-101231,1,mid,0.3896,2
T-101232,0,mid,0.0714,3
T-101233,1,low,0.1,2
T-101234,3,none,0.2812,2
T-101235,0,mid,0.1034,2
T-101236,0,none,0.1169,2
T-101237,0,mid,0.2273,1
T-101238,0,mid,0.1304,1
T-101239,0,mid,0.1852,1
T-101240,0,high,0.2128,2
T-101241,0,none,0.125,1
T-101242,0,none,0.125,2
T-101243,0,high,0.0556,3
T-101244,0,high,0.0333,2
T-101245,0,none,0.0,3
T-101246,0,low,0.1923,3
T-101247,0,none,0.0,2
T-101248,1,none,0.1447,2
T-101249,0,none,0.1159,3
T-101250,0,mid,0.0333,3
T-101251,4,mid,0.3401,3
T-101252,2,mid,0.3578,3
T-101253,4,high,0.3401,1
T-101254,0,mid,0.0,2
T-101255,0,none,0.2208,1
T-101256,0,mid,0.0938,2
T-101257,1,mid,0.1818,3
T-101258,2,mid,0.3881,3
T-101259,0,high,0.1765,2
T-101260,0,mid,0.1011,1
T-101261,0,low,0.0,2
T-101262,1,high,0.3896,1
T-101263,0,mid,0.2372,2
T-101264,4,high,0.213,1
T-101265,0,mid,0.0526,3
T-101266,0,mid,0.0345,3
T-101267,2,low,0.163,3
T-101268,0,mid,0.0,3
T-101269,0,none,0.0,2
T-101270,0,mid,0.1034,3
T-101271,1,high,0.0337,1
T-101272,0,none,0.1111,3
T-101273,0,mid,0.0935,3
T-101274,1,high,0.1429,1
T-101275,0,high,0.1196,3
T-101276,0,mid,0.0,2
T-101277,0,mid,0.2899,3
T-101278,0,mid,0.0,2
T-101279,0,low,0.1852,3
T-101280,0,mid,0.1923,1
T-101281,0,none,0.0541,3
T-101282,2,low,0.3125,3
T-101283,1,none,0.0759,3
T-101284,0,none,0.0471,3
T-101285,0,mid,0.0952,1
T-101286,0,none,0.1216,3
T-101287,0,mid,0.3,1
T-101288,4,mid,0.1074,3
T-101289,0,low,0.2,1
T-101290,9,mid,0.338,2
T-101291,5,mid,0.2671,1
T-101292,1,low,0.0783,1
T-101293,1,low,0.2381,2
T-101294,0,low,0.1081,3
T-101295,0,mid,0.0385,3
T-101296,0,high,0.5455,1
T-101297,0,low,0.0,2
T-101298,0,high,0.0526,3
T-101299,1,mid,0.1064,1
T-101300,0,none,0.2027,3
T-101301,0,mid,0.0,1
T-101302,1,mid,0.1515,3
T-101303,0,mid,0.0,2
T-101304,0,mid,0.0,2
T-101305,0,none,,3
T-101306,0,high,0.0303,2
T-101307,2,low,0.3125,3
T-101308,1,none,0.1923,3
T-101309,3,mid,0.1015,3
T-101310,1,high,0.0345,3
T-101311,0,low,0.1111,3
T-101312,1,low,0.1176,3
T-101313,2,mid,0.1849,1
T-101314,0,mid,0.1169,1
T-101315,2,none,0.1654,3
T-101316,0,mid,0.0935,1
T-101317,0,mid,0.1,3
T-101318,0,none,0.0,2
T-101319,1,low,0.1481,2
T-101320,1,high,0.1818,3
T-101321,0,mid,0.0959,1
T-101322,2,mid,0.3578,1
T-101323,0,low,0.0,3
T-101324,1,high,0.1169,1
T-101325,1,mid,0.1818,3
T-101326,3,none,0.0773,3
T-101327,0,mid,,2
T-101328,4,high,0.1074,3
T-101329,2,none,0.0337,3
T-101330,1,none,0.1818,3
T-101331,4,none,0.1771,3
T-101332,0,none,0.0,3
T-101333,1,high,0.1176,3
T-101334,0,none,0.1333,2
T-101335,0,mid,0.0,2
T-101336,0,mid,0.5,1
T-101337,0,low,0.1299,2
T-101338,2,none,0.1654,2
T-101339,0,none,0.2308,3
T-101340,1,low,0.2208,1
T-101341,0,mid,0.3125,1
T-101342,1,low,0.2381,3
T-101343,0,low,0.0769,3
T-101344,4,mid,0.1074,2
T-101345,0,mid,0.0417,2
T-101346,1,high,0.1923,2
T-101347,1,high,0.1355,3
T-101348,3,mid,0.1015,3
T-101349,2,mid,0.1429,3
T-101350,1,none,0.2208,3
T-101351,0,mid,0.0926,1
T-101352,0,mid,0.0769,1
T-101353,0,none,0.0385,2
T-101354,1,high,0.1714,2
T-101355,0,low,0.2,3
T-101356,0,mid,0.1034,3
T-101357,0,low,0.2174,1
T-101358,0,none,0.0,3
T-101359,1,none,0.129,2
T-101360,1,low,0.2381,1
T-101361,0,low,0.15,3
T-101362,0,low,0.0833,3
T-101363,3,mid,0.1849,1
T-101364,0,high,0.0,3
T-101365,0,mid,0.0,3
T-101366,3,mid,0.1849,3
T-101367,3,low,0.2121,1
T-101368,0,mid,1.0,1
T-101369,0,mid,0.2027,2
T-101370,0,high,0.1429,3
T-101371,0,mid,0.0723,1
T-101372,0,mid,0.0411,3
T-101373,0,none,0.0,3
T-101374,2,mid,0.0337,3
T-101375,1,high,0.0759,3
T-101376,0,low,0.0,3
T-101377,0,mid,0.12,2
T-101378,1,low,0.1481,3
T-101379,3,mid,0.1472,1
T-101380,0,low,0.2059,1
T-101381,1,mid,0.1556,3
T-101382,0,none,0.1667,2
T-101383,0,low,0.069,2
T-101384,1,none,0.1538,3
T-101385,0,mid,0.0,2
T-101386,1,mid,0.129,2
T-101387,2,low,0.12,2
T-101388,0,high,0.0833,2
T-101389,0,mid,0.2083,2
T-101390,0,mid,0.0455,2
T-101391,0,mid,0.0556,3
T-101392,4,low,0.1849,1
T-101393,0,mid,0.1923,3
T-101394,2,none,0.3125,3
T-101395,0,mid,0.0476,2
T-101396,1,high,0.1355,3
T-101397,0,mid,0.0,3
T-101398,3,mid,0.1015,1
T-101399,6,mid,0.3401,2
T-101400,2,none,0.1429,1
T-101401,0,mid,0.0392,3
T-101402,1,mid,0.0759,3
T-101403,0,mid,0.0,3
T-101404,0,mid,0.1,2
T-101405,0,mid,,2
T-101406,1,mid,0.1311,2
T-101407,0,none,0.0,1
T-101408,3,high,0.1818,1
T-101409,1,high,0.0345,3
T-101410,0,mid,0.0471,2
T-101411,1,high,0.1412,1
T-101412,3,low,0.1015,2
T-101413,3,mid,0.2812,2
T-101414,0,mid,0.0392,2
T-101415,3,mid,0.0773,2
T-101416,9,mid,0.338,3
T-101417,0,mid,0.3,3
T-101418,0,mid,0.0588,1
T-101419,0,low,0.0645,3
T-101420,0,mid,0.1176,1
T-101421,1,mid,0.1176,2
T-101422,0,none,0.1111,3
T-101423,3,high,0.1015,3
T-101424,1,mid,0.1071,2
T-101425,0,mid,0.125,1
T-101426,0,low,0.1429,3
T-101427,2,high,0.163,1
T-101428,0,mid,0.0959,3
T-101429,1,high,0.4211,1
T-101430,0,mid,0.2857,2
T-101431,2,high,0.1429,3
T-101432,0,none,0.0893,3
T-101433,0,low,0.0,3
T-101434,0,low,0.0741,1
T-101435,0,mid,0.2372,1
T-101436,0,low,0.0345,2
T-101437,1,mid,0.1176,3
T-101438,0,mid,0.1111,3
T-101439,5,none,0.1771,1
T-101440,0,low,0.0,1
T-101441,0,mid,0.1159,1
T-101442,1,mid,0.0645,3
T-101443,0,high,0.1,3
T-101444,0,low,0.0714,2
T-101445,1,low,0.1111,1
T-101446,1,mid,0.0926,3
T-101447,0,none,0.1034,3
T-101448,1,mid,0.0759,1
T-101449,0,low,0.4286,1
T-101450,0,mid,0.4286,1
T-101451,0,mid,0.0938,3
T-101452,0,mid,0.0385,3
T-101453,5,low,0.213,3
T-101454,0,none,0.0,3
T-101455,6,none,0.2671,3
T-101456,9,mid,0.338,1
T-101457,0,mid,0.0,2
T-101458,2,mid,0.12,1
T-101459,0,low,0.0435,2
T-101460,1,mid,0.1556,3
T-101461,1,mid,0.0392,2
T-101462,6,low,0.3401,3
T-101463,2,mid,0.1654,3
T-101464,0,mid,0.2372,3
T-101465,1,low,0.2727,1
T-101466,3,high,0.3578,3
T-101467,0,high,0.2372,1
T-101468,2,mid,0.0783,3
T-101469,2,low,0.1429,2
T-101470,1,high,0.1011,3
T-101471,0,low,0.0,3
T-101472,1,low,0.1447,2
T-101473,1,mid,0.1333,3
T-101474,0,high,0.1064,3
T-101475,0,mid,0.08,2
T-101476,0,mid,0.0263,3
T-101477,0,low,0.0833,1
T-101478,0,none,0.0323,2
T-101479,0,none,0.25,3
T-101480,0,low,0.1333,3
T-101481,10,none,0.338,1
T-101482,0,mid,,3
T-101483,10,high,0.338,3
T-101484,0,none,0.0333,2
T-101485,0,mid,0.0385,1
T-101486,0,mid,0.0357,1
T-101487,1,mid,0.2059,1
T-101488,0,mid,0.069,3
T-101489,1,mid,0.2,3
T-101490,1,high,0.2372,1
T-101491,0,mid,0.25,3
T-101492,0,mid,0.0781,1
T-101493,2,high,0.0783,3
T-101494,0,low,0.2,3
T-101495,0,mid,0.1,2
T-101496,1,mid,0.1333,3
T-101497,0,high,0.0333,3
T-101498,0,mid,0.0588,2
T-101499,2,high,0.1429,3
T-101500,0,low,0.0,3
T-101501,2,high,0.3881,2
T-101502,0,low,0.1111,3
T-101503,0,high,0.1277,2
T-101504,1,none,0.0755,1
T-101505,0,low,0.2727,3
T-101506,1,mid,0.1333,2
T-101507,0,low,0.0566,3
T-101508,1,mid,0.2,2
T-101509,1,low,0.1429,1
T-101510,0,mid,0.1978,3
T-101511,0,mid,0.125,2
T-101512,0,mid,0.0,3
T-101513,0,low,0.0781,2
T-101514,0,mid,0.2899,3
T-101515,1,none,0.1429,2
T-101516,5,mid,0.1849,3
T-101517,4,none,0.1074,3
T-101518,1,none,0.1667,3
T-101519,0,mid,0.1429,3
T-101520,0,mid,0.1978,2
T-101521,1,mid,0.0723,1
T-101522,6,high,0.2671,3
T-101523,1,low,0.1447,3
T-101524,1,mid,0.2372,3
T-101525,1,low,0.2174,2
T-101526,0,mid,0.0667,3
T-101527,0,mid,0.0769,3
T-101528,1,low,0.1818,1
T-101529,1,none,0.1071,3
T-101530,0,low,0.0339,3
T-101531,0,mid,0.1538,2
T-101532,0,low,0.0,3
T-101533,0,mid,0.05,2
T-101534,1,low,0.0455,2
T-101535,0,mid,0.069,2
T-101536,0,mid,0.1196,3
T-101537,1,high,0.2208,1
T-101538,2,high,0.0337,3
T-101539,0,mid,0.0,2
T-101540,11,mid,0.338,2
T-101541,3,mid,0.1818,1
T-101542,0,mid,0.1127,3
T-101543,0,mid,0.0938,1
T-101544,2,high,0.3896,2
T-101545,1,none,0.1417,1
T-101546,0,none,0.0,3
T-101547,0,high,0.0,2
T-101548,0,mid,0.1778,1
T-101549,0,none,0.0,3
T-101550,0,low,0.1429,2
T-101551,2,high,0.1654,3
T-101552,0,low,0.0,3
T-101553,3,mid,0.1015,2
T-101554,3,mid,0.1472,3
T-101555,0,none,0.1905,2
T-101556,0,mid,0.0769,3
T-101557,1,mid,0.0455,3
T-101558,2,low,0.12,1
T-101559,1,high,0.1176,2
T-101560,1,mid,0.125,1
T-101561,0,mid,0.2899,1
T-101562,0,mid,0.0,2
T-101563,3,low,0.1746,1
T-101564,1,mid,0.1143,1
T-101565,2,mid,0.12,3
T-101566,0,mid,0.0,2
T-101567,3,high,0.1015,3
T-101568,2,mid,0.0759,3
T-101569,0,mid,0.087,3
T-101570,3,low,0.0773,3
T-101571,6,mid,0.1771,1
T-101572,0,low,0.0,3
T-101573,4,mid,0.2121,2
T-101574,2,mid,0.1654,2
T-101575,1,low,0.0741,1
T-101576,1,low,0.0741,2
T-101577,3,mid,0.0773,3
T-101578,0,high,0.0833,2
T-101579,0,mid,0.1978,1
T-101580,0,low,0.1978,2
T-101581,2,high,0.3896,2
T-101582,1,mid,0.1389,3
T-101583,3,low,0.3578,1
T-101584,0,mid,0.0,2
T-101585,1,high,0.1333,2
T-101586,0,mid,0.0,3
T-101587,1,mid,0.1316,3
T-101588,0,none,0.25,3
T-101589,1,mid,0.1778,3
T-101590,0,mid,0.0,2
T-101591,1,none,0.1333,1
T-101592,1,mid,0.375,1
T-101593,0,low,0.0333,3
T-101594,1,mid,0.1316,3
T-101595,0,low,0.0714,3
T-101596,0,low,0.0,2
T-101597,0,mid,0.0541,3
T-101598,0,none,0.0417,3
T-101599,1,mid,0.1778,1
T-101600,0,mid,0.0714,2
T-101601,0,mid,0.1778,3
T-101602,0,mid,0.2027,3
T-101603,0,low,0.1852,3
T-101604,1,mid,0.0723,3
T-101605,3,mid,0.1472,3
T-101606,2,none,0.1654,3
T-101607,1,mid,0.25,1
T-101608,0,low,0.0,3
T-101609,11,none,0.338,1
T-101610,0,low,0.0,1
T-101611,3,none,0.1472,3
T-101612,2,none,0.3896,3
T-101613,0,mid,0.0333,3
T-101614,0,mid,0.1159,2
T-101615,0,mid,0.0659,2
T-101616,1,mid,0.1417,2
T-101617,1,mid,0.1389,1
T-101618,2,none,0.0759,3
T-101619,2,mid,0.0337,3
T-101620,0,mid,0.0,3
T-101621,0,mid,0.0,2
T-101622,0,high,0.1159,3
T-101623,0,low,0.1429,1
T-101624,0,low,0.0741,1
T-101625,1,mid,0.1417,3
T-101626,2,mid,0.0759,2
T-101627,1,mid,0.2372,1
T-101628,2,high,0.2208,3
T-101629,0,none,0.0667,1
T-101630,1,high,0.1447,1
T-101631,3,mid,0.1472,3
T-101632,0,high,0.0,3
T-101633,3,high,0.1015,3
T-101634,3,high,0.163,3
T-101635,0,high,0.0,3
T-101636,0,mid,0.0,3
T-101637,2,high,0.1654,3
T-101638,2,none,0.1429,1
T-101639,2,high,0.3881,3
T-101640,3,high,0.12,3
T-101641,0,high,0.0,3
T-101642,0,mid,0.0667,2
T-101643,1,low,0.0357,2
T-101644,0,low,0.25,2
T-101645,1,mid,0.2372,2
T-101646,6,high,0.3401,1
T-101647,0,low,0.0,3
T-101648,0,mid,0.1034,2
T-101649,4,high,0.1074,3
T-101650,0,mid,0.0,3
T-101651,0,high,0.0935,2
T-101652,0,mid,0.0909,1
T-101653,0,mid,0.0333,3
T-101654,0,low,0.125,3
T-101655,4,mid,0.1818,3
T-101656,2,mid,0.0783,2
T-101657,1,none,0.3846,1
T-101658,2,mid,0.1579,3
T-101659,0,mid,0.0976,3
T-101660,0,mid,0.3077,1
T-101661,1,mid,0.2,1
T-101662,0,none,0.0,2
T-101663,1,mid,0.0357,1
T-101664,0,none,0.0455,2
T-101665,0,low,0.0357,3
T-101666,0,mid,0.4,1
T-101667,0,low,,3
T-101668,0,low,0.1379,2
T-101669,1,mid,0.1417,2
T-101670,0,none,0.0909,3
T-101671,0,mid,0.1765,1
T-101672,2,high,0.1389,2
T-101673,0,mid,0.0,1
T-101674,4,mid,0.1074,2
T-101675,0,none,0.0519,3
T-101676,2,high,0.0403,3
T-101677,0,low,0.0,2
T-101678,0,mid,0.25,1
T-101679,0,mid,0.0,3
T-101680,4,mid,0.1074,1
T-101681,2,high,0.1654,1
T-101682,0,low,0.1299,1
T-101683,0,mid,0.1778,3
T-101684,0,low,0.1429,3
T-101685,1,low,0.0833,1
T-101686,2,low,0.0667,1
T-101687,0,mid,0.1905,2
T-101688,4,mid,0.1074,2
T-101689,0,high,0.0333,1
T-101690,0,mid,0.2857,3
T-101691,0,low,0.0,2
T-101692,2,mid,0.0783,3
T-101693,0,mid,0.1216,1
T-101694,0,mid,0.0,2
T-101695,0,mid,0.25,2
T-101696,0,mid,0.0,3
T-101697,1,mid,0.1176,2
T-101698,0,high,0.1196,1
T-101699,0,low,0.1333,3
T-101700,1,mid,0.1311,3
T-101701,0,high,0.0385,3
T-101702,1,low,0.2174,3
T-101703,1,mid,0.15,3
T-101704,0,low,0.1429,3
T-101705,0,mid,0.375,3
T-101706,0,low,0.0976,3
T-101707,2,mid,0.0667,3
T-101708,0,mid,0.1196,2
T-101709,1,high,0.0,3
T-101710,0,mid,0.0,2
T-101711,2,mid,0.0403,3
T-101712,0,mid,0.0541,3
T-101713,1,high,0.2195,3
T-101714,0,mid,0.1778,1
T-101715,1,none,0.2372,3
T-101716,12,mid,0.338,3
T-101717,1,none,0.0714,3
T-101718,3,mid,0.163,1
T-101719,0,low,0.1429,3
T-101720,1,none,0.1176,3
T-101721,1,high,0.0357,3
T-101722,0,mid,0.4545,3
T-101723,1,high,0.1176,3
T-101724,0,mid,0.0,2
T-101725,2,mid,0.1429,3
T-101726,0,low,0.0333,3
T-101727,2,none,0.1429,3
T-101728,0,mid,0.1915,3
T-101729,0,mid,0.0,3
T-101730,1,mid,0.1011,3
T-101731,2,mid,0.2381,3
T-101732,1,mid,0.0784,2
T-101733,0,mid,0.1299,3
T-101734,2,none,0.2208,1
T-101735,0,low,0.2093,3
T-101736,6,mid,0.2671,2
T-101737,0,low,0.08,3
T-101738,1,low,0.1556,2
T-101739,3,high,0.1472,3
T-101740,0,high,0.0333,3
T-101741,3,high,0.1015,3
T-101742,0,high,0.0263,3
T-101743,1,low,0.125,3
T-101744,2,mid,0.1169,1
T-101745,0,mid,0.0667,2
T-101746,0,mid,0.0339,3
T-101747,1,mid,0.0556,2
T-101748,0,low,0.0,3
T-101749,0,mid,0.1915,2
T-101750,3,low,0.1472,2
T-101751,0,low,0.0,3
T-101752,0,mid,0.0385,2
T-101753,0,none,0.0,3
T-101754,1,mid,0.1417,2
T-101755,0,mid,0.0,3
T-101756,0,low,0.0769,2
T-101757,2,mid,0.3896,2
T-101758,6,low,0.2671,3
T-101759,3,mid,0.1472,3
T-101760,0,low,0.1667,2
T-101761,0,mid,0.04,3
T-101762,0,mid,0.0,3
T-101763,1,high,0.1667,1
T-101764,0,high,0.1,3
T-101765,6,mid,0.2671,2
T-101766,0,high,0.4,3
T-101767,1,none,0.1081,2
T-101768,12,mid,0.338,3
T-101769,0,high,0.08,2
T-101770,5,mid,0.1849,3
T-101771,0,mid,0.1159,3
T-101772,2,mid,0.2727,3
T-101773,0,low,0.0667,2
T-101774,0,low,0.1333,1
T-101775,5,high,0.213,1
T-101776,3,mid,0.1654,1
T-101777,4,none,0.1818,2
T-101778,0,low,0.1196,2
T-101779,0,none,0.0,2
T-101780,1,mid,0.1481,2
T-101781,1,high,0.15,3
T-101782,0,none,0.0,2
T-101783,0,high,0.0741,3
T-101784,1,none,0.0851,3
T-101785,0,low,0.0385,2
T-101786,1,none,0.1081,3
T-101787,1,mid,0.1875,3
T-101788,1,low,0.0926,1
T-101789,0,low,,3
T-101790,12,high,0.338,1
T-101791,1,mid,0.0357,2
T-101792,0,low,0.0,3
T-101793,1,low,0.0455,2
T-101794,4,mid,0.1654,3
T-101795,1,mid,0.1176,3
T-101796,2,none,0.1429,2
T-101797,4,mid,0.1074,2
T-101798,0,mid,0.0769,2
T-101799,0,mid,0.0303,3
T-101800,0,mid,0.0476,1
T-101801,0,low,0.0,2
T-101802,0,none,0.0,3
T-101803,2,mid,0.1429,3
T-101804,1,low,0.0723,2
T-101805,0,mid,0.0833,3
T-101806,6,high,0.2671,1
T-101807,0,mid,0.04,1
T-101808,0,mid,0.0263,3
T-101809,2,mid,0.1579,2
T-101810,2,low,0.1538,2
T-101811,3,mid,0.0773,2
T-101812,0,none,0.0333,3
T-101813,0,none,0.0385,2
T-101814,0,mid,0.0,2
T-101815,0,mid,0.1429,2
T-101816,1,high,0.0959,1
T-101817,1,low,0.0625,1
T-101818,0,mid,0.1064,1
T-101819,0,mid,0.0833,2
T-101820,0,low,0.0526,2
T-101821,0,mid,0.0,3
T-101822,4,mid,0.3578,2
T-101823,3,low,0.0773,3
T-101824,0,low,0.025,3
T-101825,0,mid,0.2,1
T-101826,0,low,0.25,3
T-101827,0,none,0.0,3
T-101828,1,none,0.0638,3
T-101829,0,none,0.0,3
T-101830,3,mid,0.2812,2
T-101831,0,none,0.0,3
T-101832,2,mid,0.0403,2
T-101833,2,mid,0.3896,3
T-101834,0,low,0.0,2
T-101835,1,mid,0.0333,3
T-101836,3,mid,0.0773,2
T-101837,0,mid,0.0,3
T-101838,1,low,0.1481,2
T-101839,2,mid,0.1333,2
T-101840,0,mid,0.0,1
T-101841,0,mid,0.0519,1
T-101842,1,low,0.2372,2
T-101843,4,mid,0.1074,3
T-101844,1,none,0.1081,2
T-101845,1,low,0.1064,3
T-101846,1,low,0.1011,1
T-101847,4,mid,0.1074,1
T-101848,0,mid,0.1081,1
T-101849,3,low,0.1472,1
T-101850,2,high,0.1579,1
T-101851,2,mid,0.3881,2
T-101852,0,low,0.1667,3
T-101853,0,low,0.1429,3
T-101854,2,high,0.3061,3
T-101855,2,mid,0.3061,3
T-101856,0,mid,0.1915,3
T-101857,3,high,0.12,3
T-101858,0,mid,0.0,2
T-101859,1,none,0.0645,2
T-101860,0,none,0.0833,2
T-101861,4,mid,0.1074,2
T-101862,1,low,0.0781,1
T-101863,0,none,0.1277,1
T-101864,0,high,0.2128,1
T-101865,1,mid,0.1978,3
T-101866,2,high,0.1412,3
T-101867,0,low,0.0,2
T-101868,1,low,0.0556,1
T-101869,1,none,0.1216,2
T-101870,0,low,0.0417,1
T-101871,0,low,0.0435,3
T-101872,1,high,0.125,2
T-101873,0,mid,0.0571,2
T-101874,1,mid,0.2372,3
T-101875,0,low,0.025,3
T-101876,2,high,0.1389,1
T-101877,0,high,0.1481,3
T-101878,1,low,0.1714,3
T-101879,0,mid,0.0,2
T-101880,0,high,0.0,2
T-101881,3,high,0.1015,3
T-101882,1,high,0.2899,1
T-101883,2,low,0.1778,3
T-101884,0,mid,0.2093,1
T-101885,0,none,0.0959,2
T-101886,0,mid,0.2,3
T-101887,1,mid,0.2372,1
T-101888,4,low,0.1074,2
T-101889,0,mid,,3
T-101890,1,mid,0.1765,3
T-101891,1,low,0.2128,2
T-101892,1,low,0.0,1
T-101893,0,low,0.0,2
T-101894,1,none,0.1481,2
T-101895,0,high,0.0959,3
T-101896,0,mid,0.0,3
T-101897,0,high,0.08,2
T-101898,4,mid,0.1746,1
T-101899,4,high,0.1074,3
T-101900,1,high,0.1064,3
T-101901,0,low,0.2778,1
T-101902,0,mid,0.2857,3
T-101903,0,mid,0.0659,3
T-101904,0,mid,0.1277,2
T-101905,0,mid,0.2027,3
T-101906,0,high,0.0769,1
T-101907,0,low,0.125,2
T-101908,0,high,0.1579,2
T-101909,0,none,0.08,1
T-101910,5,high,0.1746,2
T-101911,2,mid,0.0403,3
T-101912,1,mid,0.1311,2
T-101913,0,mid,0.1481,1
T-101914,0,high,0.0935,3
T-101915,0,none,0.1765,3
T-101916,0,none,0.0893,3
T-101917,2,mid,0.1333,3
T-101918,1,mid,0.1071,1
T-101919,0,low,0.0959,2
T-101920,1,mid,0.1196,3
T-101921,0,mid,0.1159,3
T-101922,1,mid,0.1196,3
T-101923,0,mid,0.3,3
T-101924,0,mid,0.0769,1
T-101925,0,none,0.1765,3
T-101926,0,mid,0.069,3
T-101927,1,mid,0.129,1
T-101928,0,mid,0.0645,1
T-101929,1,mid,0.1355,2
T-101930,0,none,0.1111,2
T-101931,0,mid,0.0,1
T-101932,0,low,0.0339,3
T-101933,3,high,0.1169,3
T-101934,0,mid,0.0,3
T-101935,1,mid,0.1064,1
T-101936,4,low,0.1074,3
T-101937,0,mid,0.1538,3
T-101938,0,low,0.025,3
T-101939,0,mid,0.0,2
T-101940,1,mid,0.0556,3
T-101941,13,mid,0.338,1
T-101942,1,mid,0.1417,3
T-101943,0,low,0.04,1
T-101944,0,mid,0.0,3
T-101945,0,low,0.1429,3
T-101946,0,mid,0.1852,3
T-101947,0,high,0.08,2
T-101948,1,mid,0.2778,3
T-101949,4,mid,0.1654,1
T-101950,0,mid,0.0471,2
T-101951,0,mid,0.0,2
T-101952,1,mid,0.0645,3
T-101953,0,low,0.0,2
T-101954,1,mid,0.2857,1
T-101955,0,mid,0.1923,3
T-101956,0,mid,0.0526,3
T-101957,0,low,0.1667,1
T-101958,4,high,0.163,3
T-101959,1,high,0.2128,3
T-101960,1,mid,0.1481,3
T-101961,0,mid,0.0959,3
T-101962,0,mid,0.0,3
T-101963,0,low,0.0645,2
T-101964,0,high,0.0,3
T-101965,0,mid,0.0935,3
T-101966,1,low,0.1429,2
T-101967,1,high,0.0323,1
T-101968,1,none,0.037,2
T-101969,2,none,0.1447,3
T-101970,1,high,0.2372,1
T-101971,2,mid,0.1333,2
T-101972,2,mid,0.3896,3
T-101973,0,mid,0.2,2
T-101974,1,mid,0.1978,2
T-101975,1,mid,0.1667,3
T-101976,2,mid,0.0667,2
T-101977,1,low,0.1111,1
T-101978,0,low,0.0,3
T-101979,0,mid,0.2,3
T-101980,4,high,0.3578,1
T-101981,0,none,0.125,2
T-101982,0,low,0.5,1
T-101983,2,mid,0.0337,3
T-101984,0,high,0.0392,2
T-101985,2,none,0.0759,3
T-101986,0,none,0.0411,3
T-101987,0,high,0.0,3
T-101988,0,mid,0.125,3
T-101989,0,none,0.0893,2
T-101990,0,low,0.0,3
T-101991,1,mid,0.0755,2
T-101992,0,mid,0.0,2
T-101993,1,low,0.037,2
T-101994,2,low,0.0625,1
T-101995,0,high,0.1,1
T-101996,2,none,0.0403,3
T-101997,0,mid,0.125,3
T-101998,2,mid,0.3061,1
T-101999,0,mid,0.069,2
T-102000,0,mid,0.3125,1
T-102001,1,mid,0.2372,1
T-102002,0,low,,3
T-102003,2,mid,0.1333,3
T-102004,0,low,0.0769,1
T-102005,2,low,0.0773,1
T-102006,2,mid,0.0783,1
T-102007,1,none,0.1176,2
T-102008,0,mid,0.0851,1
T-102009,0,mid,0.0588,3
T-102010,0,mid,0.125,3
T-102011,2,low,0.2372,1
T-102012,13,mid,0.338,1
T-102013,0,high,0.25,2
T-102014,0,mid,0.1852,3
T-102015,1,mid,0.1355,3
T-102016,5,mid,0.1654,3
T-102017,0,high,0.1127,3
T-102018,0,mid,0.1579,3
T-102019,0,high,0.0659,2
T-102020,1,mid,0.0741,2
T-102021,2,none,0.1667,3
T-102022,0,high,0.0909,3
T-102023,0,none,0.1579,3
T-102024,3,low,0.1015,3
T-102025,0,mid,0.1071,2
T-102026,1,none,0.3896,3
T-102027,1,low,0.2778,1
T-102028,5,low,0.1849,1
T-102029,5,mid,0.213,3
T-102030,3,low,0.0773,3
T-102031,0,mid,0.125,2
T-102032,0,mid,0.0,2
T-102033,3,mid,0.2372,1
T-102034,0,none,0.1429,3
T-102035,0,none,0.1111,2
T-102036,0,mid,,1
T-102037,0,mid,0.1429,1
T-102038,0,none,,3
T-102039,0,low,0.0,2
T-102040,4,high,0.1818,3
T-102041,2,none,0.2778,3
T-102042,0,none,0.1299,3
T-102043,0,low,0.0345,2
T-102044,0,mid,0.0,2
T-102045,0,mid,0.0,3
T-102046,0,mid,0.1111,2
T-102047,0,none,0.0625,3
T-102048,0,low,,1
T-102049,4,low,0.163,2
T-102050,6,low,0.1849,3
T-102051,1,high,0.0784,3
T-102052,0,mid,0.1159,2
T-102053,1,mid,0.0645,3
T-102054,0,high,0.1299,2
T-102055,1,mid,0.1667,3
T-102056,4,mid,0.2372,1
T-102057,0,mid,0.2381,3
T-102058,3,mid,0.2812,3
T-102059,1,mid,0.0784,3
T-102060,0,mid,0.0645,3
T-102061,5,high,0.213,1
T-102062,0,mid,0.0833,3
T-102063,1,low,0.0333,3
T-102064,0,none,0.3684,2
T-102065,2,high,0.0759,3
T-102066,1,none,0.25,3
T-102067,0,low,0.3077,1
T-102068,0,mid,0.0392,3
T-102069,0,low,0.0,1
T-102070,1,none,0.2857,2
T-102071,2,none,0.129,3
T-102072,1,mid,0.16,3
T-102073,0,mid,0.0571,3
T-102074,0,high,0.0,3
T-102075,5,mid,0.3578,3
T-102076,0,low,0.0,2
T-102077,0,mid,0.1667,2
T-102078,4,mid,0.1472,2
T-102079,2,high,0.0759,3
T-102080,2,mid,0.1412,2
T-102081,3,mid,0.0773,2
T-102082,1,mid,0.2,3
T-102083,0,mid,0.0339,1
T-102084,0,none,0.2,2
T-102085,0,mid,0.0938,3
T-102086,4,mid,0.1074,2
T-102087,14,mid,0.338,2
T-102088,0,none,0.0,1
T-102089,1,mid,0.3125,3
T-102090,0,mid,0.0659,2
T-102091,0,none,0.2857,2
T-102092,0,low,0.1765,2
T-102093,0,low,0.0345,2
T-102094,1,low,0.0556,2
T-102095,1,mid,0.0333,3
T-102096,0,mid,0.069,3
T-102097,2,mid,0.0926,2
T-102098,0,mid,0.0,3
T-102099,0,low,0.0385,2
T-102100,0,none,0.0,3
T-102101,0,mid,0.0303,3
T-102102,2,none,0.0759,3
T-102103,0,mid,0.069,3
T-102104,0,mid,0.0,2
T-102105,1,high,0.125,3
T-102106,0,low,0.5,1
T-102107,0,mid,0.0,3
T-102108,0,low,0.0952,3
T-102109,2,mid,0.0667,2
T-102110,1,high,0.0345,1
T-102111,4,none,0.1472,3
T-102112,0,low,0.0333,1
T-102113,1,low,0.1667,3
T-102114,2,mid,0.3881,3
T-102115,0,none,0.0714,3
T-102116,0,high,0.15,1
T-102117,0,mid,,2
T-102118,0,mid,,3
T-102119,1,high,0.1429,3
T-102120,0,low,0.0909,2
T-102121,0,none,0.1111,1
T-102122,2,mid,0.1447,1
T-102123,0,mid,0.1364,3
T-102124,4,mid,0.1818,3
T-102125,0,mid,0.0392,2
T-102126,1,mid,0.3125,1
T-102127,4,low,0.1818,2
T-102128,0,high,0.1364,2
T-102129,0,high,0.1176,3
T-102130,0,mid,0.1778,1
T-102131,2,mid,0.2381,2
T-102132,1,low,0.0333,3
T-102133,0,none,0.0,2
T-102134,0,mid,0.1364,3
T-102135,0,mid,0.3478,1
T-102136,0,mid,0.0,2
T-102137,0,low,0.0566,2
T-102138,1,mid,0.0784,3
T-102139,6,high,0.1849,3
T-102140,0,mid,0.0488,2
T-102141,3,high,0.0773,3
T-102142,5,mid,0.3578,3
T-102143,1,mid,0.0392,2
T-102144,1,low,0.15,1
T-102145,0,mid,0.0833,2
T-102146,1,mid,0.2273,3
T-102147,0,none,0.0476,3
T-102148,1,high,0.0755,3
T-102149,0,none,0.0,3
T-102150,1,high,0.1311,2
T-102151,0,mid,0.0519,2
T-102152,3,low,0.1746,3
T-102153,2,mid,0.0323,2
T-102154,0,mid,0.0,2
T-102155,0,none,0.0333,3
T-102156,1,mid,0.1923,2
T-102157,3,mid,0.1447,2
T-102158,13,none,0.338,2
T-102159,2,mid,0.4211,3
T-102160,0,low,0.0909,1
T-102161,2,low,0.1429,3
T-102162,1,mid,0.2,2
T-102163,5,high,0.2372,3
T-102164,0,mid,0.15,2
T-102165,0,mid,0.0488,1
T-102166,0,high,0.1765,2
T-102167,0,mid,0.0741,3
T-102168,0,high,0.0,2
T-102169,1,low,0.0723,3
T-102170,0,mid,0.0,3
T-102171,1,mid,0.1765,3
T-102172,1,mid,0.1515,3
T-102173,0,none,0.0,2
T-102174,0,mid,0.4,3
T-102175,0,low,0.1053,3
T-102176,0,mid,0.0,3
T-102177,4,none,0.1818,2
T-102178,0,none,0.125,3
T-102179,1,mid,0.1311,2
T-102180,0,mid,0.15,1
T-102181,0,none,0.0339,1
T-102182,0,low,0.0,1
T-102183,0,low,0.0333,3
T-102184,3,mid,0.12,2
T-102185,0,mid,0.0935,2
T-102186,2,high,0.0926,3
T-102187,0,none,0.125,3
T-102188,0,low,0.0,3
T-102189,0,low,0.1538,3
T-102190,0,none,0.1111,3
T-102191,2,high,0.15,1
T-102192,0,mid,0.0833,2
T-102193,3,mid,0.3061,3
T-102194,0,mid,0.0741,1
T-102195,0,high,0.0659,1
T-102196,2,mid,0.0625,3
T-102197,0,mid,0.0541,3
T-102198,0,low,0.2083,1
T-102199,0,mid,0.0541,2
T-102200,0,none,0.1299,1
T-102201,6,mid,0.213,3
T-102202,0,mid,0.0,3
T-102203,4,mid,0.1074,3
T-102204,0,mid,0.0938,2
T-102205,0,low,0.1429,1
T-102206,0,low,0.0,3
T-102207,0,none,0.0938,2
T-102208,0,low,0.1111,3
T-102209,0,mid,0.0,3
T-102210,0,mid,0.0,2
T-102211,0,high,0.0,2
T-102212,2,none,0.0759,3
T-102213,0,mid,0.0938,3
T-102214,0,mid,0.1316,3
T-102215,0,high,0.0,3
T-102216,0,mid,0.0606,3
T-102217,1,low,0.04,3
T-102218,1,high,0.1333,1
T-102219,0,low,0.0411,1
T-102220,5,mid,0.2372,3
T-102221,1,high,0.0959,1
T-102222,0,low,0.0476,3
T-102223,4,mid,0.163,2
T-102224,1,none,0.0455,3
T-102225,4,mid,0.1074,1
T-102226,1,mid,0.04,1
T-102227,0,mid,0.1277,3
T-102228,0,low,0.0,3
T-102229,3,low,0.2208,1
T-102230,1,mid,0.1978,1
T-102231,0,low,0.0,3
T-102232,2,low,0.0759,3
T-102233,0,none,0.2093,3
T-102234,0,high,0.0935,3
T-102235,4,high,0.163,3
T-102236,1,high,0.2857,3
T-102237,6,mid,0.213,1
T-102238,0,high,0.0769,3
T-102239,2,mid,0.2381,3
T-102240,0,mid,,3
T-102241,0,low,0.0588,3
T-102242,0,high,0.0714,1
T-102243,3,mid,0.1447,2
T-102244,0,none,0.0759,3
T-102245,0,high,0.1039,3
T-102246,0,low,0.0526,3
T-102247,0,low,0.2,3
T-102248,1,mid,0.0659,2
T-102249,0,low,0.0571,1
T-102250,0,low,0.0625,3
T-102251,0,high,0.1667,3
T-102252,0,none,0.0323,2
T-102253,0,mid,0.0357,3
T-102254,1,mid,0.1,3
T-102255,0,high,0.0,2
T-102256,0,low,0.2308,1
T-102257,1,high,0.125,2
T-102258,6,low,0.1849,1
T-102259,1,none,0.1196,2
T-102260,1,mid,0.0714,3
T-102261,0,none,0.0667,2
T-102262,0,mid,0.0645,3
T-102263,0,mid,0.0417,2
T-102264,0,none,0.0,3
T-102265,0,none,0.4,3
T-102266,5,low,0.3578,2
T-102267,0,low,0.0,3
T-102268,2,mid,0.3125,2
T-102269,0,mid,0.0,3
T-102270,0,mid,0.0645,3
T-102271,2,none,0.2121,3
T-102272,0,high,0.0403,1
T-102273,5,none,0.2372,3
T-102274,0,none,0.0,3
T-102275,0,mid,0.1316,2
T-102276,0,high,0.1127,1
T-102277,3,low,0.1746,1
T-102278,2,high,0.1778,2
T-102279,0,high,0.1316,3
T-102280,0,none,0.0755,2
T-102281,0,mid,0.0714,3
T-102282,0,none,0.3684,3
T-102283,0,low,0.2,2
T-102284,1,mid,0.0714,1
T-102285,0,low,0.0,2
T-102286,0,mid,0.0303,2
T-102287,0,low,0.1053,3
T-102288,0,mid,0.0935,2
T-102289,0,mid,0.0,3
T-102290,0,high,0.1611,1
T-102291,0,none,0.1053,3
T-102292,0,none,0.1429,3
T-102293,1,none,0.3478,3
T-102294,1,mid,0.1778,3
T-102295,0,none,0.0,3
T-102296,1,high,0.25,3
T-102297,1,mid,0.1064,3
T-102298,0,mid,0.1355,2
T-102299,0,mid,0.0759,1
T-102300,4,high,0.3401,3
T-102301,0,low,0.0,2
T-102302,0,mid,0.1481,2
T-102303,3,mid,0.0783,3
T-102304,0,mid,0.0769,1
T-102305,0,mid,0.0,2
T-102306,4,high,0.3401,1
T-102307,0,low,0.1429,2
T-102308,3,mid,0.1472,1
T-102309,4,mid,0.2671,1
T-102310,0,mid,0.1667,1
T-102311,0,low,0.0,3
T-102312,0,mid,0.1765,1
T-102313,3,none,0.0773,2
T-102314,0,mid,0.1515,3
T-102315,0,low,0.1316,3
T-102316,0,none,0.0566,3
T-102317,0,mid,0.0,3
T-102318,2,mid,0.1011,3
T-102319,3,low,0.0773,2
T-102320,1,low,0.0638,3
T-102321,0,none,0.0,2
T-102322,0,mid,0.1111,3
T-102323,0,none,0.1364,3
T-102324,0,mid,0.125,3
T-102325,0,high,0.0519,3
T-102326,1,mid,0.3125,1
T-102327,5,mid,0.1074,1
T-102328,0,low,0.1429,2
T-102329,0,low,0.0,2
T-102330,0,low,0.2,2
T-102331,0,high,0.1852,3
T-102332,0,low,0.0541,3
T-102333,1,high,0.1429,2
T-102334,0,mid,0.0,3
T-102335,0,high,0.0935,3
T-102336,0,mid,0.2727,2
T-102337,0,mid,0.0,2
T-102338,0,mid,0.0,3
T-102339,1,mid,0.1081,3
T-102340,0,low,0.0,2
T-102341,0,low,0.1039,3
T-102342,1,high,0.1429,3
T-102343,0,mid,0.0959,3
T-102344,2,high,0.3881,3
T-102345,1,mid,0.2083,2
T-102346,0,none,0.125,2
T-102347,1,mid,0.0455,1
T-102348,0,mid,0.1481,3
T-102349,1,mid,0.0759,3
T-102350,0,high,0.25,2
T-102351,2,mid,0.2899,1
T-102352,3,low,0.15,3
T-102353,3,low,0.0773,2
T-102354,0,mid,0.0541,3
T-102355,7,none,0.1849,3
T-102356,4,low,0.163,2
T-102357,0,none,0.1333,2
T-102358,0,mid,0.0,1
T-102359,0,mid,0.1039,2
T-102360,3,high,0.2812,1
T-102361,2,mid,0.3125,3
T-102362,0,high,0.0833,2
T-102363,0,mid,0.1923,3
T-102364,0,high,0.0392,3
T-102365,3,high,0.0773,2
T-102366,3,none,0.1579,2
T-102367,0,high,0.0,3
T-102368,0,low,0.0,3
T-102369,0,mid,,3
T-102370,1,mid,0.0659,3
T-102371,0,high,0.0566,3
T-102372,3,high,0.12,3
T-102373,2,high,0.0783,3
T-102374,2,low,0.2059,2
T-102375,0,mid,0.1364,2
T-102376,1,high,0.1739,2
T-102377,0,mid,0.125,3
T-102378,2,low,0.0625,3
T-102379,1,mid,0.0659,2
T-102380,1,none,0.129,1
T-102381,0,mid,0.1,3
T-102382,2,mid,0.1333,2
T-102383,0,low,0.0755,2
T-102384,0,none,,3
T-102385,1,mid,0.1417,2
T-102386,0,mid,0.0,3
T-102387,0,low,0.2195,3
T-102388,0,mid,0.0476,3
T-102389,1,low,0.1429,3
T-102390,0,low,0.0741,3
T-102391,0,low,0.0,2
T-102392,0,low,0.1064,1
T-102393,0,high,0.0392,2
T-102394,0,none,0.1481,3
T-102395,0,mid,0.0471,2
T-102396,1,mid,0.1611,3
T-102397,0,mid,0.1667,3
T-102398,0,low,0.1299,2
T-102399,5,mid,0.2671,2
T-102400,0,high,0.1818,2
T-102401,0,high,0.0,3
T-102402,3,high,0.1818,3
T-102403,12,mid,0.338,3
T-102404,3,none,0.1169,2
T-102405,1,mid,0.0667,3
T-102406,6,mid,0.213,2
T-102407,0,mid,0.0,1
T-102408,3,mid,0.0773,1
T-102409,2,mid,0.1011,2
T-102410,0,high,0.1765,2
T-102411,1,mid,0.1081,3
T-102412,0,mid,0.1111,1
T-102413,0,mid,0.0,3
T-102414,0,mid,0.1481,1
T-102415,0,none,0.1333,1
T-102416,0,none,0.08,1
T-102417,0,mid,0.2027,1
T-102418,0,mid,0.0667,3
T-102419,0,low,0.0,3
T-102420,0,mid,0.1667,2
T-102421,0,low,0.0,3
T-102422,0,low,0.0,3
T-102423,0,mid,0.1667,1
T-102424,0,mid,0.0,3
T-102425,1,mid,0.0723,3
T-102426,2,mid,0.1447,1
T-102427,6,none,0.213,1
T-102428,0,mid,0.1053,1
T-102429,0,low,0.0,3
T-102430,0,low,0.0,3
T-102431,2,mid,0.1978,3
T-102432,0,mid,0.0392,1
T-102433,3,mid,0.1654,3
T-102434,1,none,0.2778,3
T-102435,1,low,0.0723,2
T-102436,0,mid,0.0,2
T-102437,0,none,0.0566,3
T-102438,1,mid,0.1611,1
T-102439,12,none,0.338,2
T-102440,0,low,0.0,3
T-102441,4,mid,0.1771,2
T-102442,1,mid,0.0659,3
T-102443,2,low,0.0323,2
T-102444,1,mid,0.1053,1
T-102445,1,mid,0.1176,1
T-102446,0,high,0.1034,3
T-102447,0,none,0.25,2
T-102448,0,high,0.1429,3
T-102449,0,mid,0.1765,1
T-102450,0,high,0.0,2
T-102451,0,mid,0.1127,3
T-102452,1,none,0.1778,3
T-102453,1,mid,0.0759,3
T-102454,7,low,0.213,3
T-102455,0,mid,0.2,2
T-102456,0,mid,0.0,3
T-102457,0,none,0.1364,2
T-102458,0,mid,0.1111,3
T-102459,0,low,0.0,1
T-102460,0,high,0.0323,2
T-102461,4,mid,0.1771,2
T-102462,2,mid,0.1818,3
T-102463,0,low,0.0333,3
T-102464,1,mid,0.0403,3
T-102465,0,mid,,3
T-102466,1,low,0.0337,1
T-102467,0,mid,,3
T-102468,0,low,0.0938,3
T-102469,0,none,0.0667,3
T-102470,0,mid,0.2857,2
T-102471,5,none,0.1074,3
T-102472,0,mid,0.0,3
T-102473,0,mid,0.0,2
T-102474,0,mid,0.0784,2
T-102475,0,mid,0.0,3
T-102476,0,low,0.1,2
T-102477,0,low,0.0,3
T-102478,0,mid,0.2093,3
T-102479,3,mid,0.1447,3
T-102480,1,high,0.0333,3
T-102481,1,low,0.0723,1
T-102482,5,none,0.1074,3
T-102483,1,mid,0.0588,2
T-102484,2,high,0.0926,2
T-102485,3,mid,0.1472,3
T-102486,0,mid,0.0,1
T-102487,0,mid,0.1111,1
T-102488,2,mid,0.1978,3
T-102489,0,mid,,1
T-102490,2,mid,0.4211,3
T-102491,0,low,0.0,3
T-102492,2,mid,0.0759,3
T-102493,0,low,0.1111,3
T-102494,0,high,0.1355,1
T-102495,0,low,0.0952,2
T-102496,4,none,0.2671,2
T-102497,0,mid,0.0476,3
T-102498,2,high,0.0959,1
T-102499,0,mid,0.0959,1
T-102500,0,low,0.2,3
T-102501,0,mid,0.0741,3
T-102502,2,low,0.0323,3
T-102503,1,none,0.1429,3
T-102504,2,none,0.0759,2
T-102505,0,mid,0.1034,1
T-102506,0,mid,0.2857,1
T-102507,2,none,0.1053,2
T-102508,3,high,0.1771,3
T-102509,3,mid,0.163,3
T-102510,0,mid,0.1,2
T-102511,1,mid,0.0625,3
T-102512,0,mid,0.0263,2
T-102513,1,low,0.0417,2
T-102514,4,high,0.1074,3
T-102515,4,mid,0.1074,3
T-102516,2,low,0.0783,1
T-102517,0,low,0.0638,2
T-102518,0,mid,0.125,3
T-102519,12,low,0.338,3
T-102520,1,mid,0.0959,2
T-102521,1,none,0.2121,3
T-102522,2,low,0.1015,3
T-102523,1,mid,0.0337,1
T-102524,3,mid,0.1447,3
T-102525,4,mid,0.2208,1
T-102526,0,none,0.1039,2
T-102527,0,mid,0.0909,2
T-102528,5,mid,0.2372,3
T-102529,0,low,0.1053,2
T-102530,0,none,0.0,3
T-102531,11,high,0.338,3
T-102532,0,none,0.2093,1
T-102533,0,mid,0.1,3
T-102534,1,low,0.0488,2
T-102535,1,low,0.0959,3
T-102536,0,mid,0.2381,3
T-102537,0,none,0.1915,3
T-102538,0,high,0.125,1
T-102539,2,mid,0.1071,3
T-102540,2,high,0.1015,3
T-102541,1,none,0.2121,3
T-102542,0,mid,0.0,1
T-102543,1,low,0.1111,3
T-102544,2,low,0.1053,3
T-102545,0,mid,,3
T-102546,0,mid,0.1176,1
T-102547,3,high,0.1447,3
T-102548,0,mid,0.0833,1
T-102549,3,mid,0.1472,2
T-102550,1,low,0.0959,3
T-102551,0,none,0.1039,1
T-102552,0,mid,0.0556,3
T-102553,0,none,0.0,3
T-102554,3,high,0.1472,3
T-102555,0,none,0.1277,3
T-102556,3,high,0.0773,2
T-102557,0,mid,0.0,3
T-102558,0,low,0.1379,2
T-102559,2,mid,0.1333,1
T-102560,6,none,0.213,2
T-102561,1,mid,0.1417,3
T-102562,0,low,0.0935,3
T-102563,0,mid,,3
T-102564,4,mid,0.3401,1
T-102565,1,mid,0.2093,3
T-102566,0,mid,0.0,2
T-102567,0,mid,0.1071,3
T-102568,0,mid,,3
T-102569,3,high,0.1771,1
T-102570,0,high,0.0667,2
T-102571,1,low,0.0909,2
T-102572,6,none,0.213,3
T-102573,2,high,0.1015,3
T-102574,2,high,0.1333,3
T-102575,2,mid,0.1071,2
T-102576,3,mid,0.1472,2
T-102577,0,mid,0.0385,2
T-102578,0,mid,0.0,3
T-102579,0,low,0.0333,2
T-102580,3,none,0.163,3
T-102581,0,low,0.1039,2
T-102582,0,low,0.0952,1
T-102583,4,mid,0.3401,3
T-102584,0,mid,0.0541,3
T-102585,2,mid,0.0773,2
T-102586,1,mid,0.15,3
T-102587,0,mid,0.0435,2
T-102588,0,none,0.1667,3
T-102589,1,mid,0.0759,2
T-102590,2,mid,0.1412,1
T-102591,0,mid,0.0455,3
T-102592,1,low,0.0333,2
T-102593,0,low,0.4,2
T-102594,0,mid,0.3684,2
T-102595,0,low,0.087,1
T-102596,0,low,0.0392,2
T-102597,0,mid,0.0784,3
T-102598,2,low,0.2778,1
T-102599,0,mid,0.0471,3
T-102600,0,low,0.1304,3
T-102601,1,none,0.5,2
T-102602,0,mid,0.0417,2
T-102603,7,low,0.1849,2
T-102604,0,low,0.1379,2
T-102605,0,low,0.05,3
T-102606,1,mid,0.1429,1
T-102607,0,mid,0.0909,1
T-102608,1,mid,0.0411,1
T-102609,0,mid,0.1538,2
T-102610,3,none,0.1472,2
T-102611,1,mid,0.0938,3
T-102612,0,mid,0.0,3
T-102613,2,mid,0.0773,1
T-102614,1,mid,0.2857,1
T-102615,3,high,0.1447,3
T-102616,1,mid,0.0323,2
T-102617,4,mid,0.3401,3
T-102618,1,mid,0.1429,3
T-102619,2,none,0.1429,3
T-102620,0,mid,0.0769,3
T-102621,0,none,0.0556,3
T-102622,0,mid,0.0556,1
T-102623,2,mid,0.12,3
T-102624,0,mid,0.0385,2
T-102625,0,mid,0.0784,2
T-102626,0,high,0.1316,3
T-102627,0,mid,0.0,2
T-102628,2,mid,0.1611,3
T-102629,1,mid,0.1176,2
T-102630,1,mid,0.1064,2
T-102631,1,low,0.125,1
T-102632,0,mid,0.0,3
T-102633,1,low,0.0759,3
T-102634,1,mid,0.0759,2
T-102635,5,mid,0.213,3
T-102636,0,mid,0.0556,3
T-102637,0,mid,0.0935,2
T-102638,0,mid,0.1039,3
T-102639,0,high,0.0519,2
T-102640,0,mid,0.05,3
T-102641,3,high,0.0959,1
T-102642,2,none,0.1611,2
T-102643,1,mid,0.2128,2
T-102644,5,none,0.2208,3
T-102645,4,mid,0.3578,1
T-102646,0,low,0.0476,2
T-102647,2,mid,0.1011,1
T-102648,3,mid,0.1472,1
T-102649,0,mid,0.0541,3
T-102650,0,high,0.1277,1
T-102651,1,low,0.0455,3
T-102652,0,low,0.1667,2
T-102653,0,none,0.0,3
T-102654,0,mid,0.0519,3
T-102655,0,none,0.0784,3
T-102656,0,mid,0.0435,3
T-102657,2,mid,0.1778,2
T-102658,0,mid,0.0,2
T-102659,0,mid,0.0417,2
T-102660,1,mid,0.1765,2
T-102661,0,high,0.0,3
T-102662,3,none,0.1447,3
T-102663,0,low,0.0,3
T-102664,2,high,0.0783,1
T-102665,1,mid,0.1015,3
T-102666,5,none,0.2372,3
T-102667,0,low,0.0,1
T-102668,0,low,0.3125,2
T-102669,1,high,0.2381,2
T-102670,1,mid,0.1355,3
T-102671,0,none,0.0,3
T-102672,0,mid,,3
T-102673,2,mid,0.1053,2
T-102674,0,low,0.0714,2
T-102675,2,low,0.1053,2
T-102676,0,none,0.0,2
T-102677,1,low,0.2128,3
T-102678,1,mid,0.1176,2
T-102679,0,high,0.0392,3
T-102680,0,low,0.0,3
T-102681,0,mid,0.0392,3
T-102682,0,none,0.0526,3
T-102683,1,high,0.1481,2
T-102684,0,mid,0.1515,3
T-102685,0,none,0.0,2
T-102686,1,none,0.1481,2
T-102687,0,mid,0.0,2
T-102688,2,none,0.1429,3
T-102689,0,mid,0.1,2
T-102690,1,mid,0.1,3
T-102691,0,mid,0.0323,3
T-102692,1,mid,0.0488,2
T-102693,3,mid,0.0959,3
T-102694,1,mid,0.2812,1
T-102695,5,high,0.2208,1
T-102696,1,mid,0.129,3
T-102697,1,high,0.2083,1
T-102698,5,mid,0.213,3
T-102699,1,mid,0.1417,1
T-102700,0,low,0.0385,2
T-102701,0,none,0.0417,2
T-102702,0,mid,0.1071,3
T-102703,0,mid,0.0385,3
T-102704,0,mid,0.0385,3
T-102705,0,none,0.0526,3
T-102706,0,mid,0.0893,3
T-102707,1,high,0.0659,1
T-102708,2,none,0.0783,2
T-102709,0,mid,0.1429,1
T-102710,0,mid,0.0392,3
T-102711,3,high,0.1074,1
T-102712,1,low,0.0759,3
T-102713,1,mid,0.0781,2
T-102714,0,low,0.1429,2
T-102715,1,low,0.1429,2
T-102716,4,mid,0.2671,1
T-102717,2,mid,0.3125,3
T-102718,0,mid,0.1127,3
T-102719,0,low,0.0,3
T-102720,0,low,0.0435,2
T-102721,2,mid,0.163,3
T-102722,1,mid,0.2,2
T-102723,0,low,0.1538,2
T-102724,0,low,0.1667,3
T-102725,2,low,0.1778,3
T-102726,0,mid,0.0784,3
T-102727,5,high,0.2671,1
T-102728,1,high,0.1015,3
T-102729,0,mid,0.1299,2
T-102730,0,low,0.1111,2
T-102731,2,none,0.1429,3
T-102732,1,mid,0.0759,2
T-102733,0,mid,0.0294,1
T-102734,0,mid,0.0,3
T-102735,2,mid,0.1611,2
T-102736,2,high,0.1333,3
T-102737,0,high,0.1429,3
T-102738,0,mid,0.1852,1
T-102739,0,mid,0.1429,1
T-102740,3,high,0.1074,3
T-102741,0,high,0.0471,2
T-102742,2,low,0.2899,3
T-102743,5,none,0.2671,2
T-102744,2,low,0.1778,1
T-102745,1,mid,0.0741,2
T-102746,0,none,0.0,3
T-102747,0,low,0.1,1
T-102748,0,none,0.0833,2
T-102749,1,high,0.0455,1
T-102750,0,mid,0.1277,3
T-102751,1,none,0.3125,3
T-102752,2,mid,0.1978,1
T-102753,2,none,0.0773,2
T-102754,0,mid,0.1515,1
T-102755,7,mid,0.338,2
T-102756,4,none,0.1472,2
T-102757,0,none,0.0471,2
T-102758,0,none,0.0303,3
T-102759,1,high,0.1579,3
T-102760,3,high,0.1447,1
T-102761,3,high,0.0959,1
T-102762,0,high,0.0625,3
T-102763,7,mid,0.338,1
T-102764,3,mid,0.1978,1
T-102765,1,mid,0.1216,3
T-102766,1,low,0.0773,3
T-102767,0,none,0.0769,3
T-102768,1,mid,0.0723,3
T-102769,1,low,0.1389,3
T-102770,1,mid,0.1355,1
T-102771,0,low,0.1515,3
T-102772,1,mid,0.04,2
T-102773,0,mid,0.1299,2
T-102774,1,mid,0.1064,3
T-102775,5,high,0.213,3
T-102776,0,mid,0.087,2
T-102777,0,low,0.0,1
T-102778,1,mid,0.1111,3
T-102779,1,mid,0.0741,3
T-102780,0,mid,0.0,3
T-102781,1,high,0.2121,3
T-102782,5,high,0.3401,3
T-102783,5,mid,0.2372,2
T-102784,1,mid,0.1778,2
T-102785,2,mid,0.1355,2
T-102786,3,mid,0.15,2
T-102787,0,mid,0.1429,1
T-102788,0,low,0.0,1
T-102789,0,mid,0.0,2
T-102790,2,mid,0.1818,3
T-102791,2,mid,0.4211,1
T-102792,5,mid,0.2372,2
T-102793,2,low,0.1355,1
T-102794,1,mid,0.25,3
T-102795,1,mid,0.1111,2
T-102796,0,low,0.0,2
T-102797,0,mid,0.1064,3
T-102798,3,high,0.1654,3
T-102799,0,mid,0.0,2
T-102800,2,none,0.1053,3
T-102801,1,mid,0.0741,1
T-102802,0,none,0.1127,1
T-102803,0,mid,0.0769,3
T-102804,0,mid,0.3,3
T-102805,1,none,0.15,3
T-102806,1,high,0.1064,3
T-102807,0,low,0.0976,3
T-102808,0,mid,,3
T-102809,0,mid,0.0,1
T-102810,0,low,0.0385,3
T-102811,0,mid,0.1064,3
T-102812,1,mid,0.0337,2
T-102813,6,mid,0.2208,3
T-102814,0,mid,0.2308,3
T-102815,1,low,0.0959,3
T-102816,0,mid,0.1364,1
T-102817,0,none,0.1667,3
T-102818,0,none,0.1111,3
T-102819,0,mid,0.0357,2
T-102820,1,low,0.1778,3
T-102821,1,mid,0.1364,2
T-102822,2,mid,0.12,2
T-102823,0,high,,3
T-102824,0,mid,0.0,1
T-102825,1,mid,0.2128,1
T-102826,0,low,0.0,3
T-102827,8,mid,0.338,3
T-102828,0,mid,0.0741,3
T-102829,1,mid,0.0952,2
T-102830,0,mid,0.0851,1
T-102831,0,mid,0.0,2
T-102832,0,mid,0.1579,3
T-102833,0,high,0.1,3
T-102834,0,low,0.0333,2
T-102835,0,low,1.0,1
T-102836,0,mid,0.0,3
T-102837,0,low,0.0345,2
T-102838,1,mid,0.0403,3
T-102839,0,none,0.0,3
T-102840,0,mid,0.2308,3
T-102841,1,high,0.1765,3
T-102842,6,mid,0.2671,2
T-102843,0,high,0.0471,3
T-102844,1,low,0.2027,2
T-102845,0,high,0.025,3
T-102846,1,low,0.0773,3
T-102847,0,low,0.0,2
T-102848,2,low,0.1053,3
T-102849,0,mid,0.0,3
T-102850,0,high,0.3125,1
T-102851,0,mid,0.05,2
T-102852,1,low,0.0488,3
T-102853,3,low,0.1074,2
T-102854,0,mid,0.1905,3
T-102855,1,mid,0.1015,3
T-102856,0,mid,,3
T-102857,1,high,0.1015,3
T-102858,2,mid,0.0659,1
T-102859,0,none,0.0455,2
T-102860,1,mid,0.3077,3
T-102861,4,mid,0.3401,1
T-102862,0,low,0.1304,1
T-102863,0,none,0.125,2
T-102864,0,low,0.1852,2
T-102865,3,mid,0.1746,2
T-102866,8,mid,0.338,1
T-102867,1,high,0.0337,2
T-102868,2,none,0.3125,3
T-102869,2,none,0.1429,1
T-102870,1,mid,0.1216,3
T-102871,0,mid,0.0,3
T-102872,1,mid,0.1739,1
T-102873,0,mid,0.125,2
T-102874,5,low,0.3401,3
T-102875,3,mid,0.1355,3
T-102876,1,none,0.2381,3
T-102877,0,mid,0.0,2
T-102878,1,none,0.0333,3
T-102879,2,high,0.0926,3
T-102880,0,mid,0.0833,3
T-102881,0,high,0.0,3
T-102882,0,none,,1
T-102883,0,low,0.0,2
T-102884,0,high,0.1316,1
T-102885,4,mid,0.1472,3
T-102886,0,none,0.0667,3
T-102887,0,mid,0.0519,3
T-102888,5,mid,0.3401,2
T-102889,0,low,0.04,2
T-102890,3,high,0.1654,1
T-102891,4,mid,0.1472,3
T-102892,0,high,0.1277,2
T-102893,0,mid,0.0,3
T-102894,0,high,0.0526,3
T-102895,1,mid,0.1515,1
T-102896,0,none,0.0303,3
T-102897,0,high,0.1176,3
T-102898,0,low,0.0,3
T-102899,2,mid,0.125,2
T-102900,1,high,0.1216,3
T-102901,0,high,0.0,3
T-102902,0,mid,0.0833,3
T-102903,5,low,0.213,3
T-102904,1,mid,0.1015,1
T-102905,0,mid,0.0,2
T-102906,0,mid,0.0645,2
T-102907,0,high,0.0833,3
T-102908,2,mid,0.1333,1
T-102909,0,mid,0.1071,1
T-102910,0,mid,0.1316,1
T-102911,2,mid,0.1611,3
T-102912,1,low,0.1111,3
T-102913,0,none,0.0385,3
T-102914,0,low,0.1039,3
T-102915,3,mid,0.1074,2
T-102916,0,low,0.0,2
T-102917,0,mid,0.125,3
T-102918,0,low,0.0,3
T-102919,0,low,0.0,2
T-102920,0,low,0.0,3
T-102921,1,high,0.2121,1
T-102922,0,mid,0.0,2
T-102923,3,high,0.1169,3
T-102924,1,mid,0.1429,2
T-102925,4,mid,0.1447,3
T-102926,0,low,0.0,2
T-102927,5,high,0.2671,3
T-102928,5,mid,0.213,1
T-102929,0,mid,,2
T-102930,4,low,0.1654,2
T-102931,3,high,0.1074,2
T-102932,1,low,0.3061,1
T-102933,9,high,0.338,1
T-102934,0,low,0.1304,1
T-102935,0,mid,0.0526,3
T-102936,0,low,0.0,2
T-102937,0,mid,0.2,1
T-102938,0,none,0.2381,2
T-102939,1,none,0.1176,3
T-102940,2,none,0.0659,2
T-102941,1,mid,0.0741,3
T-102942,1,mid,0.1579,2
T-102943,5,mid,0.3401,1
T-102944,1,mid,0.1579,2
T-102945,0,mid,0.0935,3
T-102946,1,mid,0.1765,3
T-102947,1,low,0.1216,2
T-102948,0,none,0.0,3
T-102949,5,mid,0.2372,2
T-102950,3,mid,0.1412,3
T-102951,0,mid,0.0851,2
T-102952,1,mid,0.0333,2
T-102953,1,low,0.1429,3
T-102954,0,low,0.125,2
T-102955,0,mid,0.0455,3
T-102956,0,none,0.1039,1
T-102957,0,low,0.037,2
T-102958,0,mid,0.1015,2
T-102959,0,high,0.0526,3
T-102960,0,mid,0.0566,3
T-102961,3,high,0.15,2
T-102962,5,low,0.2372,1
T-102963,0,low,0.0303,2
T-102964,4,mid,0.3578,1
T-102965,0,mid,0.1111,3
T-102966,0,low,0.0556,2
T-102967,2,mid,0.1429,1
T-102968,0,low,0.0,3
T-102969,0,mid,0.1556,3
T-102970,0,low,0.0909,1
T-102971,0,mid,0.0,1
T-102972,0,high,0.1015,3
T-102973,0,high,0.2727,3
T-102974,0,mid,0.1277,3
T-102975,0,none,0.1081,3
T-102976,1,mid,0.0357,3
T-102977,0,mid,0.0,3
T-102978,1,mid,0.1818,3
T-102979,1,high,0.2857,2
T-102980,0,low,0.0,3
T-102981,0,mid,0.1143,3
T-102982,1,mid,0.25,1
T-102983,0,high,0.0,1
T-102984,0,mid,0.3125,2
T-102985,2,high,0.1611,3
T-102986,3,mid,0.1355,2
T-102987,0,low,0.0,3
T-102988,0,mid,0.1,2
T-102989,0,high,0.1538,1
T-102990,0,high,0.2381,2
T-102991,1,none,0.1216,2
T-102992,3,none,0.1333,3
T-102993,2,low,0.0659,3
T-102994,0,low,0.0,2
T-102995,0,mid,0.0667,3
T-102996,0,low,0.1556,2
T-102997,0,mid,0.0455,3
T-102998,0,high,0.0,3
T-102999,0,mid,0.0,3
T-103000,0,mid,0.0,3
T-103001,5,mid,0.2372,3
T-103002,1,mid,0.1417,2
T-103003,1,none,0.0333,1
T-103004,1,mid,0.1064,3
T-103005,1,mid,0.04,2
T-103006,1,high,0.0488,2
T-103007,0,mid,0.1064,3
T-103008,2,low,0.163,1
T-103009,1,mid,0.1,3
T-103010,0,none,0.1,2
T-103011,5,mid,0.1849,1
T-103012,1,mid,0.1667,2
T-103013,3,mid,0.1429,3
T-103014,1,mid,0.1429,3
T-103015,0,high,0.1299,3
T-103016,1,mid,0.0781,3
T-103017,0,low,0.0,3
T-103018,4,mid,0.3578,1
T-103019,2,mid,0.4211,1
T-103020,1,high,0.0759,1
T-103021,1,none,0.1064,3
T-103022,2,mid,0.0714,3
T-103023,0,low,0.0833,2
T-103024,0,mid,0.1,1
T-103025,9,mid,0.338,2
T-103026,3,high,0.1355,2
T-103027,0,low,0.0,3
T-103028,1,high,0.0781,2
T-103029,2,mid,0.3061,1
T-103030,0,mid,0.0606,3
T-103031,3,low,0.1429,3
T-103032,0,high,0.375,2
T-103033,1,high,0.1127,3
T-103034,0,mid,0.1039,2
T-103035,5,low,0.2372,3
T-103036,0,none,0.0385,2
T-103037,2,mid,0.1515,3
T-103038,3,low,0.163,1
T-103039,2,none,0.04,3
T-103040,0,mid,0.0435,2
T-103041,0,low,0.1667,2
T-103042,3,mid,0.1746,3
T-103043,0,low,0.0,3
T-103044,0,mid,0.0519,1
T-103045,0,mid,0.0769,1
T-103046,0,mid,0.0345,2
T-103047,0,mid,0.0,3
T-103048,0,mid,0.2381,1
T-103049,1,mid,0.0723,2
T-103050,0,none,0.0,3
T-103051,5,mid,0.3578,2
T-103052,0,low,0.0714,2
T-103053,4,low,0.1654,3
T-103054,0,none,0.1818,3
T-103055,1,mid,0.1,1
T-103056,0,mid,0.1,3
T-103057,0,low,0.1015,3
T-103058,0,mid,0.2,2
T-103059,0,mid,0.1333,3
T-103060,4,mid,0.1654,3
T-103061,1,mid,0.1579,1
T-103062,3,high,0.1978,1
T-103063,5,mid,0.2372,1
T-103064,1,mid,0.1127,2
T-103065,0,mid,0.0333,2
T-103066,0,mid,0.1429,3
T-103067,1,none,0.1216,2
T-103068,0,mid,0.0455,1
T-103069,0,mid,0.1429,3
T-103070,0,low,0.0741,3
T-103071,9,mid,0.338,2
T-103072,0,high,0.0,2
T-103073,1,low,0.0909,3
T-103074,0,mid,0.25,1
T-103075,1,mid,0.0337,3
T-103076,2,mid,0.1515,2
T-103077,0,high,0.1515,3
T-103078,0,none,0.1081,3
T-103079,0,mid,0.1299,2
T-103080,0,mid,0.0,3
T-103081,1,mid,0.1176,1
T-103082,0,low,0.0667,2
T-103083,0,low,0.0541,3
T-103084,1,low,0.1667,1
T-103085,2,high,0.1074,2
T-103086,0,mid,0.0588,1
T-103087,1,high,0.0959,3
T-103088,0,mid,0.0769,3
T-103089,0,low,0.0,2
T-103090,1,mid,0.2857,1
T-103091,0,low,0.1111,2
T-103092,0,low,0.0435,3
T-103093,2,mid,0.0659,3
T-103094,1,mid,0.0952,3
T-103095,0,high,0.1667,1
T-103096,1,mid,0.1429,3
T-103097,1,low,0.0833,3
T-103098,1,low,0.0759,2
T-103099,0,low,0.25,1
T-103100,0,mid,0.0,3
T-103101,0,mid,0.0392,2
T-103102,1,low,0.0959,1
T-103103,2,mid,0.1074,1
T-103104,0,none,0.2195,2
T-103105,1,low,0.2174,1
T-103106,0,none,0.0638,2
T-103107,0,low,0.3333,3
T-103108,0,mid,0.0471,3
T-103109,0,mid,0.0,2
T-103110,1,mid,0.0759,3
T-103111,1,none,0.2027,1
T-103112,4,mid,0.1978,3
T-103113,0,none,0.3125,1
T-103114,0,none,0.0,2
T-103115,1,none,0.0938,2
T-103116,0,low,0.0909,3
T-103117,0,high,0.1818,3
T-103118,1,high,0.1196,1
T-103119,1,none,0.0723,2
T-103120,3,high,0.1472,2
T-103121,1,high,0.0938,3
T-103122,2,mid,0.2027,1
T-103123,0,low,0.0976,3
T-103124,3,high,0.1355,3
T-103125,0,none,0.1277,3
T-103126,0,none,0.0667,2
T-103127,0,mid,0.1311,1
T-103128,0,mid,0.0519,3
T-103129,5,mid,0.2671,3
T-103130,0,low,0.0303,1
T-103131,4,none,0.1654,3
T-103132,0,none,0.2,3
T-103133,2,low,0.0659,3
T-103134,2,none,0.0659,2
T-103135,1,low,0.0759,3
T-103136,0,mid,0.3896,2
T-103137,0,high,0.1765,3
T-103138,6,none,0.2372,1
T-103139,3,high,0.1333,1
T-103140,0,high,0.3896,1
T-103141,0,low,0.1039,3
T-103142,0,mid,0.1015,2
T-103143,0,mid,0.0769,2
T-103144,1,mid,0.1417,1
T-103145,0,mid,0.0,2
T-103146,4,high,0.1978,3
T-103147,0,mid,0.0,2
T-103148,0,low,0.0435,2
T-103149,5,none,0.2671,2
T-103150,1,none,0.1,1
T-103151,1,low,0.0759,2
T-103152,0,none,0.0,3
T-103153,0,mid,0.3125,1
T-103154,0,low,0.0,3
T-103155,0,high,0.2,2
T-103156,2,low,0.1053,1
T-103157,0,high,0.0755,2
T-103158,0,mid,0.0303,3
T-103159,1,mid,0.1011,3
T-103160,0,mid,0.1915,2
T-103161,1,mid,0.1176,3
T-103162,0,mid,0.2,1
T-103163,5,mid,0.2208,3
T-103164,1,mid,0.0909,3
T-103165,9,mid,0.338,2
T-103166,0,low,0.0339,2
T-103167,1,mid,0.0759,2
T-103168,1,low,0.0773,2
T-103169,0,mid,0.3881,2
T-103170,1,low,0.1389,3
T-103171,0,mid,0.2,3
T-103172,1,mid,0.1364,1
T-103173,1,mid,0.0556,3
T-103174,0,mid,0.0339,2
T-103175,0,high,0.1852,1
T-103176,0,low,0.1304,2
T-103177,4,mid,0.1447,3
T-103178,0,low,0.0952,3
T-103179,9,mid,0.338,1
T-103180,1,high,0.1176,1
T-103181,0,low,0.069,3
T-103182,0,none,0.0,3
T-103183,0,high,0.0,3
T-103184,0,low,0.0,3
T-103185,1,high,0.1538,1
T-103186,1,mid,0.1579,2
T-103187,1,none,0.0783,2
T-103188,0,low,0.0588,3
T-103189,1,none,0.1818,1
T-103190,0,mid,0.0,2
T-103191,4,none,0.1447,3
T-103192,0,mid,0.0566,3
T-103193,0,mid,0.1015,2
T-103194,1,none,0.1169,2
T-103195,5,mid,0.213,3
T-103196,0,none,0.0667,3
T-103197,0,none,0.0392,3
T-103198,0,none,0.0345,2
T-103199,0,high,0.1818,2
T-103200,10,mid,0.338,2
T-103201,0,high,0.0741,1
T-103202,0,mid,0.0833,3
T-103203,0,low,0.0935,3
T-103204,0,mid,0.0541,3
T-103205,1,none,0.1765,3
T-103206,1,low,0.0773,3
T-103207,1,none,0.1011,1
T-103208,1,low,0.0959,1
T-103209,6,high,0.2372,3
T-103210,4,mid,0.1978,1
T-103211,0,mid,0.3125,2
T-103212,1,mid,0.0411,3
T-103213,0,high,0.1277,1
T-103214,0,mid,0.0417,3
T-103215,1,mid,0.1429,2
T-103216,0,mid,0.0519,1
T-103217,0,mid,0.1111,1
T-103218,2,high,0.1176,3
T-103219,0,low,0.3881,3
T-103220,1,low,0.0488,2
T-103221,1,mid,0.1,3
T-103222,0,mid,0.2857,2
T-103223,0,low,0.0333,3
T-103224,0,low,0.1364,3
T-103225,0,mid,0.0784,3
T-103226,6,mid,0.2372,1
T-103227,5,low,0.2671,2
T-103228,1,mid,0.0959,3
T-103229,2,none,0.1611,1
T-103230,1,low,0.04,1
T-103231,0,low,0.0,3
T-103232,0,low,0.1667,3
T-103233,0,low,0.025,2
T-103234,0,none,0.0,2
T-103235,3,mid,0.1074,1
T-103236,0,low,,3
T-103237,0,mid,0.0938,1
T-103238,5,mid,0.1978,1
T-103239,1,high,0.2,3
T-103240,0,low,0.1064,1
T-103241,2,mid,0.1196,2
T-103242,0,mid,0.125,3
T-103243,0,mid,0.1111,1
T-103244,3,high,0.1472,2
T-103245,3,high,0.1355,3
T-103246,0,mid,0.1,1
T-103247,0,low,0.0,3
T-103248,3,mid,0.1074,2
T-103249,0,mid,0.0357,2
T-103250,1,none,0.0455,2
T-103251,1,low,0.0403,3
T-103252,3,mid,0.1074,2
T-103253,0,mid,0.0333,3
T-103254,2,low,0.0659,3
T-103255,0,low,0.0333,3
T-103256,0,mid,0.1111,1
T-103257,0,low,0.0476,3
T-103258,3,mid,0.1074,2
T-103259,2,mid,0.125,2
T-103260,5,mid,0.2208,1
T-103261,1,low,0.0759,3
T-103262,0,low,0.0526,3
T-103263,0,mid,0.0,2
T-103264,0,high,0.0833,3
T-103265,0,low,0.1053,2
T-103266,0,mid,,3
T-103267,0,mid,0.1,2
T-103268,1,mid,0.0,3
T-103269,1,high,0.1778,1
T-103270,0,mid,0.125,1
T-103271,0,low,0.0,3
T-103272,1,low,0.0773,3
T-103273,1,high,0.0926,1
T-103274,5,high,0.213,2
T-103275,0,low,0.0769,2
T-103276,0,mid,0.1,1
T-103277,0,mid,0.0,2
T-103278,0,mid,0.1277,3
T-103279,0,mid,0.0769,3
T-103280,0,none,0.0,2
T-103281,0,mid,0.0,3
T-103282,0,mid,,1
T-103283,0,mid,0.05,3
T-103284,0,mid,0.1299,3
T-103285,0,low,0.0,3
T-103286,0,mid,0.0,3
T-103287,2,mid,0.0659,2
T-103288,0,mid,0.1111,1
T-103289,0,mid,0.1,3
T-103290,4,mid,0.2671,3
T-103291,1,low,0.1111,3
T-103292,0,low,0.0,2
T-103293,0,mid,0.0769,2
T-103294,0,low,0.0,3
T-103295,10,none,0.338,1
T-103296,0,none,0.0606,2
T-103297,0,low,0.0,2
T-103298,1,low,0.0519,3
T-103299,4,high,0.1654,3
T-103300,5,mid,0.2372,3
T-103301,0,low,0.0385,2
T-103302,0,low,0.0,3
T-103303,4,mid,0.3401,3
T-103304,4,mid,0.1447,2
T-103305,0,mid,0.0,3
T-103306,0,mid,0.0,2
T-103307,3,mid,0.1472,3
T-103308,0,none,0.0,1
T-103309,4,mid,0.2671,3
T-103310,1,mid,0.1417,3
T-103311,0,mid,0.0337,3
T-103312,3,none,0.1333,1
T-103313,0,mid,0.3684,3
T-103314,10,mid,0.338,1
T-103315,0,none,0.125,3
T-103316,0,mid,0.0935,2
T-103317,4,mid,0.3401,3
T-103318,0,mid,0.0,3
T-103319,0,mid,0.0625,2
T-103320,1,mid,0.1412,3
T-103321,1,low,0.1412,2
T-103322,0,none,,2
T-103323,0,low,0.0,3
T-103324,0,none,0.0833,3
T-103325,3,mid,0.1355,1
T-103326,2,none,0.1196,3
T-103327,3,mid,0.1355,2
T-103328,1,none,0.1064,1
T-103329,0,mid,0.0638,3
T-103330,0,low,0.0,3
T-103331,0,mid,,2
T-103332,1,low,0.1429,2
T-103333,0,none,0.0337,1
T-103334,0,mid,0.0,2
T-103335,0,low,0.1538,3
T-103336,0,none,0.375,1
T-103337,1,none,0.12,2
T-103338,0,mid,0.0588,2
T-103339,1,none,0.0403,2
T-103340,0,mid,0.0,3
T-103341,0,mid,0.0667,3
T-103342,1,low,0.1071,1
T-103343,0,low,0.3333,3
T-103344,0,mid,0.0714,1
T-103345,0,mid,0.1064,2
T-103346,0,none,0.0784,3
T-103347,0,low,0.0759,3
T-103348,0,none,,1
T-103349,0,mid,0.0566,2
T-103350,0,low,0.1923,3
T-103351,5,low,0.2208,1
T-103352,0,mid,0.1015,2
T-103353,3,mid,0.1355,1
T-103354,4,mid,0.3578,1
T-103355,1,low,0.0455,2
T-103356,1,high,0.1579,1
T-103357,0,low,0.125,1
T-103358,1,none,0.1852,2
T-103359,0,mid,0.0,2
T-103360,1,mid,0.0959,2
T-103361,4,low,0.2671,1
T-103362,4,mid,0.1447,3
T-103363,0,mid,0.0893,3
T-103364,6,none,0.1978,3
T-103365,4,mid,0.1074,3
T-103366,0,high,0.3333,3
T-103367,6,none,0.1978,2
T-103368,0,mid,0.08,2
T-103369,0,low,0.0833,2
T-103370,0,low,0.1667,1
T-103371,0,low,0.0392,2
T-103372,0,mid,0.2273,3
T-103373,0,none,0.0,3
T-103374,0,low,0.0,2
T-103375,0,mid,0.2195,2
T-103376,0,mid,0.0784,3
T-103377,0,high,0.0337,1
T-103378,2,mid,0.1196,1
T-103379,1,high,0.1417,3
T-103380,0,low,0.0938,3
T-103381,3,low,0.1176,3
T-103382,0,low,0.1176,3
T-103383,1,mid,0.0588,3
T-103384,0,low,0.0,3
T-103385,2,high,0.1429,3
T-103386,4,low,0.3401,1
T-103387,0,mid,0.0,3
T-103388,1,high,0.1417,3
T-103389,0,mid,0.1111,3
T-103390,0,mid,0.25,3
T-103391,1,mid,0.1304,3
T-103392,1,mid,0.2121,3
T-103393,1,mid,0.0773,3
T-103394,1,none,0.3896,3
T-103395,5,mid,0.2208,1
T-103396,0,mid,0.0769,3
T-103397,0,low,0.0723,2
T-103398,0,mid,0.0541,2
T-103399,0,mid,0.0759,3
T-103400,1,low,0.0909,2
T-103401,0,mid,0.0,3
T-103402,0,low,0.0,2
T-103403,0,mid,0.125,2
T-103404,1,low,0.125,3
T-103405,0,mid,0.1159,2
T-103406,0,mid,0.1039,3
T-103407,9,low,0.338,1
T-103408,1,low,0.0938,2
T-103409,0,mid,0.0588,3
T-103410,1,none,0.1216,1
T-103411,0,mid,0.0,2
T-103412,5,mid,0.2372,3
T-103413,0,mid,0.1515,3
T-103414,0,mid,0.0833,1
T-103415,0,mid,0.1299,3
T-103416,0,mid,0.3333,1
T-103417,0,mid,0.1176,3
T-103418,0,mid,0.0455,1
T-103419,0,high,0.0417,2
T-103420,0,high,0.0476,2
T-103421,0,high,0.0,3
T-103422,0,low,0.0,3
T-103423,0,none,0.0541,3
T-103424,0,none,0.0303,1
T-103425,3,high,0.1849,1
T-103426,1,mid,0.1818,3
T-103427,0,mid,0.0606,3
T-103428,0,mid,0.0625,3
T-103429,0,mid,0.0323,3
T-103430,1,mid,0.0783,3
T-103431,0,none,0.0759,3
T-103432,0,mid,0.0625,3
T-103433,0,mid,,2
T-103434,1,low,0.2899,3
T-103435,0,mid,,2
T-103436,0,mid,0.0541,2
T-103437,2,mid,0.163,3
T-103438,0,mid,0.0667,3
T-103439,2,mid,0.0959,3
T-103440,0,none,0.1915,2
T-103441,0,mid,0.1299,3
T-103442,0,mid,0.0339,3
T-103443,0,mid,0.3881,1
T-103444,3,high,0.15,3
T-103445,0,high,0.1081,3
T-103446,5,mid,0.213,1
T-103447,0,none,0.0667,3
T-103448,0,mid,0.125,1
T-103449,0,mid,0.1429,2
T-103450,0,mid,,3
T-103451,5,mid,0.213,3
T-103452,0,none,0.0741,3
T-103453,0,mid,0.0,1
T-103454,0,none,0.0851,3
T-103455,1,mid,0.0741,3
T-103456,0,low,0.0,3
T-103457,2,low,0.1746,3
T-103458,0,high,0.1538,3
T-103459,0,mid,0.0645,3
T-103460,0,mid,0.0566,2
T-103461,1,none,0.0741,3
T-103462,2,mid,0.1316,3
T-103463,0,none,0.1111,3
T-103464,0,mid,0.0,2
T-103465,2,low,0.1316,3
T-103466,4,mid,0.3578,1
T-103467,1,mid,0.0455,2
T-103468,0,mid,0.1015,3
T-103469,4,high,0.1849,3
T-103470,1,mid,0.1111,1
T-103471,4,high,0.1654,2
T-103472,0,mid,0.08,3
T-103473,3,none,0.15,3
T-103474,0,low,0.0723,3
T-103475,3,high,0.1611,3
T-103476,0,low,0.3333,2
T-103477,1,none,0.2121,3
T-103478,0,none,0.1039,3
T-103479,0,mid,0.1667,2
T-103480,1,low,0.1111,2
T-103481,1,mid,0.0333,1
T-103482,2,mid,0.1746,3
T-103483,0,mid,0.0,3
T-103484,0,low,0.125,1
T-103485,0,none,0.0,3
T-103486,0,mid,0.0471,1
T-103487,1,mid,0.129,1
T-103488,9,mid,0.338,1
T-103489,0,mid,0.2,2
T-103490,0,mid,0.0,1
T-103491,0,high,0.1556,3
T-103492,4,low,0.1355,3
T-103493,2,high,0.0959,1
T-103494,0,none,0.1039,3
T-103495,2,low,0.1333,2
T-103496,2,mid,0.1333,3
T-103497,1,none,0.0519,3
T-103498,4,none,0.1447,2
T-103499,0,low,0.0741,2
T-103500,0,mid,0.1923,2
T-103501,4,high,0.1074,1
T-103502,0,low,0.3333,1
T-103503,1,mid,0.0783,3
T-103504,4,low,0.1849,1
T-103505,0,low,0.2857,3
T-103506,0,high,0.4545,2
T-103507,0,mid,0.0,3
T-103508,2,low,0.0714,1
T-103509,1,mid,0.1412,1
T-103510,0,low,0.0303,3
T-103511,0,none,0.125,2
T-103512,0,high,0.0,2
T-103513,0,low,0.0952,2
T-103514,0,high,0.0833,2
T-103515,2,low,0.1538,2
T-103516,0,mid,0.0571,2
T-103517,0,mid,0.125,3
T-103518,0,low,0.1515,2
T-103519,3,mid,0.0959,1
T-103520,0,low,0.125,2
T-103521,1,low,0.0773,1
T-103522,1,mid,0.1429,1
T-103523,1,mid,0.1481,2
T-103524,0,mid,0.0714,3
T-103525,5,high,0.2671,1
T-103526,0,low,0.0935,3
T-103527,3,mid,0.1472,3
T-103528,0,low,0.0455,3
T-103529,0,none,0.0,2
T-103530,1,none,0.0909,1
T-103531,1,mid,0.1412,2
T-103532,0,low,0.0935,1
T-103533,1,mid,0.15,1
T-103534,3,low,0.1447,2
T-103535,0,low,0.0714,1
T-103536,5,high,0.3401,3
T-103537,0,high,0.0,3
T-103538,0,mid,0.0,2
T-103539,0,high,0.1015,1
T-103540,1,none,0.0519,2
T-103541,0,mid,0.3333,1
T-103542,2,mid,0.0333,3
T-103543,1,mid,0.0926,3
T-103544,1,low,0.1304,1
T-103545,0,mid,0.1015,1
T-103546,0,mid,0.0455,1
T-103547,10,mid,0.338,1
T-103548,0,none,0.1,1
T-103549,1,mid,0.1667,2
T-103550,10,mid,0.338,3
T-103551,1,high,0.1311,3
T-103552,6,mid,0.2671,3
T-103553,0,mid,0.1429,3
T-103554,1,mid,0.1778,1
T-103555,1,none,0.1071,3
T-103556,1,mid,0.1771,2
T-103557,2,low,0.1429,1
T-103558,0,low,0.0,3
T-103559,0,mid,0.0392,2
T-103560,2,low,0.2083,2
T-103561,0,mid,0.1304,3
T-103562,0,low,0.1111,1
T-103563,2,mid,0.1333,3
T-103564,2,mid,0.1333,2
T-103565,1,mid,0.1169,2
T-103566,0,low,0.1143,3
T-103567,0,mid,0.1538,3
T-103568,5,low,0.213,1
T-103569,2,mid,0.1746,2
T-103570,0,low,0.0645,3
T-103571,0,mid,0.0,2
T-103572,0,low,0.0833,3
T-103573,1,mid,0.0909,1
T-103574,0,mid,0.0,3
T-103575,1,mid,0.1778,1
T-103576,1,mid,0.1765,2
T-103577,1,high,0.0909,3
T-103578,0,low,0.0833,2
T-103579,0,low,0.0,2
T-103580,0,mid,0.0,2
T-103581,2,mid,0.1316,2
T-103582,2,mid,0.1196,2
T-103583,2,low,0.1015,3
T-103584,3,high,0.1611,3
T-103585,1,mid,0.0519,2
T-103586,0,mid,0.0,3
T-103587,6,mid,0.2208,2
T-103588,0,low,0.0909,2
T-103589,0,high,0.1039,2
T-103590,2,low,0.1579,2
T-103591,0,none,0.025,3
T-103592,0,low,0.0,3
T-103593,0,mid,0.0541,3
T-103594,0,none,0.1277,2
T-103595,2,mid,0.0659,1
T-103596,4,high,0.3578,1
T-103597,0,low,0.0,3
T-103598,0,low,,3
T-103599,2,mid,0.1333,2
T-103600,1,high,0.1778,3
T-103601,2,high,0.1746,2
T-103602,1,low,0.2899,2
T-103603,0,none,0.0392,3
T-103604,0,mid,0.0,2
T-103605,0,mid,0.0784,2
T-103606,1,low,0.0773,3
T-103607,0,low,0.0,3
T-103608,0,mid,0.0471,3
T-103609,6,mid,0.2671,1
T-103610,1,mid,0.1429,1
T-103611,0,high,0.05,2
T-103612,2,low,0.1746,3
T-103613,0,mid,0.0781,3
T-103614,0,mid,0.0435,3
T-103615,2,high,0.1579,2
T-103616,0,high,0.0,3
T-103617,5,mid,0.2372,1
T-103618,0,mid,,3
T-103619,3,high,0.15,1
T-103620,0,mid,0.0893,3
T-103621,0,mid,0.12,3
T-103622,0,low,0.1333,3
T-103623,0,mid,0.0759,3
T-103624,0,low,0.0638,2
T-103625,7,mid,0.2671,3
T-103626,0,mid,0.2,3
T-103627,0,mid,0.0541,2
T-103628,1,mid,0.0759,3
T-103629,2,mid,0.163,3
T-103630,2,low,0.1015,2
T-103631,1,mid,0.1071,3
T-103632,1,high,0.2899,3
T-103633,0,mid,0.1111,3
T-103634,0,low,0.0588,3
T-103635,3,low,0.0959,2
T-103636,0,mid,0.1333,3
T-103637,1,low,0.1852,3
T-103638,0,mid,0.0,3
T-103639,0,none,0.0,2
T-103640,1,mid,0.04,3
T-103641,1,low,0.0783,3
T-103642,2,mid,0.1015,3
T-103643,1,mid,0.129,3
T-103644,0,high,0.0938,3
T-103645,1,mid,0.1,2
T-103646,1,high,0.1481,3
T-103647,2,mid,0.1333,3
T-103648,1,mid,0.3478,3
T-103649,0,low,0.1818,1
T-103650,3,mid,0.2027,1
T-103651,0,none,0.0,2
T-103652,0,none,0.0,1
T-103653,2,none,0.1515,2
T-103654,7,mid,0.2671,3
T-103655,0,none,0.0417,3
T-103656,5,high,0.3578,1
T-103657,11,mid,0.338,2
T-103658,3,mid,0.1654,2
T-103659,1,mid,0.1417,1
T-103660,2,mid,0.3125,3
T-103661,0,mid,0.0784,2
T-103662,0,high,0.3684,3
T-103663,0,high,0.0667,1
T-103664,0,none,0.1,2
T-103665,0,mid,0.1429,3
T-103666,4,mid,0.1355,2
T-103667,1,high,0.1127,3
T-103668,0,low,0.0294,2
T-103669,4,mid,0.1849,2
T-103670,0,none,0.1765,2
T-103671,0,low,0.0,2
T-103672,0,high,0.0,2
T-103673,5,mid,0.3401,1
T-103674,1,high,0.0783,3
T-103675,1,mid,0.1412,3
T-103676,0,low,0.1299,2
T-103677,1,none,0.0337,3
T-103678,2,mid,0.1196,3
T-103679,0,low,0.0526,3
T-103680,4,mid,0.1849,2
T-103681,0,mid,0.1176,2
T-103682,0,low,0.2,3
T-103683,0,low,0.0723,3
T-103684,0,mid,0.0476,3
T-103685,0,mid,0.0976,1
T-103686,0,mid,0.1039,1
T-103687,1,none,0.0403,2
T-103688,0,mid,0.1556,3
T-103689,3,mid,0.1778,3
T-103690,5,mid,0.1978,3
T-103691,1,mid,0.1,2
T-103692,0,low,0.1277,3
T-103693,2,mid,0.163,3
T-103694,1,mid,0.3333,3
T-103695,0,mid,0.0357,2
T-103696,0,low,0.25,3
T-103697,5,high,0.1074,1
T-103698,1,mid,0.0833,3
T-103699,0,low,0.1277,1
T-103700,2,mid,0.1417,3
T-103701,0,mid,0.1429,3
T-103702,7,high,0.2671,1
T-103703,0,none,,3
T-103704,5,none,0.1074,1
T-103705,1,low,0.0938,2
T-103706,0,mid,0.0,3
T-103707,2,low,0.1417,1
T-103708,2,low,0.1746,2
T-103709,0,low,0.0526,2
T-103710,0,high,0.1538,3
T-103711,0,none,0.0935,2
T-103712,0,none,0.0784,2
T-103713,4,mid,0.1355,2
T-103714,11,mid,0.338,3
T-103715,0,mid,0.0638,3
T-103716,0,low,0.129,1
T-103717,2,high,0.1579,1
T-103718,0,low,0.3,2
T-103719,1,none,0.1011,3
T-103720,0,low,0.3684,1
T-103721,1,none,0.2899,1
T-103722,0,low,0.2727,1
T-103723,2,low,0.163,1
T-103724,1,low,0.1,3
T-103725,0,mid,0.0851,2
T-103726,1,mid,0.1127,1
T-103727,0,mid,0.0392,1
T-103728,0,mid,0.0645,3
T-103729,0,low,0.3125,1
T-103730,0,mid,0.1538,3
T-103731,0,low,0.3,1
T-103732,1,high,0.0337,2
T-103733,0,mid,0.4,3
T-103734,3,mid,0.1472,2
T-103735,0,low,0.0833,1
T-103736,0,none,0.0,3
T-103737,1,mid,0.0403,2
T-103738,1,high,0.0773,3
T-103739,3,high,0.1654,2
T-103740,0,mid,,2
T-103741,0,low,0.0,3
T-103742,0,mid,0.0723,3
T-103743,3,mid,0.0659,1
T-103744,5,mid,0.1074,3
T-103745,0,mid,0.3,1
T-103746,3,high,0.1778,2
T-103747,0,mid,0.0476,1
T-103748,0,low,0.0357,3
T-103749,2,none,0.1429,3
T-103750,0,low,0.1364,3
T-103751,0,mid,0.0759,3
T-103752,5,mid,0.1978,2
T-103753,0,mid,0.25,1
T-103754,5,mid,0.2372,3
T-103755,0,low,0.0,3
T-103756,3,mid,0.0959,3
T-103757,0,high,0.0,3
T-103758,3,mid,0.2778,1
T-103759,0,mid,0.0,2
T-103760,1,mid,0.0773,1
T-103761,1,mid,0.04,3
T-103762,0,high,0.04,2
T-103763,0,none,0.0,3
T-103764,1,low,0.1277,1
T-103765,1,low,0.0833,1
T-103766,0,mid,0.0,3
T-103767,0,high,0.0769,3
T-103768,0,mid,0.0,3
T-103769,2,low,0.1654,1
T-103770,2,mid,0.1015,3
T-103771,0,mid,0.0759,3
T-103772,0,mid,0.1111,2
T-103773,0,none,0.0638,2
T-103774,0,mid,0.1216,3
T-103775,0,high,0.0,1
T-103776,1,low,0.1111,3
T-103777,0,high,0.12,1
T-103778,1,mid,0.1011,3
T-103779,0,none,0.1379,3
T-103780,1,mid,0.1196,1
T-103781,0,none,0.0667,3
T-103782,1,mid,0.3478,1
T-103783,0,mid,0.025,2
T-103784,1,high,0.0403,3
T-103785,0,mid,0.2308,1
T-103786,0,mid,0.0,2
T-103787,5,low,0.3401,1
T-103788,0,mid,0.1515,3
T-103789,1,high,0.0333,3
T-103790,0,mid,0.1429,3
T-103791,0,none,0.125,3
T-103792,0,mid,0.1923,3
T-103793,0,mid,0.0541,2
T-103794,0,mid,0.0,3
T-103795,0,low,0.1818,3
T-103796,0,mid,0.125,2
T-103797,0,low,0.4,1
T-103798,2,low,0.0714,3
T-103799,0,low,0.0,3
T-103800,1,mid,0.1852,1
T-103801,2,low,0.1015,1
T-103802,2,mid,0.3125,2
T-103803,1,high,0.3896,1
T-103804,0,mid,0.0,3
T-103805,0,mid,0.0471,3
T-103806,0,mid,0.0,3
T-103807,0,high,0.12,1
T-103808,1,high,0.3333,2
T-103809,1,high,0.1818,1
T-103810,1,mid,0.0759,1
T-103811,1,mid,0.1818,1
T-103812,0,mid,0.0,2
T-103813,0,low,0.0,2
T-103814,0,low,0.0333,1
T-103815,4,high,0.15,2
T-103816,1,mid,0.1111,3
T-103817,5,high,0.1074,3
T-103818,0,low,0.0833,1
T-103819,5,mid,0.1074,3
T-103820,1,high,0.1,2
T-103821,0,mid,,2
T-103822,0,mid,0.0,3
T-103823,2,low,0.1579,3
T-103824,1,none,0.0773,2
T-103825,3,mid,0.1015,2
T-103826,1,low,0.1481,2
T-103827,0,mid,0.2727,3
T-103828,1,mid,0.0333,3
T-103829,4,low,0.1355,2
T-103830,0,mid,0.1923,1
T-103831,3,none,0.1417,3
T-103832,0,mid,0.1064,2
T-103833,2,mid,0.1429,3
T-103834,0,high,0.0,1
T-103835,3,high,0.1611,3
T-103836,0,mid,0.0,3
T-103837,1,high,0.3333,3
T-103838,0,high,0.3333,3
T-103839,0,low,0.1429,3
T-103840,0,low,0.1818,2
T-103841,0,mid,0.0,3
T-103842,0,mid,0.069,1
T-103843,0,none,0.0526,3
T-103844,1,none,0.0667,3
T-103845,1,mid,0.0783,3
T-103846,0,mid,0.375,1
T-103847,0,mid,0.25,3
T-103848,5,high,0.213,2
T-103849,3,mid,0.1447,2
T-103850,0,mid,0.0,3
T-103851,1,mid,0.0403,2
T-103852,0,low,0.1111,3
T-103853,5,mid,0.2372,2
T-103854,0,mid,0.0357,2
T-103855,0,high,0.0323,3
T-103856,2,mid,0.1412,3
T-103857,0,mid,0.0541,3
T-103858,0,low,0.2381,3
T-103859,0,high,0.0263,2
T-103860,0,none,0.0,2
T-103861,0,none,0.0476,2
T-103862,4,high,0.1355,3
T-103863,0,mid,0.1143,2
T-103864,3,low,0.1015,2
T-103865,5,mid,0.2372,1
T-103866,3,mid,0.1015,3
T-103867,0,mid,0.1064,3
T-103868,0,mid,0.0667,2
T-103869,0,none,0.0385,2
T-103870,1,mid,0.2093,3
T-103871,5,mid,0.2372,3
T-103872,5,mid,0.1074,3
T-103873,0,mid,0.0667,2
T-103874,0,none,0.0,3
T-103875,0,mid,0.0303,1
T-103876,0,mid,0.0,2
T-103877,1,high,0.1765,3
T-103878,0,mid,0.0,3
T-103879,1,high,0.2812,3
T-103880,0,high,0.1389,3
T-103881,4,high,0.2778,1
T-103882,7,none,0.2671,1
T-103883,6,mid,0.2372,1
T-103884,2,mid,0.125,3
T-103885,0,low,0.0,3
T-103886,6,mid,0.2372,1
T-103887,0,mid,0.0417,2
T-103888,6,low,0.2372,2
T-103889,0,mid,0.0,3
T-103890,1,none,0.3333,2
T-103891,5,mid,0.1074,2
T-103892,0,mid,0.1159,3
T-103893,5,mid,0.2208,3
T-103894,0,none,0.0851,3
T-103895,0,low,0.0,3
T-103896,0,none,0.1304,2
T-103897,3,mid,0.1429,3
T-103898,1,mid,0.129,3
T-103899,0,mid,0.0471,1
T-103900,1,mid,0.2093,2
T-103901,0,mid,0.0,3
T-103902,0,mid,0.125,1
T-103903,0,none,0.0,3
T-103904,3,low,0.1778,3
T-103905,0,high,0.1915,1
T-103906,0,high,0.0,3
T-103907,0,none,0.0435,1
T-103908,4,mid,0.1849,1
T-103909,0,none,0.1538,3
T-103910,0,low,0.0667,2
T-103911,4,mid,0.0959,3
T-103912,2,high,0.1196,3
T-103913,0,low,0.0909,2
T-103914,1,mid,0.2899,2
T-103915,4,mid,0.1355,3
T-103916,1,high,0.2812,2
T-103917,0,mid,0.0526,3
T-103918,1,mid,0.0519,3
T-103919,3,low,0.1015,3
T-103920,1,none,0.1304,2
T-103921,0,none,0.1176,3
T-103922,1,mid,0.0411,1
T-103923,0,mid,0.1579,1
T-103924,0,high,0.0926,3
T-103925,4,mid,0.1849,1
T-103926,0,mid,0.0926,3
T-103927,8,low,0.2372,1
T-103928,4,low,0.1849,3
T-103929,7,mid,0.3578,1
T-103930,0,mid,0.2,1
T-103931,0,mid,0.1667,2
T-103932,0,none,0.0333,3
T-103933,4,mid,0.1355,3
T-103934,1,mid,0.0773,3
T-103935,0,none,0.1818,3
T-103936,0,none,0.1169,3
T-103937,1,none,0.0488,3
T-103938,2,low,0.1654,3
T-103939,3,mid,0.1611,2
T-103940,0,mid,0.0526,3
T-103941,0,none,0.1714,2
T-103942,8,low,0.2372,1
T-103943,1,mid,0.25,2
T-103944,0,mid,0.0645,2
T-103945,1,mid,0.0783,3
T-103946,0,none,0.05,2
T-103947,0,mid,0.0723,2
T-103948,1,mid,0.129,2
T-103949,0,mid,0.0,1
T-103950,0,low,,3
T-103951,1,low,0.0773,2
T-103952,3,high,0.0659,1
T-103953,1,high,0.3684,1
T-103954,0,mid,0.2195,2
T-103955,0,high,0.0,2
T-103956,0,high,0.0723,2
T-103957,10,low,0.338,2
T-103958,2,high,0.0714,3
T-103959,0,low,0.0769,3
T-103960,0,low,0.0,2
T-103961,0,mid,0.0,2
T-103962,2,none,0.3125,3
T-103963,1,low,0.1304,1
T-103964,0,high,0.1064,2
T-103965,1,low,0.1923,2
T-103966,1,low,0.0773,1
T-103967,0,mid,0.0,3
T-103968,0,mid,0.0789,3
T-103969,2,high,0.0714,3
T-103970,3,low,0.1417,2
T-103971,10,none,0.338,3
T-103972,0,mid,0.1169,2
T-103973,2,low,0.1579,2
T-103974,0,mid,0.0,3
T-103975,0,high,0.0851,3
T-103976,1,mid,0.1667,3
T-103977,7,mid,0.2671,2
T-103978,0,mid,0.0541,3
T-103979,2,mid,0.2083,3
T-103980,1,mid,0.1923,2
T-103981,0,none,0.1429,2
T-103982,0,mid,0.0,2
T-103983,1,none,0.1,2
T-103984,1,low,0.0952,2
T-103985,1,high,0.1746,3
T-103986,0,mid,0.0476,2
T-103987,0,mid,0.0,3
T-103988,1,none,0.1746,2
T-103989,0,mid,,2
T-103990,2,mid,0.1654,3
T-103991,3,mid,0.1611,3
T-103992,0,mid,0.0,1
T-103993,5,none,0.213,2
T-103994,0,low,0.0,2
T-103995,1,mid,0.0938,1
T-103996,0,mid,0.0781,1
T-103997,0,mid,0.0723,1
T-103998,1,low,0.0833,3
T-103999,1,mid,0.0959,3
T-104000,2,high,0.1654,3
T-104001,0,low,0.1159,2
T-104002,1,mid,0.0667,2
T-104003,1,mid,0.1771,3
T-104004,5,low,0.2208,2
T-104005,0,none,0.1389,3
T-104006,1,mid,0.0773,3
T-104007,6,low,0.3401,3
T-104008,0,mid,0.0294,3
T-104009,0,low,0.0323,1
T-104010,3,mid,0.1447,3
T-104011,1,low,0.1304,1
T-104012,4,none,0.0659,3
T-104013,1,mid,0.1915,3
T-104014,1,low,0.1852,1
T-104015,0,low,0.0,3
T-104016,1,low,0.0833,2
T-104017,0,none,0.0588,1
T-104018,5,none,0.1074,2
T-104019,0,low,0.0,3
T-104020,2,low,0.4211,1
T-104021,1,low,0.0471,2
T-104022,4,low,0.1355,1
T-104023,0,mid,0.0339,1
T-104024,2,none,0.1196,1
T-104025,0,high,0.0833,3
T-104026,0,mid,0.1714,1
T-104027,0,mid,0.1538,3
T-104028,1,mid,0.0959,3
T-104029,1,high,0.1778,1
T-104030,0,mid,0.1429,3
T-104031,0,low,0.1481,3
T-104032,2,low,0.0714,2
T-104033,1,high,0.0411,2
T-104034,1,mid,0.0773,3
T-104035,1,mid,0.2812,2
T-104036,1,low,0.2121,2
T-104037,0,mid,0.2899,1
T-104038,2,high,0.1316,1
T-104039,0,mid,0.129,2
T-104040,0,mid,0.0,2
T-104041,2,none,0.1472,3
T-104042,5,mid,0.213,1
T-104043,0,high,0.0,2
T-104044,0,mid,0.0,3
T-104045,1,mid,0.1654,1
T-104046,0,low,0.0333,1
T-104047,0,none,0.0,1
T-104048,0,mid,0.0,1
T-104049,0,low,0.1159,1
T-104050,0,mid,0.1818,2
T-104051,3,mid,0.1015,2
T-104052,0,mid,0.1429,2
T-104053,0,low,0.0345,2
T-104054,6,mid,0.213,1
T-104055,0,low,0.05,1
T-104056,1,high,0.1,3
T-104057,0,mid,0.0723,1
T-104058,0,mid,0.0,3
T-104059,0,mid,0.0566,3
T-104060,0,high,0.0,3
T-104061,0,none,0.0723,2
T-104062,2,mid,0.163,3
T-104063,0,low,0.1429,2
T-104064,0,none,0.0,2
T-104065,0,none,0.0,3
T-104066,0,mid,0.0417,1
T-104067,5,mid,0.1074,3
T-104068,10,mid,0.338,1
T-104069,1,none,0.0723,2
T-104070,0,low,0.0417,3
T-104071,3,mid,0.1447,3
T-104072,1,high,0.2128,3
T-104073,0,high,0.0526,3
T-104074,0,none,0.0,3
T-104075,2,none,0.2857,3
T-104076,1,mid,0.1111,2
T-104077,0,low,0.0909,2
T-104078,1,none,0.0773,3
T-104079,0,mid,0.0392,3
T-104080,0,mid,0.1034,3
T-104081,0,mid,0.0935,2
T-104082,3,high,0.1316,3
T-104083,1,mid,0.2128,1
T-104084,0,mid,0.0392,2
T-104085,4,mid,0.15,3
T-104086,5,high,0.1849,3
T-104087,1,mid,0.1765,2
T-104088,0,mid,0.1333,3
T-104089,0,mid,0.4,2
T-104090,0,low,0.0,2
T-104091,6,high,0.3401,1
T-104092,1,mid,0.0471,2
T-104093,1,high,0.0909,1
T-104094,4,mid,0.0659,2
T-104095,0,low,,2
T-104096,4,low,0.0659,2
T-104097,0,mid,0.0,2
T-104098,1,high,0.1277,3
T-104099,0,mid,0.1429,1
T-104100,1,mid,0.1746,3
T-104101,0,none,0.0541,2
T-104102,0,low,0.0,3
T-104103,0,mid,0.1481,2
T-104104,0,none,0.2899,2
T-104105,0,mid,0.0,3
T-104106,2,mid,0.1579,2
T-104107,0,mid,0.0323,3
T-104108,0,mid,0.1875,1
T-104109,0,none,0.1081,2
T-104110,0,low,0.0714,2
T-104111,0,low,0.0541,3
T-104112,2,none,0.1538,3
T-104113,1,none,0.0488,2
T-104114,0,mid,0.037,2
T-104115,0,low,0.0759,1
T-104116,0,high,0.1011,2
T-104117,3,mid,0.1447,2
T-104118,5,low,0.1849,3
T-104119,0,high,0.16,3
T-104120,9,mid,0.338,3
T-104121,1,mid,0.1429,2
T-104122,1,mid,0.0959,3
T-104123,1,low,0.1923,1
T-104124,2,mid,0.1127,2
T-104125,0,low,0.0,3
T-104126,0,mid,0.1277,2
T-104127,0,high,0.0893,1
T-104128,0,mid,0.1429,2
T-104129,1,mid,0.0455,3
T-104130,2,mid,0.1412,1
T-104131,0,mid,0.0263,1
T-104132,2,none,0.0714,3
T-104133,0,mid,0.1765,1
T-104134,3,mid,0.1447,2
T-104135,1,mid,0.0471,2
T-104136,0,mid,0.0,2
T-104137,2,mid,0.163,3
T-104138,1,high,0.1746,1
T-104139,0,none,0.2899,3
T-104140,1,mid,0.1071,3
T-104141,0,mid,0.0,2
T-104142,0,low,0.0,2
T-104143,1,low,0.2093,1
T-104144,7,mid,0.3401,1
T-104145,0,none,0.0,3
T-104146,0,high,0.0625,1
T-104147,2,mid,0.1579,1
T-104148,0,low,0.0909,3
T-104149,4,mid,0.1849,1
T-104150,0,none,0.0455,3
T-104151,0,low,0.0294,3
T-104152,1,high,0.1111,2
T-104153,0,mid,0.0,2
T-104154,1,none,0.0909,3
T-104155,0,mid,0.0,1
T-104156,0,high,0.0526,3
T-104157,6,none,0.2372,1
T-104158,2,none,0.2083,3
T-104159,9,none,0.338,2
T-104160,1,mid,0.0403,3
T-104161,2,mid,0.0723,2
T-104162,1,mid,0.0403,1
T-104163,0,none,0.1481,3
T-104164,2,none,0.3896,1
T-104165,0,mid,0.1667,2
T-104166,1,mid,0.0337,3
T-104167,2,mid,0.1429,2
T-104168,0,low,0.0526,2
T-104169,5,mid,0.1978,1
T-104170,0,high,0.0935,2
T-104171,0,mid,0.1538,3
T-104172,0,mid,0.1159,2
T-104173,0,mid,0.1714,3
T-104174,0,mid,0.0,2
T-104175,0,low,0.0588,2
T-104176,6,mid,0.1978,3
T-104177,0,mid,0.1159,2
T-104178,0,high,0.0645,3
T-104179,0,mid,0.0,2
T-104180,1,low,0.1277,3
T-104181,5,mid,0.1074,3
T-104182,3,high,0.1176,3
T-104183,0,high,0.0773,3
T-104184,2,none,0.0723,2
T-104185,2,low,0.1333,1
T-104186,2,high,0.1472,3
T-104187,0,low,0.1364,3
T-104188,2,high,0.163,2
T-104189,6,mid,0.1978,3
T-104190,2,mid,0.1746,3
T-104191,0,high,0.0783,3
T-104192,7,none,0.3578,1
T-104193,0,mid,0.0606,3
T-104194,1,none,0.0833,1
T-104195,5,low,0.1074,2
T-104196,0,mid,,3
T-104197,0,none,0.0,1
T-104198,0,mid,0.1667,2
T-104199,6,mid,0.2372,2
T-104200,2,mid,0.1852,1
T-104201,0,low,0.0,3
T-104202,0,low,0.1667,3
T-104203,9,mid,0.338,1
T-104204,0,mid,0.1299,3
T-104205,0,low,0.0,2
T-104206,0,low,0.0833,3
T-104207,3,high,0.1579,3
T-104208,2,mid,0.163,2
T-104209,0,none,0.0476,3
T-104210,0,mid,0.0645,3
T-104211,3,low,0.2778,3
T-104212,0,high,0.0645,3
T-104213,3,none,0.1778,2
T-104214,0,low,0.0,3
T-104215,0,low,0.1538,2
T-104216,0,mid,0.0,1
T-104217,1,mid,0.0471,3
T-104218,0,mid,0.0773,3
T-104219,2,none,0.2093,3
T-104220,0,none,0.0417,3
T-104221,2,mid,0.1196,2
T-104222,7,mid,0.2671,1
T-104223,5,high,0.1074,3
T-104224,1,mid,0.0833,1
T-104225,0,mid,0.1429,3
T-104226,0,high,0.0773,2
T-104227,2,mid,0.2128,1
T-104228,6,high,0.213,3
T-104229,3,high,0.1176,2
T-104230,2,mid,0.125,3
T-104231,1,mid,0.2,2
T-104232,0,mid,0.1351,3
T-104233,3,mid,0.1412,1
T-104234,0,none,0.0,2
T-104235,0,low,0.0,2
T-104236,0,mid,0.3478,3
T-104237,0,high,0.0,3
T-104238,1,mid,0.1039,1
T-104239,2,high,0.125,1
T-104240,0,mid,,3
T-104241,3,mid,0.1015,1
T-104242,0,mid,0.0,3
T-104243,3,mid,0.3896,3
T-104244,1,mid,0.3881,2
T-104245,0,mid,0.0556,3
T-104246,0,low,0.0476,2
T-104247,0,low,,1
T-104248,0,none,0.0417,3
T-104249,0,mid,0.1176,3
T-104250,0,mid,0.125,3
T-104251,1,mid,0.1034,3
T-104252,1,high,0.0333,3
T-104253,0,mid,0.0476,3
T-104254,0,mid,0.1333,3
T-104255,0,mid,0.1176,3
T-104256,0,mid,0.0773,1
T-104257,0,mid,0.04,3
T-104258,0,high,0.1064,1
T-104259,0,mid,0.1111,2
T-104260,1,none,0.0339,3
T-104261,9,high,0.338,3
T-104262,1,high,0.1765,2
T-104263,1,mid,0.1915,1
T-104264,1,mid,0.0337,3
T-104265,0,none,0.0625,3
T-104266,0,mid,0.0773,3
T-104267,0,none,0.0909,2
T-104268,6,mid,0.1978,3
T-104269,0,low,0.0,3
T-104270,0,mid,0.5455,1
T-104271,0,mid,0.1556,1
T-104272,1,mid,0.1771,3
T-104273,0,mid,0.0435,2
T-104274,6,mid,0.1978,2
T-104275,0,none,0.04,3
T-104276,0,mid,0.0385,1
T-104277,2,mid,0.1196,1
T-104278,3,mid,0.4211,2
T-104279,0,low,0.0,3
T-104280,2,mid,0.163,2
T-104281,0,low,0.0769,2
T-104282,0,none,0.0,3
T-104283,0,mid,0.0,2
T-104284,0,none,0.0,3
T-104285,3,mid,0.1852,2
T-104286,0,high,0.0,2
T-104287,0,low,0.0323,2
T-104288,0,none,0.1,2
T-104289,0,high,0.0,2
T-104290,0,low,0.0571,3
T-104291,0,mid,0.0,2
T-104292,3,mid,0.1429,3
T-104293,9,mid,0.338,2
T-104294,0,mid,0.0526,3
T-104295,1,mid,0.0759,3
T-104296,1,high,0.1778,3
T-104297,0,low,0.0769,3
T-104298,1,mid,0.1429,2
T-104299,4,high,0.1015,1
T-104300,1,mid,0.3333,1
T-104301,0,high,0.1216,3
T-104302,3,mid,0.3896,2
T-104303,4,mid,0.1412,2
T-104304,1,none,0.2381,2
T-104305,9,high,0.338,1
T-104306,3,mid,0.1579,3
T-104307,1,low,0.0411,1
T-104308,0,mid,0.0,1
T-104309,1,none,0.0471,2
T-104310,8,none,0.2671,1
T-104311,0,none,0.0926,2
T-104312,0,mid,0.0,2
T-104313,0,mid,0.1364,3
T-104314,2,low,0.1746,3
T-104315,0,mid,0.125,2
T-104316,1,high,0.0337,2
T-104317,0,mid,0.1071,3
T-104318,0,mid,0.1111,3
T-104319,6,high,0.213,3
T-104320,0,low,0.0,2
T-104321,1,low,0.1481,3
T-104322,0,mid,0.1351,3
T-104323,0,mid,0.0,2
T-104324,0,mid,0.0769,1
T-104325,6,high,0.2372,3
T-104326,0,mid,0.0,3
T-104327,1,mid,0.15,3
T-104328,2,mid,0.1472,2
T-104329,4,mid,0.1849,3
T-104330,0,mid,0.1064,3
T-104331,1,none,0.1034,3
T-104332,1,low,0.1875,3
T-104333,1,mid,0.1159,1
T-104334,0,mid,0.0755,3
T-104335,0,mid,0.2059,1
T-104336,2,high,0.1333,3
T-104337,2,mid,0.1039,3
T-104338,0,high,0.1,3
T-104339,1,mid,0.0759,2
T-104340,3,high,0.1316,2
T-104341,0,low,0.069,3
T-104342,2,none,0.1111,3
T-104343,6,mid,0.213,3
T-104344,0,mid,0.2,3
T-104345,1,mid,0.0403,1
T-104346,3,mid,0.1316,2
T-104347,0,mid,0.1053,1
T-104348,0,low,0.1176,2
T-104349,0,none,0.1169,3
T-104350,0,low,0.0385,2
T-104351,0,mid,0.0333,3
T-104352,2,mid,0.1472,2
T-104353,0,none,0.0455,2
T-104354,0,low,0.0755,3
T-104355,1,mid,0.0893,3
T-104356,0,mid,,3
T-104357,0,mid,0.04,3
T-104358,0,mid,0.0784,3
T-104359,0,none,0.0667,3
T-104360,0,none,0.0392,2
T-104361,1,mid,0.1064,2
T-104362,2,high,0.3333,2
T-104363,0,mid,0.1011,2
T-104364,0,none,0.0,2
T-104365,1,low,0.1064,1
T-104366,2,none,0.1472,2
T-104367,3,none,0.125,2
T-104368,4,low,0.1074,2
T-104369,1,low,0.0403,1
T-104370,0,low,0.0667,3
T-104371,8,none,0.3401,3
T-104372,0,mid,0.0392,3
T-104373,0,mid,0.0,3
T-104374,6,mid,0.2372,1
T-104375,2,none,0.1159,3
T-104376,0,low,0.0,3
T-104377,2,mid,0.0723,3
T-104378,3,mid,0.2128,2
T-104379,1,high,0.1311,1
T-104380,0,mid,0.3333,3
T-104381,2,mid,0.1447,3
T-104382,0,mid,0.08,1
T-104383,5,mid,0.213,3
T-104384,0,low,0.0,3
T-104385,0,mid,0.0645,3
T-104386,0,low,0.0,3
T-104387,1,mid,0.2059,2
T-104388,3,high,0.125,3
T-104389,0,low,0.0,2
T-104390,2,none,0.1196,3
T-104391,0,mid,0.2,3
T-104392,0,high,0.129,2
T-104393,3,mid,0.0959,3
T-104394,0,high,0.2,2
T-104395,1,mid,0.25,2
T-104396,6,mid,0.2372,3
T-104397,2,mid,0.1159,3
T-104398,1,mid,0.2121,3
T-104399,0,low,0.2381,1
T-104400,0,mid,0.0403,1
T-104401,0,mid,0.0455,1
T-104402,0,mid,0.0,3
T-104403,0,mid,0.0,3
T-104404,0,mid,0.1538,2
T-104405,0,none,0.0,1
T-104406,1,high,0.0893,1
T-104407,2,high,0.3333,1
T-104408,0,high,0.0526,2
T-104409,6,mid,0.2372,3
T-104410,0,high,0.0714,2
T-104411,0,mid,0.1169,1
T-104412,0,none,,3
T-104413,4,high,0.1355,3
T-104414,0,mid,0.0588,1
T-104415,2,low,0.0893,1
T-104416,0,mid,0.0,3
T-104417,11,mid,0.338,1
T-104418,2,none,0.1472,3
T-104419,0,none,,1
T-104420,2,low,0.1654,1
T-104421,9,mid,0.2671,3
T-104422,0,high,0.0783,3
T-104423,5,mid,0.1978,3
T-104424,0,mid,0.1,1
T-104425,1,mid,0.129,3
T-104426,1,none,0.0333,2
T-104427,2,mid,0.1447,2
T-104428,1,mid,0.1053,2
T-104429,2,low,0.3333,3
T-104430,8,mid,0.3401,3
T-104431,0,mid,0.0,2
T-104432,1,low,0.5455,3
T-104433,1,high,0.0339,3
T-104434,0,high,0.0,2
T-104435,1,low,0.0759,2
T-104436,0,mid,0.0,2
T-104437,0,low,0.0392,3
T-104438,3,mid,0.1316,1
T-104439,1,mid,0.0411,2
T-104440,12,mid,0.338,3
T-104441,7,none,0.3401,1
T-104442,0,low,0.0781,3
T-104443,2,none,0.1127,3
T-104444,0,none,0.0323,2
T-104445,0,mid,0.0,3
T-104446,0,mid,0.0403,2
T-104447,5,high,0.1978,1
T-104448,0,low,0.0541,2
T-104449,3,mid,0.3333,3
T-104450,0,low,0.1111,3
T-104451,0,low,0.125,3
T-104452,0,low,0.1333,2
T-104453,0,mid,0.3333,3
T-104454,0,mid,0.1111,3
T-104455,0,low,0.0,1
T-104456,1,high,0.2121,1
T-104457,0,mid,0.0435,2
T-104458,0,low,0.0909,1
T-104459,1,low,0.0833,3
T-104460,4,low,0.1412,1
T-104461,2,low,0.1429,2
T-104462,0,low,0.375,1
T-104463,0,none,0.087,3
T-104464,0,low,0.0714,1
T-104465,0,low,0.0526,2
T-104466,0,mid,0.0759,3
T-104467,1,low,0.4,3
T-104468,4,mid,0.1074,2
T-104469,0,high,0.16,3
T-104470,0,none,0.1765,1
T-104471,0,none,0.125,1
T-104472,0,mid,0.1081,3
T-104473,1,mid,0.0337,2
T-104474,12,mid,0.338,2
T-104475,0,mid,0.0,3
T-104476,1,none,0.15,3
T-104477,0,high,0.0526,2
T-104478,2,high,0.3684,1
T-104479,2,high,0.1311,2
T-104480,0,low,0.0,2
T-104481,0,low,0.0,3
T-104482,0,low,0.0,3
T-104483,0,mid,0.0385,3
T-104484,1,mid,0.0759,3
T-104485,0,mid,0.0773,2
T-104486,0,low,0.1081,1
T-104487,8,high,0.3401,1
T-104488,4,mid,0.1355,1
T-104489,0,none,0.125,3
T-104490,4,none,0.1074,3
T-104491,5,mid,0.213,2
T-104492,0,low,0.1333,2
T-104493,0,mid,0.2,1
T-104494,1,low,0.0333,3
T-104495,1,high,0.1169,3
T-104496,3,high,0.3896,1
T-104497,0,mid,0.0,3
T-104498,1,low,0.1875,3
T-104499,4,none,0.1074,3
T-104500,0,mid,0.0541,3
T-104501,0,low,0.0571,3
T-104502,1,none,0.5455,3
T-104503,0,mid,0.0,3
T-104504,0,mid,0.0625,1
T-104505,1,high,0.1169,3
T-104506,0,mid,0.0385,3
T-104507,0,mid,0.037,2
T-104508,2,mid,0.1611,2
T-104509,0,mid,0.1429,2
T-104510,0,mid,0.0588,3
T-104511,5,mid,0.1015,3
T-104512,0,none,,3
T-104513,2,mid,0.1447,3
T-104514,2,mid,0.1429,1
T-104515,0,none,0.0,3
T-104516,1,low,0.1472,2
T-104517,3,none,0.1849,3
T-104518,0,mid,0.12,1
T-104519,0,none,0.1143,3
T-104520,1,mid,0.0759,3
T-104521,0,low,0.0667,1
T-104522,0,low,0.1034,1
T-104523,4,mid,0.3896,1
T-104524,1,high,0.0471,3
T-104525,0,high,0.1299,3
T-104526,1,low,0.0976,3
T-104527,0,mid,0.0,2
T-104528,1,low,0.2,3
T-104529,9,high,0.3401,1
T-104530,1,mid,0.0519,3
T-104531,0,mid,0.1333,3
T-104532,6,mid,0.2372,2
T-104533,4,mid,0.1074,1
T-104534,0,mid,0.1299,3
T-104535,0,low,0.3125,3
T-104536,0,mid,0.0323,3
T-104537,0,none,0.125,3
T-104538,2,none,0.1196,3
T-104539,3,mid,0.1818,1
T-104540,2,mid,0.1429,2
T-104541,0,none,,1
T-104542,2,mid,0.0938,2
T-104543,0,mid,0.0,2
T-104544,1,mid,0.0759,3
T-104545,1,high,0.1765,1
T-104546,0,mid,0.04,3
T-104547,1,none,0.1447,3
T-104548,0,none,0.0,1
T-104549,0,low,0.0,3
T-104550,0,low,0.0,2
T-104551,0,none,0.04,1
T-104552,0,mid,0.0606,3
T-104553,10,mid,0.3401,3
T-104554,0,low,0.1081,3
T-104555,0,low,0.0,2
T-104556,0,high,0.1216,1
T-104557,0,low,0.1515,3
T-104558,1,high,0.1746,1
T-104559,0,low,0.08,1
T-104560,0,mid,0.2195,1
T-104561,4,mid,0.1074,3
T-104562,1,mid,0.1746,2
T-104563,0,mid,0.1333,3
T-104564,0,mid,0.0,2
T-104565,1,mid,0.1,3
T-104566,2,low,0.3061,1
T-104567,0,low,0.0,3
T-104568,2,mid,0.2093,3
T-104569,4,low,0.1074,3
T-104570,3,high,0.0659,1
T-104571,0,low,0.0385,3
T-104572,1,low,0.1111,3
T-104573,1,high,0.1771,2
T-104574,0,mid,0.0,3
T-104575,1,mid,0.1111,3
T-104576,1,high,0.0759,1
T-104577,8,mid,0.2671,1
T-104578,0,mid,0.0571,2
T-104579,0,mid,0.1818,2
T-104580,0,mid,0.0,2
T-104581,0,mid,0.0,1
T-104582,0,mid,0.1143,1
T-104583,0,mid,0.0851,1
T-104584,8,mid,0.2671,2
T-104585,2,high,0.1127,2
T-104586,1,none,0.1771,3
T-104587,12,mid,0.338,2
T-104588,0,low,0.0,3
T-104589,0,mid,0.0345,2
T-104590,1,mid,0.1472,1
T-104591,0,mid,0.0,3
T-104592,0,low,0.1667,3
T-104593,12,low,0.338,3
T-104594,0,mid,0.0,2
T-104595,2,none,0.1538,2
T-104596,0,none,0.025,2
T-104597,1,mid,0.1556,2
T-104598,0,low,0.0789,2
T-104599,0,none,0.1299,2
T-104600,0,high,0.0263,3
T-104601,2,low,0.1429,2
T-104602,1,mid,0.0833,3
T-104603,0,mid,0.0,3
T-104604,0,high,0.25,2
T-104605,0,mid,0.0566,2
T-104606,0,none,0.0,2
T-104607,2,low,0.0759,3
T-104608,0,mid,0.0,3
T-104609,0,mid,0.0935,3
T-104610,0,mid,0.0783,2
T-104611,3,high,0.1654,3
T-104612,0,low,0.0714,2
T-104613,1,mid,0.1611,3
T-104614,0,mid,0.0784,1
T-104615,1,none,0.1053,3
T-104616,0,none,0.08,3
T-104617,2,low,0.163,3
T-104618,0,none,0.0333,3
T-104619,0,mid,0.0,2
T-104620,2,mid,0.1039,3
T-104621,0,low,0.0,1
T-104622,0,mid,0.0,2
T-104623,3,high,0.3684,2
T-104624,0,mid,0.5,3
T-104625,1,low,0.15,2
T-104626,3,low,0.1778,3
T-104627,0,mid,0.0,3
T-104628,0,low,0.3125,1
T-104629,4,mid,0.1074,2
T-104630,1,low,0.0741,3
T-104631,0,high,0.0,3
T-104632,1,none,0.129,3
T-104633,0,low,0.0,1
T-104634,0,high,0.1011,3
T-104635,1,none,0.1111,1
T-104636,0,low,0.0,3
T-104637,12,mid,0.338,3
T-104638,0,none,0.1111,1
T-104639,0,mid,0.1765,3
T-104640,0,low,0.0,3
T-104641,0,mid,,1
T-104642,1,mid,0.0976,3
T-104643,0,mid,0.0,1
T-104644,0,low,0.1176,3
T-104645,0,mid,0.1277,1
T-104646,3,mid,0.0659,2
T-104647,3,none,0.125,3
T-104648,1,high,0.0337,2
T-104649,6,high,0.2372,2
T-104650,3,mid,0.3684,3
T-104651,12,high,0.338,3
T-104652,0,mid,0.1667,2
T-104653,0,mid,0.0488,1
T-104654,0,none,0.0,3
T-104655,0,low,0.0,2
T-104656,2,high,0.1304,1
T-104657,0,mid,0.0909,1
T-104658,0,mid,0.125,1
T-104659,5,high,0.3896,1
T-104660,3,none,0.1818,2
T-104661,0,high,0.05,3
T-104662,0,low,0.1,3
T-104663,0,mid,0.0,3
T-104664,0,none,0.0303,3
T-104665,0,low,0.0,3
T-104666,0,low,0.0938,3
T-104667,0,low,0.0,2
T-104668,0,low,0.0,3
T-104669,0,mid,0.1011,3
T-104670,0,none,0.0556,3
T-104671,1,low,0.1611,2
T-104672,9,mid,0.2671,3
T-104673,2,mid,0.0959,3
T-104674,0,low,0.0,2
T-104675,2,low,0.1176,3
T-104676,0,low,1.0,1
T-104677,2,mid,0.1429,3
T-104678,12,mid,0.338,1
T-104679,12,low,0.338,2
T-104680,3,mid,0.1818,2
T-104681,0,mid,0.5,3
T-104682,0,mid,0.0541,2
T-104683,9,mid,0.2671,1
T-104684,2,low,0.1333,3
T-104685,0,low,0.1538,2
T-104686,0,low,0.16,2
T-104687,5,mid,0.1015,2
T-104688,2,none,0.2121,3
T-104689,6,none,0.1978,3
T-104690,2,none,0.1196,1
T-104691,1,low,0.0403,2
T-104692,0,mid,0.1481,1
T-104693,3,mid,0.3333,1
T-104694,6,none,0.1978,3
T-104695,2,low,0.2121,3
T-104696,6,mid,0.1978,3
T-104697,1,mid,0.2381,3
T-104698,6,mid,0.2372,3
T-104699,2,mid,0.1176,1
T-104700,0,mid,0.0,2
T-104701,1,low,0.1429,3
T-104702,1,none,0.1277,2
T-104703,2,high,0.1472,1
T-104704,1,none,0.25,3
T-104705,13,none,0.338,3
T-104706,1,mid,0.1611,1
T-104707,1,mid,0.1611,2
T-104708,0,high,0.1277,3
T-104709,1,high,0.0471,2
T-104710,0,low,0.0,1
T-104711,5,mid,0.1015,3
T-104712,1,mid,0.0833,3
T-104713,1,mid,0.0455,2
T-104714,0,mid,0.1176,2
T-104715,0,low,0.1538,3
T-104716,1,none,0.0333,2
T-104717,0,high,0.0935,3
T-104718,0,mid,0.1429,2
T-104719,3,mid,0.1579,2
T-104720,8,mid,0.3578,2
T-104721,1,low,0.2174,3
T-104722,3,mid,0.1304,2
T-104723,0,mid,0.0773,2
T-104724,0,mid,0.0,3
T-104725,0,low,0.0,3
T-104726,0,mid,0.1176,1
T-104727,0,mid,0.25,1
T-104728,0,none,0.125,2
T-104729,5,low,0.1015,3
T-104730,0,low,0.0,2
T-104731,0,low,0.0,2
T-104732,0,mid,0.0,1
T-104733,0,mid,0.0926,3
T-104734,3,high,0.0659,2
T-104735,2,mid,0.1064,2
T-104736,1,mid,0.0471,3
T-104737,0,mid,0.0833,1
T-104738,0,low,0.2,2
T-104739,0,low,0.0,3
T-104740,0,low,0.0,3
T-104741,0,mid,0.0333,1
T-104742,13,mid,0.338,3
T-104743,1,low,0.1071,1
T-104744,0,mid,0.0759,1
T-104745,0,mid,0.0943,3
T-104746,0,low,0.0833,3
T-104747,0,none,0.0,3
T-104748,0,none,0.0,2
T-104749,2,mid,0.0723,3
T-104750,0,none,0.0773,2
T-104751,0,high,0.0943,3
T-104752,4,mid,0.213,2
T-104753,1,mid,0.1611,3
T-104754,0,none,0.0,3
T-104755,5,mid,0.1074,3
T-104756,1,mid,0.2083,1
T-104757,3,mid,0.3061,3
T-104758,0,none,0.0909,3
T-104759,0,none,0.0303,3
T-104760,10,high,0.3401,1
T-104761,1,none,0.1915,2
T-104762,0,low,,2
T-104763,5,none,0.1074,2
T-104764,3,mid,0.1355,1
T-104765,0,mid,0.0526,3
T-104766,0,low,0.0,3
T-104767,1,high,0.2812,1
T-104768,0,mid,0.0,2
T-104769,0,mid,0.0698,2
T-104770,0,low,0.0,3
T-104771,0,mid,0.1389,2
T-104772,0,high,0.1429,2
T-104773,1,none,0.1143,3
T-104774,0,mid,0.0943,2
T-104775,0,low,0.0,2
T-104776,0,mid,0.0,2
T-104777,0,low,,1
T-104778,0,mid,0.0455,3
T-104779,3,high,0.1849,3
T-104780,1,mid,0.1176,3
T-104781,3,mid,0.1579,2
T-104782,0,mid,0.0755,2
T-104783,1,mid,0.0471,2
T-104784,0,low,0.0,2
T-104785,0,mid,0.1818,1
T-104786,2,mid,0.163,3
T-104787,1,low,0.3,1
T-104788,4,mid,0.213,3
T-104789,0,mid,0.0783,3
T-104790,0,mid,0.1667,1
T-104791,1,low,0.1277,2
T-104792,0,mid,0.129,3
T-104793,0,low,0.1429,1
T-104794,0,mid,0.0943,2
T-104795,0,none,0.0,3
T-104796,2,mid,0.1304,2
T-104797,0,mid,0.0,3
T-104798,0,mid,0.0,3
T-104799,1,high,0.0403,3
T-104800,0,mid,0.0773,2
T-104801,1,none,0.2812,3
T-104802,0,mid,,2
T-104803,0,mid,0.069,3
T-104804,0,mid,0.0935,2
T-104805,0,low,0.0,2
T-104806,2,mid,0.1176,3
T-104807,1,mid,0.0403,1
T-104808,1,high,0.1611,2
T-104809,1,mid,0.0411,1
T-104810,0,low,0.0,3
T-104811,0,low,0.0,3
T-104812,0,none,0.1818,3
T-104813,0,mid,0.0773,1
T-104814,10,mid,0.3401,3
T-104815,1,mid,0.0337,2
T-104816,0,mid,0.0784,3
T-104817,3,mid,0.3061,3
T-104818,1,low,0.1429,1
T-104819,0,low,0.0,3
T-104820,0,low,0.1351,2
T-104821,0,none,0.0357,3
T-104822,0,low,0.0,2
T-104823,2,mid,0.163,1
T-104824,0,none,0.0,3
T-104825,0,low,0.0,2
T-104826,3,high,0.1852,1
T-104827,0,mid,0.0,2
T-104828,2,mid,0.1176,3
T-104829,0,low,0.1481,3
T-104830,4,high,0.1355,1
T-104831,0,none,0.1579,2
T-104832,1,low,0.25,3
T-104833,0,high,0.0571,1
T-104834,0,mid,0.1053,3
T-104835,1,mid,0.0833,3
T-104836,0,low,0.0,2
T-104837,1,mid,0.1746,2
T-104838,0,low,0.2727,2
T-104839,1,low,0.0403,2
T-104840,0,low,0.1538,2
T-104841,0,mid,0.0,2
T-104842,0,none,0.1818,3
T-104843,0,none,0.3333,3
T-104844,1,none,0.1611,2
T-104845,3,mid,0.1654,1
T-104846,0,low,0.0,2
T-104847,6,high,0.2372,1
T-104848,0,none,0.0943,2
T-104849,0,mid,0.0,3
T-104850,0,low,0.0773,3
T-104851,0,low,0.0645,3
T-104852,1,mid,0.2059,3
T-104853,0,high,0.0,3
T-104854,0,high,0.2778,1
T-104855,2,mid,0.0759,3
T-104856,1,none,0.1429,3
T-104857,0,mid,0.0959,1
T-104858,4,none,0.1852,3
T-104859,0,none,0.3478,3
T-104860,3,high,0.1304,3
T-104861,0,low,0.1765,3
T-104862,0,high,0.1447,1
T-104863,1,high,0.1364,2
T-104864,2,low,0.1159,2
T-104865,0,low,0.0541,3
T-104866,0,high,0.0783,2
T-104867,0,mid,0.5,3
T-104868,2,none,0.1778,2
T-104869,1,high,0.2308,1
T-104870,4,mid,0.1412,2
T-104871,2,mid,0.0938,2
T-104872,0,mid,0.0,3
T-104873,4,high,0.1074,2
T-104874,0,mid,0.0741,3
T-104875,3,high,0.1849,3
T-104876,0,low,0.0526,3
T-104877,7,high,0.3578,1
T-104878,3,high,0.1818,1
T-104879,0,mid,0.04,3
T-104880,0,mid,0.1905,2
T-104881,0,mid,0.1765,1
T-104882,1,none,0.2308,3
T-104883,0,mid,0.0385,2
T-104884,0,none,0.1538,2
T-104885,6,mid,0.2372,1
T-104886,3,high,0.1654,3
T-104887,1,none,0.2381,2
T-104888,0,mid,0.0789,1
T-104889,1,mid,0.0333,2
T-104890,1,mid,0.0759,3
T-104891,0,high,0.0909,1
T-104892,0,mid,0.0935,1
T-104893,2,low,0.1538,1
T-104894,0,low,0.0,3
T-104895,1,none,0.0337,3
T-104896,4,mid,0.1818,3
T-104897,1,mid,0.0833,1
T-104898,0,mid,0.0833,1
T-104899,0,none,0.0645,3
T-104900,0,mid,0.0,3
T-104901,1,none,0.2,1
T-104902,0,low,0.0345,3
T-104903,9,none,0.3401,2
T-104904,0,mid,0.25,3
T-104905,2,none,0.0723,3
T-104906,0,low,0.3333,3
T-104907,0,mid,0.0526,1
T-104908,3,none,0.1849,3
T-104909,2,none,0.1429,3
T-104910,3,mid,0.1316,3
T-104911,8,high,0.3578,2
T-104912,0,mid,0.0,3
T-104913,1,mid,0.0851,2
T-104914,1,low,0.1915,1
T-104915,3,mid,0.2027,3
T-104916,0,none,0.0323,3
T-104917,5,high,0.1978,3
T-104918,0,mid,0.1771,3
T-104919,2,mid,0.1472,3
T-104920,1,low,0.0935,3
T-104921,2,high,0.1778,3
T-104922,0,mid,0.0781,3
T-104923,2,mid,0.1355,1
T-104924,0,mid,0.05,1
T-104925,0,none,0.0357,3
T-104926,0,mid,0.0741,2
T-104927,0,mid,0.0938,3
T-104928,0,low,0.0303,3
T-104929,11,low,0.338,3
T-104930,2,mid,0.2121,3
T-104931,0,mid,0.0,2
T-104932,1,none,0.1127,3
T-104933,3,low,0.1579,3
T-104934,2,high,0.1778,1
T-104935,2,mid,0.0959,2
T-104936,1,mid,0.1746,1
T-104937,0,mid,0.1429,1
T-104938,1,high,0.0667,3
T-104939,0,mid,0.0,2
T-104940,1,mid,0.0337,2
T-104941,2,mid,0.1429,2
T-104942,0,none,0.0435,3
T-104943,2,high,0.2208,2
T-104944,0,mid,0.0385,2
T-104945,2,low,0.0959,3
T-104946,1,mid,0.0333,2
T-104947,2,mid,0.1923,2
T-104948,4,none,0.1818,3
T-104949,2,low,0.0938,3
T-104950,6,mid,0.3896,1
T-104951,1,high,0.0339,3
T-104952,0,mid,0.037,3
T-104953,0,none,0.1771,3
T-104954,0,high,0.025,2
T-104955,0,mid,0.0,2
T-104956,0,mid,,2
T-104957,7,mid,0.2372,1
T-104958,1,mid,0.1111,3
T-104959,1,mid,0.0333,1
T-104960,4,low,0.1074,2
T-104961,2,none,0.2308,3
T-104962,1,mid,0.1611,2
T-104963,0,high,0.1515,3
T-104964,0,high,0.0303,3
T-104965,2,mid,0.1417,3
T-104966,0,mid,0.0,2
T-104967,0,low,0.0,2
T-104968,0,low,0.0943,3
T-104969,0,mid,0.1429,3
T-104970,10,none,0.338,3
T-104971,1,mid,0.1176,1
T-104972,0,mid,0.0755,1
T-104973,2,low,0.0959,3
T-104974,0,mid,0.1765,3
T-104975,7,mid,0.3896,2
T-104976,0,low,0.0,2
T-104977,1,mid,0.0333,1
T-104978,1,mid,0.1053,3
T-104979,0,low,0.0,2
T-104980,8,mid,0.3578,1
T-104981,0,mid,0.1429,3
T-104982,1,low,0.25,3
T-104983,0,high,0.1,3
T-104984,1,high,0.1429,1
T-104985,0,high,0.0,2
T-104986,2,none,0.2121,3
T-104987,8,mid,0.3401,2
T-104988,0,mid,0.0,2
T-104989,0,none,0.2273,1
T-104990,0,mid,0.0,3
T-104991,2,mid,0.0759,3
T-104992,0,mid,0.0,3
T-104993,0,low,0.0,3
T-104994,3,mid,0.213,1
T-104995,0,mid,0.0323,2
T-104996,0,high,0.0714,3
T-104997,2,high,0.1311,1
T-104998,10,high,0.338,1
T-104999,0,mid,0.1818,2
T-105000,1,low,0.0339,1
T-105001,1,mid,0.1429,1
T-105002,4,high,0.3333,3
T-105003,0,high,0.1011,2
T-105004,0,high,0.3333,1
T-105005,2,none,0.1654,3
T-105006,4,mid,0.213,3
T-105007,0,mid,0.0323,3
T-105008,1,mid,0.1746,2
T-105009,0,mid,0.0,2
T-105010,8,mid,0.3401,2
T-105011,0,none,0.0303,2
T-105012,1,mid,0.069,1
T-105013,0,mid,0.0417,3
T-105014,0,mid,0.1481,3
T-105015,0,mid,0.0645,2
T-105016,2,high,0.1654,3
T-105017,4,mid,0.1412,3
T-105018,0,none,0.0,2
T-105019,1,mid,0.1611,1
T-105020,1,mid,0.0339,1
T-105021,0,mid,0.0333,3
T-105022,0,low,0.025,2
T-105023,11,mid,0.338,3
T-105024,0,low,0.0714,3
T-105025,1,low,0.3125,3
T-105026,4,low,0.1412,2
T-105027,0,mid,0.2195,1
T-105028,1,none,0.0667,3
T-105029,11,high,0.338,3
T-105030,0,low,0.0,3
T-105031,0,high,,3
T-105032,0,none,0.1111,2
T-105033,3,mid,0.1579,3
T-105034,0,mid,0.1429,2
T-105035,1,mid,0.3125,3
T-105036,4,none,0.1852,2
T-105037,1,high,0.0519,1
T-105038,0,high,0.125,2
T-105039,7,mid,0.3578,3
T-105040,0,low,0.1579,3
T-105041,0,mid,0.0,2
T-105042,2,mid,0.1472,2
T-105043,8,mid,0.2372,2
T-105044,2,high,0.1429,1
T-105045,0,mid,0.3125,3
T-105046,1,mid,0.1277,3
T-105047,0,low,0.1304,3
T-105048,0,low,0.0541,3
T-105049,1,mid,0.163,1
T-105050,0,mid,0.0,2
T-105051,2,mid,0.1159,2
T-105052,0,low,0.2,3
T-105053,0,mid,0.0526,3
T-105054,0,none,0.3125,1
T-105055,1,mid,0.4211,3
T-105056,8,low,0.2671,1
T-105057,4,none,0.1074,2
T-105058,4,high,0.1074,2
T-105059,0,none,0.0,2
T-105060,0,mid,0.1765,3
T-105061,1,mid,0.1169,1
T-105062,0,none,0.0303,2
T-105063,1,none,0.15,2
T-105064,0,mid,0.3125,2
T-105065,0,high,0.0784,1
T-105066,0,mid,0.0,2
T-105067,0,mid,0.0323,2
T-105068,0,mid,0.0526,3
T-105069,1,mid,0.1746,1
T-105070,0,low,0.0783,3
T-105071,1,high,0.0471,2
T-105072,2,none,0.1039,2
T-105073,1,mid,0.125,3
T-105074,1,low,0.2195,3
T-105075,0,none,0.08,2
T-105076,1,mid,0.3061,3
T-105077,1,low,0.2174,1
T-105078,0,mid,0.1,3
T-105079,1,high,0.1447,3
T-105080,0,mid,0.3333,1
T-105081,0,low,0.0,1
T-105082,2,high,0.2121,1
T-105083,0,high,0.1364,3
T-105084,1,low,0.2381,3
T-105085,2,mid,0.1849,3
T-105086,0,high,0.0588,3
T-105087,1,mid,0.0403,2
T-105088,0,high,0.0698,3
T-105089,0,none,0.125,1
T-105090,8,high,0.2671,3
T-105091,1,low,0.0333,3
T-105092,2,low,0.1169,3
T-105093,1,high,0.125,3
T-105094,0,mid,0.0783,3
T-105095,0,mid,0.0943,3
T-105096,0,none,0.0926,2
T-105097,2,high,0.1538,1
T-105098,0,mid,0.0943,3
T-105099,0,mid,0.0,3
T-105100,0,mid,0.0,3
T-105101,0,none,0.0,1
T-105102,2,low,0.1654,3
T-105103,2,high,0.2208,1
T-105104,0,high,0.1765,2
T-105105,0,mid,0.0588,1
T-105106,7,mid,0.3578,1
T-105107,0,low,0.1538,1
T-105108,0,high,0.0667,2
T-105109,1,mid,0.1111,2
T-105110,0,mid,0.1333,3
T-105111,0,low,0.0588,2
T-105112,0,low,0.0,2
T-105113,0,mid,0.0323,1
T-105114,8,low,0.2671,2
T-105115,6,high,0.3896,1
T-105116,2,mid,0.1355,3
T-105117,0,mid,0.0,3
T-105118,1,high,0.3881,1
T-105119,1,low,0.1071,3
T-105120,0,low,0.0698,1
T-105121,2,mid,0.0759,2
T-105122,1,high,0.1311,2
T-105123,0,high,0.3636,1
T-105124,2,low,0.0938,2
T-105125,0,none,0.0773,3
T-105126,1,low,0.0755,3
T-105127,2,mid,0.1417,1
T-105128,0,mid,0.0938,3
T-105129,1,mid,0.0755,3
T-105130,4,mid,0.213,1
T-105131,0,mid,0.069,2
T-105132,2,high,0.1746,3
T-105133,2,high,0.1169,2
T-105134,1,mid,0.163,2
T-105135,0,none,0.1,2
T-105136,0,mid,0.0769,2
T-105137,2,low,0.1039,2
T-105138,0,low,0.0455,2
T-105139,2,mid,0.0714,2
T-105140,1,high,0.0759,2
T-105141,0,high,0.0909,3
T-105142,2,mid,0.0893,3
T-105143,0,mid,0.0,3
T-105144,1,mid,0.2273,3
T-105145,0,mid,0.0357,1
T-105146,0,high,0.0,3
T-105147,1,mid,0.1447,3
T-105148,1,mid,0.1111,3
T-105149,3,low,0.1579,1
T-105150,0,low,0.0,2
T-105151,0,high,0.0392,1
T-105152,0,none,0.0392,2
T-105153,1,mid,0.1316,1
T-105154,3,mid,0.1074,3
T-105155,0,low,0.0773,3
T-105156,0,low,0.0,2
T-105157,0,none,0.0,3
T-105158,0,mid,0.0,3
T-105159,0,mid,,3
T-105160,2,none,0.1654,2
T-105161,2,high,0.1611,1
T-105162,0,mid,0.0,2
T-105163,2,high,0.2208,2
T-105164,0,high,0.0,3
T-105165,0,none,0.1765,3
T-105166,1,mid,0.0471,3
T-105167,0,mid,0.2857,1
T-105168,0,mid,0.1765,1
T-105169,0,mid,0.0,3
T-105170,0,mid,0.0714,3
T-105171,0,mid,0.0,2
T-105172,1,mid,0.0755,1
T-105173,3,high,0.1818,1
T-105174,0,low,0.0,1
T-105175,0,low,0.0455,2
T-105176,0,none,0.0,3
T-105177,0,none,0.0,3
T-105178,1,high,0.0471,2
T-105179,1,high,0.1127,3
T-105180,0,low,0.125,1
T-105181,0,mid,0.0773,2
T-105182,0,low,0.0606,3
T-105183,0,mid,0.3333,3
T-105184,0,mid,0.0385,2
T-105185,2,mid,0.1074,3
T-105186,2,mid,0.1074,2
T-105187,0,low,0.0588,2
T-105188,0,mid,0.0,2
T-105189,1,mid,0.1333,2
T-105190,0,mid,0.0385,2
T-105191,1,mid,0.0935,3
T-105192,0,mid,0.0,3
T-105193,1,mid,0.0337,3
T-105194,7,low,0.2372,3
T-105195,1,mid,0.0,3
T-105196,0,mid,0.0,3
T-105197,1,none,0.0455,3
T-105198,1,high,0.0333,3
T-105199,0,mid,0.0,2
T-105200,0,mid,0.0625,1
T-105201,1,none,0.25,1
T-105202,2,high,0.0411,2
T-105203,1,mid,0.2093,1
T-105204,8,none,0.3401,1
T-105205,0,mid,0.0323,3
T-105206,2,mid,0.1746,3
T-105207,8,low,0.3578,2
T-105208,1,mid,0.0625,3
T-105209,1,low,0.2,3
T-105210,0,low,0.0638,3
T-105211,0,mid,0.1765,2
T-105212,4,mid,0.3333,2
T-105213,1,mid,0.0935,2
T-105214,0,high,0.1667,2
T-105215,1,low,0.0959,3
T-105216,0,mid,0.0773,2
T-105217,1,mid,0.1556,2
T-105218,10,mid,0.338,3
T-105219,0,mid,0.0,3
T-105220,0,low,0.0,3
T-105221,0,high,0.2857,1
T-105222,1,mid,0.15,3
T-105223,2,high,0.1849,1
T-105224,0,mid,0.0,3
T-105225,9,none,0.2671,1
T-105226,2,none,0.1355,1
T-105227,0,mid,0.0588,2
T-105228,0,none,0.3333,3
T-105229,0,low,0.0,3
T-105230,0,mid,0.0,3
T-105231,0,mid,0.1176,3
T-105232,1,mid,0.2027,3
T-105233,1,high,0.1316,3
T-105234,0,mid,,3
T-105235,2,low,0.1429,3
T-105236,0,mid,0.0667,2
T-105237,3,high,0.1852,3
T-105238,1,low,0.129,1
T-105239,2,mid,0.0659,3
T-105240,0,low,0.1818,3
T-105241,0,mid,0.0773,3
T-105242,0,mid,0.125,3
T-105243,0,high,0.1538,3
T-105244,0,mid,0.0,3
T-105245,1,none,0.0339,2
T-105246,2,none,0.1915,2
T-105247,0,low,0.0741,2
T-105248,2,low,0.1654,2
T-105249,2,mid,0.1778,3
T-105250,0,mid,0.1011,2
T-105251,0,mid,0.1216,2
T-105252,1,mid,0.0403,3
T-105253,2,mid,0.1196,3
T-105254,2,high,0.1196,2
T-105255,0,mid,0.0,3
T-105256,0,low,0.0,3
T-105257,5,high,0.1015,3
T-105258,0,low,0.0,2
T-105259,0,mid,0.0926,3
T-105260,0,low,0.125,3
T-105261,0,mid,0.1538,1
T-105262,0,mid,0.0417,1
T-105263,2,high,0.1778,3
T-105264,2,low,0.1923,1
T-105265,2,mid,0.1074,3
T-105266,0,high,0.0526,1
T-105267,0,mid,0.0303,2
T-105268,0,none,0.0,3
T-105269,0,mid,0.1481,3
T-105270,3,mid,0.1355,3
T-105271,1,none,0.2899,3
T-105272,0,mid,0.1216,3
T-105273,1,mid,0.0339,2
T-105274,1,low,0.0333,2
T-105275,0,mid,0.0,1
T-105276,0,mid,0.16,3
T-105277,0,mid,0.0645,1
T-105278,1,mid,0.1556,3
T-105279,0,mid,0.1765,3
T-105280,3,mid,0.1429,3
T-105281,3,none,0.1818,3
T-105282,0,low,,3
T-105283,2,low,0.2128,2
T-105284,0,high,0.1034,2
T-105285,0,high,0.0773,3
T-105286,1,mid,0.0959,2
T-105287,1,low,0.2,3
T-105288,1,high,0.125,3
T-105289,7,mid,0.2372,1
T-105290,0,none,0.0263,3
T-105291,0,low,0.0,3
T-105292,1,mid,0.1611,1
T-105293,1,mid,0.0403,3
T-105294,2,mid,0.1472,2
T-105295,0,mid,0.2308,1
T-105296,0,mid,0.1,2
T-105297,0,mid,0.0,2
T-105298,9,mid,0.3401,2
T-105299,2,mid,0.0411,3
T-105300,2,none,0.1765,1
T-105301,0,low,0.0,3
T-105302,0,none,0.1053,2
T-105303,0,none,0.125,3
T-105304,1,none,0.3061,3
T-105305,0,low,0.0541,2
T-105306,1,mid,0.3,3
T-105307,0,none,0.0783,1
T-105308,2,mid,0.0759,1
T-105309,1,mid,0.0625,2
T-105310,0,high,0.0,3
T-105311,0,mid,0.0625,1
T-105312,1,mid,0.2899,3
T-105313,1,mid,0.0339,3
T-105314,0,low,0.0,3
T-105315,2,mid,0.1074,3
T-105316,0,mid,0.069,3
T-105317,1,mid,0.1538,3
T-105318,1,high,0.1127,3
T-105319,2,mid,0.1311,3
T-105320,0,low,0.0,3
T-105321,0,mid,0.0741,3
T-105322,0,low,0.0,3
T-105323,7,mid,0.2372,1
T-105324,0,mid,0.0625,2
T-105325,0,mid,0.1429,3
T-105326,1,high,0.1333,3
T-105327,2,none,0.1746,3
T-105328,0,mid,0.1,2
T-105329,0,low,0.1515,2
T-105330,2,mid,0.1355,1
T-105331,0,mid,0.1299,1
T-105332,0,low,0.0625,2
T-105333,0,mid,0.0,2
T-105334,1,low,0.2381,1
T-105335,1,high,0.163,2
T-105336,0,high,0.1923,3
T-105337,2,mid,0.0759,3
T-105338,0,none,0.0,3
T-105339,1,mid,0.0403,3
T-105340,0,mid,0.125,1
T-105341,2,low,0.1978,2
T-105342,5,mid,0.213,2
T-105343,0,none,0.1011,3
T-105344,0,high,0.0909,3
T-105345,2,mid,0.0723,3
T-105346,0,mid,,2
T-105347,2,mid,0.1746,3
T-105348,2,mid,0.2093,1
T-105349,0,mid,0.1429,3
T-105350,0,mid,0.0,2
T-105351,0,mid,0.375,1
T-105352,0,low,0.1765,1
T-105353,0,low,0.1538,2
T-105354,0,low,0.1771,3
T-105355,1,mid,0.0769,3
T-105356,1,none,0.0976,2
T-105357,2,mid,0.1074,2
T-105358,0,low,0.0333,3
T-105359,0,low,0.0943,2
T-105360,0,low,0.2,3
T-105361,2,mid,0.1778,3
T-105362,9,none,0.2671,1
T-105363,3,mid,0.1417,2
T-105364,8,mid,0.3401,3
T-105365,8,low,0.2372,3
T-105366,2,mid,0.1196,3
T-105367,0,low,0.1011,2
T-105368,9,high,0.2671,1
T-105369,1,none,0.1316,3
T-105370,1,mid,0.1538,3
T-105371,5,low,0.213,2
T-105372,0,low,0.0323,1
T-105373,0,none,0.0588,3
T-105374,0,high,0.1111,1
T-105375,0,none,0.1111,1
T-105376,1,mid,0.163,3
T-105377,0,mid,0.1538,3
T-105378,0,none,0.0294,3
T-105379,0,low,0.0,1
T-105380,1,mid,0.0783,3
T-105381,2,mid,0.1169,2
T-105382,0,low,0.0,2
T-105383,0,mid,0.1538,2
T-105384,8,low,0.2372,3
T-105385,1,mid,0.2273,2
T-105386,0,none,0.0357,3
T-105387,0,mid,0.1818,3
T-105388,1,low,0.0959,1
T-105389,2,low,0.1778,1
T-105390,0,mid,0.1429,2
T-105391,2,mid,0.1849,3
T-105392,1,none,0.1447,3
T-105393,0,high,0.1667,2
T-105394,0,mid,0.1,3
T-105395,0,mid,0.3125,1
T-105396,0,mid,0.0773,2
T-105397,2,mid,0.1778,3
T-105398,3,none,0.1429,2
T-105399,0,mid,0.3125,2
T-105400,0,mid,0.0385,1
T-105401,0,mid,0.1351,3
T-105402,2,mid,0.1039,3
T-105403,0,mid,0.0588,2
T-105404,2,high,0.1849,1
T-105405,0,none,0.0,3
T-105406,1,mid,0.1299,2
T-105407,0,mid,0.1515,1
T-105408,1,mid,0.0935,1
T-105409,0,none,0.0,2
T-105410,0,low,0.0,2
T-105411,7,mid,0.3896,3
T-105412,0,mid,0.0769,3
T-105413,1,mid,0.1538,1
T-105414,0,mid,0.0773,2
T-105415,0,none,0.1351,2
T-105416,2,none,0.1472,3
T-105417,1,high,0.1299,3
T-105418,0,mid,0.0625,2
T-105419,1,low,0.1429,3
T-105420,1,none,0.2308,2
T-105421,2,mid,0.1039,3
T-105422,1,mid,0.2208,1
T-105423,0,none,0.1,3
T-105424,0,mid,0.0833,3
T-105425,2,high,0.1978,3
T-105426,0,low,0.0,3
T-105427,1,mid,0.1611,2
T-105428,0,none,0.0926,2
T-105429,1,mid,0.163,3
T-105430,2,low,0.1169,3
T-105431,0,low,0.1538,1
T-105432,0,none,0.1538,3
T-105433,2,mid,0.2128,1
T-105434,1,high,0.0783,3
T-105435,3,mid,0.1852,2
T-105436,0,none,0.4286,2
T-105437,0,low,0.0,1
T-105438,0,none,0.0943,3
T-105439,2,mid,0.0659,1
T-105440,0,low,0.0488,2
T-105441,0,mid,0.0,3
T-105442,2,mid,0.1978,2
T-105443,0,low,0.1429,1
T-105444,1,mid,0.1074,2
T-105445,0,none,0.1216,2
T-105446,0,low,0.0638,3
T-105447,2,high,0.0411,3
T-105448,0,low,0.0,3
T-105449,0,mid,0.04,2
T-105450,1,high,0.2899,1
T-105451,10,mid,0.2671,3
T-105452,0,mid,0.0385,3
T-105453,0,mid,0.0,3
T-105454,1,low,0.2027,3
T-105455,0,mid,0.1111,3
T-105456,0,low,0.0606,3
T-105457,2,mid,0.1159,3
T-105458,1,high,0.1611,3
T-105459,1,mid,0.1611,1
T-105460,0,high,0.0,3
T-105461,1,low,0.0667,2
T-105462,0,low,0.0,3
T-105463,1,low,0.0698,2
T-105464,0,none,0.1351,2
T-105465,0,mid,0.1429,3
T-105466,7,mid,0.3578,2
T-105467,1,low,0.0471,2
T-105468,3,mid,0.1818,1
T-105469,0,mid,0.0943,2
T-105470,0,mid,0.3333,1
T-105471,0,mid,0.1481,3
T-105472,1,none,0.1611,3
T-105473,2,none,0.0935,2
T-105474,2,high,0.1196,2
T-105475,0,none,0.2308,3
T-105476,0,mid,0.0,3
T-105477,0,low,0.0,2
T-105478,7,mid,0.3896,1
T-105479,0,mid,0.1111,2
T-105480,0,mid,0.1111,1
T-105481,2,mid,0.2899,1
T-105482,1,none,0.0755,3
T-105483,0,mid,0.1081,2
T-105484,0,mid,0.0588,2
T-105485,0,low,,2
T-105486,1,none,0.0755,1
T-105487,0,low,0.0,3
T-105488,0,mid,0.0,2
T-105489,0,none,0.1667,2
T-105490,0,mid,0.5,1
T-105491,1,low,0.0976,1
T-105492,0,low,0.0,2
T-105493,0,low,0.0,3
T-105494,0,mid,0.1429,2
T-105495,0,low,0.0323,3
T-105496,3,mid,0.1015,3
T-105497,0,none,0.1,3
T-105498,0,mid,0.0392,2
T-105499,1,mid,0.2381,3
T-105500,0,low,0.0,3
T-105501,0,low,0.1111,3
T-105502,0,high,0.5,1
T-105503,1,low,0.0519,3
T-105504,1,mid,0.1778,2
T-105505,0,low,0.1667,2
T-105506,1,mid,0.0625,2
T-105507,1,high,0.12,2
T-105508,1,none,0.1875,1
T-105509,0,none,0.1667,1
T-105510,1,none,0.0403,1
T-105511,0,mid,0.0,1
T-105512,0,mid,0.0,2
T-105513,2,none,0.1417,2
T-105514,2,mid,0.1654,3
T-105515,3,mid,0.1849,2
T-105516,2,high,0.1978,2
T-105517,0,low,0.0588,1
T-105518,0,low,0.04,3
T-105519,2,mid,0.1355,3
T-105520,0,mid,0.0,1
T-105521,0,mid,0.0,3
T-105522,0,mid,0.04,3
T-105523,0,none,0.0938,3
T-105524,0,low,0.0541,3
T-105525,0,mid,0.0,3
T-105526,0,none,0.0,3
T-105527,0,mid,0.1379,3
T-105528,6,mid,0.338,1
T-105529,2,mid,0.1417,3
T-105530,0,mid,0.1481,1
T-105531,0,none,0.0,3
T-105532,1,none,0.0976,3
T-105533,0,low,0.05,2
T-105534,1,mid,0.1277,3
T-105535,9,low,0.2671,2
T-105536,0,mid,0.0,3
T-105537,1,none,0.25,2
T-105538,0,high,0.0,3
T-105539,0,mid,0.1216,2
T-105540,0,high,0.0781,2
T-105541,1,mid,0.12,3
T-105542,0,none,0.0,3
T-105543,0,high,0.1818,3
T-105544,2,mid,0.1039,2
T-105545,1,high,0.1778,3
T-105546,1,mid,0.1053,3
T-105547,8,none,0.3401,3
T-105548,0,mid,0.0323,2
T-105549,3,low,0.0759,3
T-105550,3,none,0.2899,3
T-105551,0,high,0.0,3
T-105552,1,mid,0.1277,2
T-105553,2,none,0.2121,2
T-105554,1,mid,0.1316,2
T-105555,1,mid,0.1765,2
T-105556,0,mid,0.0,3
T-105557,0,none,0.0,3
T-105558,0,mid,0.0,3
T-105559,1,mid,0.3881,3
T-105560,8,mid,0.3401,1
T-105561,0,mid,0.1429,3
T-105562,2,high,0.1169,2
T-105563,0,mid,0.0,2
T-105564,1,mid,0.0645,1
T-105565,1,high,0.1074,3
T-105566,1,none,0.1316,3
T-105567,0,low,0.1765,1
T-105568,2,mid,0.1746,2
T-105569,9,mid,0.3401,3
T-105570,0,mid,0.1667,1
T-105571,0,high,0.0476,2
T-105572,0,mid,0.0769,2
T-105573,1,high,0.0783,1
T-105574,0,mid,0.0,3
T-105575,0,mid,0.0773,3
T-105576,0,mid,0.0781,2
T-105577,0,mid,0.1304,3
T-105578,0,none,0.125,3
T-105579,1,mid,0.1074,3
T-105580,1,low,0.2059,2
T-105581,1,mid,0.12,2
T-105582,1,mid,0.0645,2
T-105583,0,mid,0.1351,3
T-105584,3,mid,0.1429,1
T-105585,0,low,0.0,3
T-105586,8,low,0.3896,1
T-105587,0,high,0.129,2
T-105588,0,none,0.1765,1
T-105589,8,high,0.3896,3
T-105590,0,mid,0.0,1
T-105591,1,mid,0.2,3
T-105592,0,mid,0.1538,1
T-105593,2,none,0.1611,3
T-105594,0,high,0.1429,2
T-105595,0,mid,0.0,2
T-105596,0,mid,0.0,3
T-105597,0,mid,0.1429,2
T-105598,0,high,0.1071,3
T-105599,0,mid,0.0667,2
T-105600,1,none,0.0959,3
T-105601,3,mid,0.2128,1
T-105602,0,low,0.0,2
T-105603,8,high,0.2372,3
T-105604,0,mid,0.0,3
T-105605,0,mid,0.1538,1
T-105606,0,none,0.1111,2
T-105607,0,mid,0.1176,1
T-105608,0,low,0.0435,1
T-105609,1,mid,0.0659,3
T-105610,3,none,0.3333,3
T-105611,1,mid,0.12,1
T-105612,1,mid,0.0435,3
T-105613,8,high,0.2372,3
T-105614,1,mid,0.1556,3
T-105615,0,mid,0.0645,2
T-105616,1,mid,0.2208,3
T-105617,0,mid,0.0,3
T-105618,0,mid,0.04,3
T-105619,0,mid,0.0476,3
T-105620,0,mid,0.1429,1
T-105621,1,mid,0.1074,3
T-105622,0,mid,0.1053,3
T-105623,0,high,0.0,3
T-105624,0,none,0.1111,3
T-105625,1,mid,0.0769,3
T-105626,0,mid,0.16,3
T-105627,1,high,0.3125,2
T-105628,0,high,0.0926,3
T-105629,1,high,0.0519,3
T-105630,0,mid,0.0,1
T-105631,0,mid,0.163,2
T-105632,0,low,0.1351,1
T-105633,0,low,0.0,3
T-105634,0,low,0.1515,3
T-105635,1,mid,0.1429,3
T-105636,0,high,0.2027,3
T-105637,0,mid,0.0,3
T-105638,0,none,0.0,3
T-105639,8,mid,0.2372,1
T-105640,1,mid,0.0571,2
T-105641,0,mid,0.0,2
T-105642,2,high,0.1915,3
T-105643,1,high,0.1074,3
T-105644,3,none,0.1849,3
T-105645,0,low,0.0625,2
T-105646,1,none,0.1538,2
T-105647,0,mid,0.125,1
T-105648,0,mid,0.0,2
T-105649,0,low,0.0,3
T-105650,0,mid,0.0,3
T-105651,0,none,0.125,3
T-105652,0,none,0.0,2
T-105653,0,mid,0.0,3
T-105654,0,none,0.0943,2
T-105655,0,low,0.163,1
T-105656,0,low,0.0926,1
T-105657,0,mid,0.0,2
T-105658,1,high,0.1778,2
T-105659,0,low,0.1111,1
T-105660,2,mid,0.1169,3
T-105661,7,mid,0.338,3
T-105662,0,low,0.0,3
T-105663,0,none,0.1667,3
T-105664,0,none,0.0625,3
T-105665,1,low,0.0976,1
T-105666,2,mid,0.1654,3
T-105667,1,high,0.1299,3
T-105668,0,mid,0.0,3
T-105669,2,high,0.1311,1
T-105670,0,mid,0.2027,1
T-105671,0,none,0.0,1
T-105672,1,none,0.1417,3
T-105673,0,high,0.2027,3
T-105674,0,low,0.1111,2
T-105675,9,high,0.2372,2
T-105676,0,mid,0.2222,2
T-105677,0,none,0.1111,2
T-105678,1,mid,0.163,2
T-105679,1,mid,0.1316,1
T-105680,0,low,0.1429,2
T-105681,0,mid,0.15,2
T-105682,2,low,0.0723,2
T-105683,0,none,0.0,1
T-105684,3,mid,0.1412,1
T-105685,2,mid,0.2121,1
T-105686,8,mid,0.3896,3
T-105687,8,mid,0.2671,2
T-105688,8,none,0.2372,3
T-105689,1,high,0.1299,1
T-105690,2,none,0.1746,3
T-105691,2,mid,0.1654,3
T-105692,0,none,0.1053,2
T-105693,1,mid,0.0851,2
T-105694,0,high,0.1765,1
T-105695,0,mid,0.1515,2
T-105696,0,none,0.0,3
T-105697,2,mid,0.1355,2
T-105698,2,none,0.0411,3
T-105699,1,mid,0.1556,3
T-105700,1,none,0.1351,3
T-105701,1,low,0.0659,2
T-105702,2,mid,0.0411,3
T-105703,1,high,0.1074,3
T-105704,0,low,0.0,3
T-105705,0,mid,0.1277,1
T-105706,3,high,0.0759,1
T-105707,0,mid,0.1429,1
T-105708,0,low,0.05,3
T-105709,0,low,0.0938,2
T-105710,0,mid,0.1771,3
T-105711,0,high,0.0,2
T-105712,1,mid,0.0698,3
T-105713,0,mid,0.0471,2
T-105714,1,high,0.0519,3
T-105715,7,mid,0.338,1
T-105716,0,high,0.0,3
T-105717,0,mid,0.0943,3
T-105718,0,none,0.0,1
T-105719,0,low,0.0959,3
T-105720,0,high,0.1053,2
T-105721,1,none,0.2812,2
T-105722,4,none,0.1412,3
T-105723,2,mid,0.0935,1
T-105724,0,high,0.3,1
T-105725,1,high,0.1143,2
T-105726,2,high,0.1015,3
T-105727,0,low,0.0606,2
T-105728,0,low,0.1429,2
T-105729,1,mid,0.2812,2
T-105730,1,none,0.2027,3
T-105731,0,low,0.0909,3
T-105732,0,mid,0.0645,3
T-105733,0,none,0.0,1
T-105734,1,mid,0.1429,2
T-105735,0,mid,0.0,3
T-105736,1,low,0.069,3
T-105737,0,none,0.0,1
T-105738,2,mid,0.0403,3
T-105739,8,none,0.338,1
T-105740,0,mid,0.25,3
T-105741,0,high,0.3333,1
T-105742,0,high,0.0323,3
T-105743,2,low,0.1611,2
T-105744,0,mid,0.0,3
T-105745,0,high,0.0471,2
T-105746,0,low,0.0,3
T-105747,2,mid,0.1746,1
T-105748,0,none,0.0,1
T-105749,1,mid,0.1429,3
T-105750,0,mid,0.1429,2
T-105751,1,mid,0.0,3
T-105752,0,mid,0.0588,2
T-105753,0,low,0.0833,3
T-105754,0,mid,0.0455,1
T-105755,8,high,0.3401,2
T-105756,8,mid,0.2671,2
T-105757,0,low,0.1,3
T-105758,1,none,0.2,3
T-105759,0,low,0.1771,3
T-105760,2,mid,0.0403,3
T-105761,0,low,1.0,1
T-105762,0,low,0.0,2
T-105763,0,low,0.0,3
T-105764,0,none,0.0667,2
T-105765,0,none,0.0943,3
T-105766,0,mid,0.0659,2
T-105767,1,mid,0.3125,3
T-105768,0,none,0.4545,3
T-105769,1,mid,0.0784,1
T-105770,2,low,0.0893,2
T-105771,0,mid,0.0,2
T-105772,1,high,0.1074,2
T-105773,0,high,0.0,3
T-105774,0,mid,0.0659,3
T-105775,4,mid,0.1429,3
T-105776,1,none,0.0833,3
T-105777,0,low,0.0392,2
T-105778,0,high,0.125,3
T-105779,1,high,0.1556,2
T-105780,0,none,0.1515,3
T-105781,1,mid,0.1429,1
T-105782,0,mid,0.0943,3
T-105783,5,low,0.2372,1
T-105784,0,mid,0.0,2
T-105785,1,mid,0.0851,3
T-105786,1,low,0.1429,2
T-105787,0,mid,0.0,1
T-105788,0,none,0.0263,3
T-105789,8,none,0.2671,1
T-105790,1,none,0.125,3
T-105791,0,low,0.0959,1
T-105792,3,mid,0.0935,3
T-105793,0,none,0.25,3
T-105794,3,mid,0.1746,3
T-105795,2,mid,0.1015,3
T-105796,0,mid,0.0263,1
T-105797,2,high,0.1654,2
T-105798,1,mid,0.12,3
T-105799,1,none,0.3061,3
T-105800,1,mid,0.0571,3
T-105801,1,none,0.0784,2
T-105802,1,none,0.0976,3
T-105803,2,mid,0.1852,1
T-105804,1,high,0.1875,1
T-105805,1,high,0.0959,3
T-105806,1,mid,0.0645,2
T-105807,0,mid,0.1111,3
T-105808,0,low,0.0769,3
T-105809,3,mid,0.1765,3
T-105810,0,mid,0.0943,3
T-105811,1,high,0.0959,3
T-105812,0,none,0.0,1
T-105813,0,mid,0.0714,2
T-105814,0,low,0.0773,2
T-105815,0,mid,0.0606,3
T-105816,0,none,,3
T-105817,0,high,0.0773,3
T-105818,4,mid,0.1429,3
T-105819,2,low,0.1064,1
T-105820,0,mid,0.0417,3
T-105821,0,mid,0.2,3
T-105822,3,mid,0.1746,2
T-105823,0,high,0.15,2
T-105824,0,mid,0.0323,3
T-105825,8,low,0.3401,2
T-105826,1,mid,0.1447,3
T-105827,2,none,0.1355,2
T-105828,2,none,0.1311,3
T-105829,0,mid,0.1429,2
T-105830,0,low,0.0,2
T-105831,0,low,0.0,2
T-105832,1,low,0.069,3
T-105833,0,low,0.1771,2
T-105834,2,none,0.1611,2
T-105835,3,low,0.0935,2
T-105836,1,none,0.0783,3
T-105837,0,mid,0.1081,3
T-105838,0,none,0.0435,3
T-105839,1,mid,0.0755,1
T-105840,0,high,0.125,2
T-105841,1,mid,0.1196,2
T-105842,0,mid,0.1316,3
T-105843,2,low,0.0411,3
T-105844,2,none,0.1015,3
T-105845,1,low,0.1333,2
T-105846,0,mid,0.3333,2
T-105847,0,none,0.0,2
T-105848,2,mid,0.1611,3
T-105849,1,high,0.1429,1
T-105850,1,none,0.0519,2
T-105851,0,low,0.1818,2
T-105852,1,mid,0.1429,3
T-105853,2,mid,0.1852,1
T-105854,1,low,0.2083,2
T-105855,0,mid,0.25,3
T-105856,0,low,0.0625,3
T-105857,1,none,0.0339,2
T-105858,0,mid,0.0773,1
T-105859,0,mid,0.2,3
T-105860,8,mid,0.2671,2
T-105861,0,mid,0.0,3
T-105862,1,low,0.0976,1
T-105863,2,none,0.1611,2
T-105864,0,none,0.08,3
T-105865,0,mid,0.1538,2
T-105866,0,mid,0.129,3
T-105867,0,high,0.1429,3
T-105868,0,none,0.0526,3
T-105869,0,high,0.1364,3
T-105870,0,mid,0.0,3
T-105871,1,mid,0.0755,3
T-105872,1,mid,0.0789,3
T-105873,0,mid,0.0,3
T-105874,1,mid,0.3061,1
T-105875,0,none,0.04,2
T-105876,0,high,0.1176,3
T-105877,0,none,0.3077,2
T-105878,0,mid,0.1818,2
T-105879,1,low,0.12,2
T-105880,0,low,0.0,2
T-105881,0,mid,0.2222,1
T-105882,1,mid,0.0769,3
T-105883,1,mid,0.163,1
T-105884,0,mid,0.0,3
T-105885,2,high,0.213,1
T-105886,8,mid,0.3401,2
T-105887,6,mid,0.2372,2
T-105888,0,mid,0.0,3
T-105889,1,mid,0.0783,3
T-105890,0,mid,0.0471,1
T-105891,2,low,0.0403,3
T-105892,1,mid,0.1538,3
T-105893,1,high,0.1417,3
T-105894,2,low,0.1064,3
T-105895,0,mid,0.1429,1
T-105896,0,mid,0.0659,2
T-105897,0,mid,0.0345,3
T-105898,0,low,0.1818,2
T-105899,6,mid,0.2372,1
T-105900,0,low,0.3333,1
T-105901,0,low,0.0333,3
T-105902,0,mid,0.1379,2
T-105903,3,none,0.1746,3
T-105904,0,mid,0.0526,1
T-105905,0,mid,0.0,3
T-105906,0,low,0.1379,3
T-105907,0,low,0.2,1
T-105908,0,low,0.1111,3
T-105909,3,none,0.2121,1
T-105910,1,mid,0.163,1
T-105911,0,mid,0.1216,2
T-105912,0,none,0.0,3
T-105913,2,high,0.1355,2
T-105914,0,mid,0.1429,1
T-105915,2,mid,0.1472,1
T-105916,0,mid,0.0667,3
T-105917,7,mid,0.2372,1
T-105918,0,high,0.1771,1
T-105919,0,high,0.1667,2
T-105920,0,low,0.0723,1
T-105921,0,mid,0.0659,3
T-105922,0,high,0.1316,2
T-105923,0,mid,0.0339,2
T-105924,0,low,0.3125,2
T-105925,8,high,0.338,3
T-105926,0,none,0.2174,1
T-105927,1,mid,0.1765,1
T-105928,0,mid,0.1515,3
T-105929,0,low,0.0909,1
T-105930,0,mid,0.0,3
T-105931,1,none,0.1538,3
T-105932,0,mid,0.125,1
T-105933,0,low,0.1379,3
T-105934,0,mid,0.0,1
T-105935,0,low,0.0,3
T-105936,1,low,0.1654,1
T-105937,0,high,0.0943,3
T-105938,0,high,0.1429,2
T-105939,2,mid,0.1472,2
T-105940,8,mid,0.2671,3
T-105941,0,mid,,3
T-105942,1,mid,0.12,3
T-105943,0,mid,0.0659,3
T-105944,8,mid,0.2671,3
T-105945,1,mid,0.5455,1
T-105946,2,mid,0.1429,3
T-105947,1,mid,0.1818,2
T-105948,0,mid,0.0476,2
T-105949,0,mid,0.0588,3
T-105950,0,high,0.15,3
T-105951,1,mid,0.0784,1
T-105952,0,low,0.1,3
T-105953,0,mid,0.1,3
T-105954,0,low,0.1389,1
T-105955,2,mid,0.1355,3
T-105956,7,mid,0.3401,1
T-105957,0,low,0.0455,2
T-105958,0,mid,0.1771,1
T-105959,1,mid,0.3125,1
T-105960,1,mid,0.1778,3
T-105961,0,low,0.0303,3
T-105962,0,none,0.0,1
T-105963,0,low,0.0588,3
T-105964,3,high,0.3578,1
T-105965,1,none,0.0959,3
T-105966,2,mid,0.3125,3
T-105967,0,high,0.0714,1
T-105968,0,mid,0.1304,3
T-105969,0,mid,0.0943,3
T-105970,2,none,0.163,3
T-105971,3,low,0.0759,3
T-105972,2,low,0.1849,3
T-105973,2,high,0.1015,1
T-105974,8,low,0.338,1
T-105975,0,low,0.0455,3
T-105976,1,none,0.1818,3
T-105977,0,low,0.0,3
T-105978,1,low,0.0833,3
T-105979,1,high,0.0417,1
T-105980,1,mid,0.069,2
T-105981,1,high,0.0455,3
T-105982,0,none,0.0,2
T-105983,0,high,0.0625,3
T-105984,1,high,0.2208,1
T-105985,1,low,0.1143,3
T-105986,2,mid,0.1849,1
T-105987,0,mid,0.2,3
T-105988,0,high,0.0471,1
T-105989,1,high,0.1778,1
T-105990,0,high,0.1,3
T-105991,0,mid,0.2308,3
T-105992,4,mid,0.3578,1
T-105993,0,low,0.1429,2
T-105994,0,none,0.1579,3
T-105995,2,mid,0.0403,3
T-105996,0,low,0.0333,3
T-105997,7,mid,0.2372,3
T-105998,1,mid,0.12,3
T-105999,1,low,0.1429,1
T-106000,3,mid,0.1311,2
T-106001,0,none,0.0,2
T-106002,2,mid,0.1169,2
T-106003,0,low,0.0337,2
T-106004,0,none,0.1,3
T-106005,0,low,0.0,1
T-106006,0,none,0.1304,2
T-106007,1,mid,0.0784,3
T-106008,0,high,0.0333,2
T-106009,1,mid,0.2174,3
T-106010,0,mid,0.1127,1
T-106011,0,low,0.1,3
T-106012,0,high,0.0659,2
T-106013,0,high,0.0833,1
T-106014,0,low,0.0588,2
T-106015,3,low,0.1311,3
T-106016,0,low,0.0,2
T-106017,1,mid,0.1667,3
T-106018,2,mid,0.3125,3
T-106019,0,low,0.1111,2
T-106020,0,mid,0.0,3
T-106021,1,none,0.1304,3
T-106022,1,mid,0.0471,3
T-106023,0,low,0.0,2
T-106024,0,low,0.0,3
T-106025,1,mid,0.0783,3
T-106026,0,mid,0.1111,3
T-106027,0,mid,0.0833,2
T-106028,0,mid,0.0303,1
T-106029,1,mid,0.0784,3
T-106030,0,mid,0.1127,1
T-106031,0,low,0.0,3
T-106032,0,low,0.0392,3
T-106033,0,mid,0.0723,3
T-106034,1,low,0.0,1
T-106035,0,mid,0.1176,2
T-106036,2,none,0.0976,3
T-106037,0,high,0.0,2
T-106038,8,low,0.3401,2
T-106039,0,high,0.3846,1
T-106040,2,low,0.1429,3
T-106041,2,mid,0.1611,1
T-106042,0,none,0.3478,1
T-106043,9,none,0.338,2
T-106044,1,low,0.1447,2
T-106045,2,none,0.1472,3
T-106046,0,low,0.1,2
T-106047,0,mid,0.1429,1
T-106048,0,low,0.1481,2
T-106049,0,low,0.0,3
T-106050,2,mid,0.0411,3
T-106051,1,high,0.1447,3
T-106052,8,high,0.2671,2
T-106053,2,low,0.1472,2
T-106054,0,mid,0.0,3
T-106055,0,none,0.1364,1
T-106056,1,none,0.0833,3
T-106057,0,mid,0.0909,1
T-106058,0,low,0.0,2
T-106059,1,low,0.1074,3
T-106060,2,mid,0.3125,1
T-106061,0,high,0.1111,2
T-106062,1,mid,0.1429,3
T-106063,3,high,0.1611,3
T-106064,1,mid,0.0755,1
T-106065,1,none,0.1978,1
T-106066,0,low,0.0,2
T-106067,3,none,0.213,2
T-106068,0,high,0.1818,3
T-106069,0,mid,0.1034,3
T-106070,0,none,0.1277,1
T-106071,1,mid,0.1074,3
T-106072,0,mid,0.0,2
T-106073,1,mid,0.1978,1
T-106074,2,mid,0.1472,2
T-106075,0,high,0.1277,2
T-106076,2,high,0.1654,3
T-106077,1,low,0.1538,2
T-106078,1,high,0.1299,1
T-106079,0,mid,0.0,2
T-106080,0,high,0.0938,3
T-106081,0,low,0.2857,1
T-106082,0,low,0.1111,3
T-106083,0,low,0.0,3
T-106084,0,low,0.0435,2
T-106085,0,mid,0.0943,3
T-106086,0,mid,0.1515,3
T-106087,7,mid,0.2372,3
T-106088,1,mid,0.2812,3
T-106089,0,mid,0.0337,3
T-106090,0,low,0.1,3
T-106091,1,none,0.1538,3
T-106092,1,none,0.0784,3
T-106093,0,low,0.0714,3
T-106094,0,low,0.1429,1
T-106095,1,low,0.1538,3
T-106096,0,low,0.125,3
T-106097,1,high,0.1039,2
T-106098,0,mid,0.1111,2
T-106099,1,high,0.1074,3
T-106100,1,mid,0.1074,3
T-106101,0,none,0.125,1
T-106102,0,mid,0.0337,1
T-106103,0,mid,0.1667,2
T-106104,1,mid,0.2027,1
T-106105,3,none,0.1611,3
T-106106,0,low,0.2308,2
T-106107,0,mid,0.0,3
T-106108,1,mid,0.1538,3
T-106109,0,low,,2
T-106110,1,low,0.069,3
T-106111,1,none,0.1074,3
T-106112,3,high,0.3578,2
T-106113,7,mid,0.2372,3
T-106114,0,mid,0.0357,3
T-106115,3,mid,0.1849,1
T-106116,0,mid,0.0,3
T-106117,1,mid,0.1447,2
T-106118,0,none,0.0435,3
T-106119,1,mid,0.0783,3
T-106120,2,high,0.1472,2
T-106121,0,low,0.0625,1
T-106122,0,none,0.1304,2
T-106123,0,none,0.0,2
T-106124,0,mid,0.25,3
T-106125,3,mid,0.1611,3
T-106126,0,mid,0.0,3
T-106127,0,mid,0.1667,2
T-106128,7,high,0.2671,1
T-106129,0,mid,0.1176,2
T-106130,0,none,0.0,3
T-106131,0,low,0.0659,3
T-106132,2,mid,0.2093,3
T-106133,1,low,0.0455,1
T-106134,1,mid,0.1074,3
T-106135,0,mid,0.0392,3
T-106136,0,mid,0.0337,3
T-106137,0,mid,0.0,2
T-106138,0,low,0.25,3
T-106139,0,low,0.1,1
T-106140,1,low,0.0698,3
T-106141,1,high,0.0519,3
T-106142,0,low,0.0,2
T-106143,2,low,0.1355,2
T-106144,1,mid,0.12,2
T-106145,0,high,0.0,1
T-106146,0,mid,0.0,1
T-106147,0,none,0.0357,2
T-106148,2,low,0.1176,3
T-106149,1,mid,0.1196,3
T-106150,0,mid,0.1176,3
T-106151,0,mid,0.0,3
T-106152,0,high,0.1071,2
T-106153,0,mid,0.0357,3
T-106154,0,mid,0.0,2
T-106155,0,low,0.3077,2
T-106156,0,low,0.0541,3
T-106157,0,low,0.0,3
T-106158,0,high,0.0256,3
T-106159,0,high,0.0938,3
T-106160,0,low,0.0,3
T-106161,0,low,0.0,3
T-106162,0,mid,0.0,3
T-106163,1,none,0.1771,3
T-106164,1,mid,0.1915,3
T-106165,0,mid,0.0,3
T-106166,0,low,0.0625,3
T-106167,1,low,0.1159,3
T-106168,0,none,0.2,2
T-106169,0,low,0.125,3
T-106170,0,none,0.16,1
T-106171,0,mid,0.0,2
T-106172,2,low,0.2027,3
T-106173,0,mid,0.0,1
T-106174,0,mid,0.0,2
T-106175,0,mid,0.0,2
T-106176,2,mid,0.163,1
T-106177,0,mid,0.0333,2
T-106178,0,low,0.1579,3
T-106179,0,mid,0.0,3
T-106180,0,low,0.0,3
T-106181,0,low,,3
T-106182,0,low,0.1579,2
T-106183,1,none,0.1915,3
T-106184,0,mid,0.0385,3
T-106185,0,mid,0.0714,2
T-106186,2,none,0.1654,3
T-106187,0,mid,0.0773,2
T-106188,2,high,0.1654,3
T-106189,0,none,0.0,2
T-106190,1,none,0.1299,1
T-106191,7,mid,0.3401,2
T-106192,1,none,0.1351,2
T-106193,1,low,0.1538,3
T-106194,2,low,0.163,1
T-106195,1,low,0.2308,3
T-106196,0,mid,0.0741,3
T-106197,3,mid,0.1978,2
T-106198,1,low,0.2308,3
T-106199,1,mid,0.1771,1
T-106200,0,none,0.1429,3
T-106201,0,low,0.0625,1
T-106202,1,low,0.1074,2
T-106203,0,low,0.2174,2
T-106204,3,high,0.0759,3
T-106205,0,none,0.0,2
T-106206,0,mid,0.1818,3
T-106207,0,mid,0.0741,3
T-106208,1,low,0.3636,2
T-106209,1,mid,0.0519,2
T-106210,0,low,0.0,3
T-106211,3,mid,0.213,3
T-106212,0,mid,0.0943,3
T-106213,0,high,0.0337,2
T-106214,0,none,0.0659,1
T-106215,3,mid,0.213,2
T-106216,0,mid,0.0,3
T-106217,0,mid,0.1277,3
T-106218,0,low,0.0417,3
T-106219,0,low,0.0659,2
T-106220,3,high,0.1311,3
T-106221,0,low,0.0,3
T-106222,3,high,0.2121,3
T-106223,1,high,0.2308,3
T-106224,0,mid,0.0,2
T-106225,1,mid,0.1277,2
T-106226,1,mid,0.1015,2
T-106227,0,mid,0.0,2
T-106228,0,mid,0.0357,1
T-106229,2,none,0.1064,1
T-106230,0,high,0.0588,3
T-106231,0,low,0.1053,3
T-106232,1,mid,0.1196,3
T-106233,0,high,0.1667,1
T-106234,2,mid,0.2027,1
T-106235,0,mid,0.1316,3
T-106236,1,low,0.2,3
T-106237,2,mid,0.1746,1
T-106238,7,mid,0.2372,1
T-106239,0,low,0.04,2
T-106240,1,low,0.1875,2
T-106241,0,mid,0.0909,1
T-106242,0,mid,0.0,1
T-106243,0,mid,0.0,1
T-106244,4,low,0.1429,1
T-106245,1,high,0.1852,2
T-106246,1,none,0.1,2
T-106247,0,low,0.0294,1
T-106248,2,mid,0.2208,3
T-106249,0,mid,0.0781,2
T-106250,3,high,0.213,1
T-106251,1,mid,0.1015,3
T-106252,0,mid,,3
T-106253,1,mid,0.1074,3
T-106254,2,mid,0.3333,3
T-106255,7,mid,0.338,3
T-106256,0,low,0.15,3
T-106257,0,mid,0.1714,3
T-106258,0,none,0.1333,2
T-106259,0,low,0.0,3
T-106260,0,high,0.1316,2
T-106261,0,high,0.1034,1
T-106262,0,mid,0.1277,3
T-106263,0,mid,0.0345,1
T-106264,0,mid,0.0,2
T-106265,1,none,0.375,3
T-106266,1,mid,0.0519,3
T-106267,3,mid,0.0759,3
T-106268,3,none,0.0935,3
T-106269,1,mid,0.0759,2
T-106270,0,mid,0.0645,2
T-106271,2,mid,0.2899,1
T-106272,5,high,0.1429,3
T-106273,0,mid,0.0,3
T-106274,0,low,0.1034,1
T-106275,0,none,0.0,3
T-106276,1,mid,0.1127,3
T-106277,0,mid,0.0,1
T-106278,5,mid,0.1429,3
T-106279,1,mid,0.0783,2
T-106280,3,low,0.1611,2
T-106281,0,none,0.0943,3
T-106282,0,mid,0.0741,1
T-106283,0,mid,0.0773,1
T-106284,3,none,0.1978,3
T-106285,1,mid,0.3881,1
T-106286,0,low,0.125,2
T-106287,0,mid,0.1364,2
T-106288,1,high,0.1351,3
T-106289,0,low,0.0541,2
T-106290,3,high,0.0935,3
T-106291,1,mid,0.0833,2
T-106292,0,low,0.0833,3
T-106293,0,mid,0.1579,3
T-106294,2,mid,0.1355,1
T-106295,2,mid,0.1176,3
T-106296,1,mid,0.0783,3
T-106297,0,mid,0.0476,3
T-106298,0,none,0.04,3
T-106299,0,high,0.0769,3
T-106300,7,low,0.338,3
T-106301,2,mid,0.1472,1
T-106302,3,mid,0.0935,2
T-106303,1,low,0.0625,3
T-106304,0,low,0.0417,3
T-106305,0,mid,0.0323,1
T-106306,1,low,0.1417,3
T-106307,0,low,0.025,3
T-106308,0,mid,0.0,2
T-106309,1,high,0.0959,2
T-106310,0,low,0.0333,2
T-106311,0,low,0.05,1
T-106312,0,none,0.0,3
T-106313,0,low,0.0943,1
T-106314,1,low,0.0759,1
T-106315,2,high,0.1771,3
T-106316,0,mid,0.0,3
T-106317,0,none,0.0588,3
T-106318,0,low,0.1111,1
T-106319,3,low,0.2899,1
T-106320,0,mid,0.2,2
T-106321,1,low,0.0784,3
T-106322,0,none,0.0625,2
T-106323,7,mid,0.3401,3
T-106324,1,high,0.0773,3
T-106325,0,low,0.025,3
T-106326,4,none,0.3578,1
T-106327,0,none,,3
T-106328,1,high,0.1818,1
T-106329,3,low,0.1311,2
T-106330,1,high,0.2,1
T-106331,0,none,0.129,3
T-106332,7,mid,0.3401,2
T-106333,0,low,0.2,1
T-106334,0,high,0.04,3
T-106335,0,mid,0.0,3
T-106336,0,mid,0.0659,3
T-106337,0,mid,0.1667,1
T-106338,4,mid,0.1849,2
T-106339,7,high,0.3401,3
T-106340,2,mid,0.1771,1
T-106341,1,none,0.0773,3
T-106342,5,low,0.1429,1
T-106343,0,low,0.1667,3
T-106344,7,mid,0.3401,3
T-106345,0,mid,0.4286,1
T-106346,1,mid,0.2195,3
T-106347,1,none,0.1429,3
T-106348,1,high,0.1015,3
T-106349,5,mid,0.1429,3
T-106350,3,low,0.1978,1
T-106351,0,low,0.0488,3
T-106352,0,low,,2
T-106353,1,mid,0.0588,2
T-106354,0,mid,0.1111,2
T-106355,0,mid,0.1316,1
T-106356,4,mid,0.213,3
T-106357,0,mid,0.0566,1
T-106358,1,mid,0.1447,3
T-106359,0,low,0.0,3
T-106360,0,mid,0.1818,2
T-106361,1,low,0.0759,2
T-106362,2,low,0.0755,3
T-106363,0,mid,0.1389,3
T-106364,0,mid,0.0938,3
T-106365,4,high,0.163,3
T-106366,0,mid,0.0476,2
T-106367,3,high,0.0759,2
T-106368,0,low,0.1556,3
T-106369,0,low,0.1429,3
T-106370,0,none,0.1034,3
T-106371,1,mid,0.0519,2
T-106372,0,low,0.0625,2
T-106373,0,mid,0.1111,3
T-106374,1,none,0.1074,1
T-106375,0,low,0.1667,3
T-106376,1,high,0.1765,1
T-106377,1,high,0.1074,3
T-106378,0,low,0.0,3
T-106379,1,mid,0.1127,1
T-106380,5,mid,0.1429,3
T-106381,0,mid,0.1316,2
T-106382,1,low,0.1818,3
T-106383,1,mid,0.1778,3
T-106384,1,mid,0.0926,3
T-106385,1,mid,0.0783,3
T-106386,2,high,0.1412,3
T-106387,1,high,0.0471,2
T-106388,1,high,0.1447,2
T-106389,0,high,0.0392,1
T-106390,1,mid,0.0784,2
T-106391,2,mid,0.1765,1
T-106392,1,mid,0.2195,1
T-106393,1,mid,0.1074,2
T-106394,2,none,0.1765,3
T-106395,0,low,0.0952,2
T-106396,7,high,0.3896,1
T-106397,4,mid,0.163,2
T-106398,0,mid,0.1081,2
T-106399,2,mid,0.1355,3
T-106400,0,high,0.1111,2
T-106401,0,none,0.0,2
T-106402,7,none,0.3401,3
T-106403,0,low,0.1111,1
T-106404,1,low,0.0723,1
T-106405,0,mid,0.0488,3
T-106406,0,high,0.1039,3
T-106407,0,low,0.0,3
T-106408,1,low,0.0645,2
T-106409,1,mid,0.0411,2
T-106410,0,none,0.1111,3
T-106411,0,low,0.1818,2
T-106412,0,mid,0.1111,3
T-106413,0,low,0.0,3
T-106414,1,mid,0.1538,2
T-106415,1,low,0.0645,3
T-106416,1,mid,0.0959,2
T-106417,1,none,0.0926,2
T-106418,5,high,0.3578,3
T-106419,0,mid,0.125,3
T-106420,0,none,0.1579,2
T-106421,2,none,0.1355,2
T-106422,0,low,0.0769,2
T-106423,1,high,0.1778,2
T-106424,2,none,0.1299,1
T-106425,3,mid,0.1978,3
T-106426,0,high,0.1364,3
T-106427,0,mid,,3
T-106428,2,mid,0.2208,2
T-106429,0,mid,0.0659,3
T-106430,0,low,0.0,2
T-106431,0,mid,0.0333,3
T-106432,2,high,0.1355,3
T-106433,0,mid,0.0833,1
T-106434,1,mid,0.1015,2
T-106435,1,mid,0.3478,3
T-106436,2,low,0.1176,2
T-106437,1,high,0.0411,2
T-106438,1,mid,0.1034,1
T-106439,0,high,0.1011,2
T-106440,3,none,0.2027,2
T-106441,1,mid,0.1015,1
T-106442,1,mid,0.1417,3
T-106443,1,mid,0.5455,1
T-106444,0,mid,0.0541,3
T-106445,0,mid,0.1053,3
T-106446,0,mid,0.1316,3
T-106447,1,low,0.0698,1
T-106448,0,none,0.0476,3
T-106449,1,mid,0.1818,1
T-106450,0,mid,0.1818,2
T-106451,1,none,0.1074,3
T-106452,1,high,0.0959,2
T-106453,0,mid,0.1515,3
T-106454,0,mid,0.0,3
T-106455,1,low,0.0784,1
T-106456,0,low,0.1034,3
T-106457,0,mid,0.0,3
T-106458,0,low,0.3077,2
T-106459,6,mid,0.338,2
T-106460,1,none,0.1538,2
T-106461,4,none,0.2899,2
T-106462,0,mid,0.2174,2
T-106463,0,mid,0.0323,3
T-106464,1,low,0.125,1
T-106465,0,mid,0.1053,3
T-106466,0,none,0.125,1
T-106467,0,low,0.0,3
T-106468,6,mid,0.338,2
T-106469,5,low,0.3578,1
T-106470,1,mid,0.1429,2
T-106471,0,low,0.3125,1
T-106472,0,mid,0.0,3
T-106473,1,low,0.0959,2
T-106474,1,low,0.1074,3
T-106475,1,none,0.0926,2
T-106476,0,mid,0.0,1
T-106477,1,low,0.0263,2
T-106478,0,mid,0.0476,2
T-106479,0,low,0.0323,3
T-106480,0,high,0.0,3
T-106481,4,low,0.1978,3
T-106482,0,mid,0.2778,2
T-106483,0,mid,0.2778,1
T-106484,0,low,0.1159,3
T-106485,0,none,0.0541,2
T-106486,0,low,0.1081,3
T-106487,2,low,0.0755,3
T-106488,1,high,0.1538,2
T-106489,4,low,0.163,1
T-106490,6,mid,0.338,3
T-106491,0,mid,0.0526,3
T-106492,0,low,0.0,3
T-106493,1,mid,0.3636,3
T-106494,0,low,0.0,1
T-106495,0,high,0.0,1
T-106496,1,low,0.1351,2
T-106497,1,mid,0.0943,1
T-106498,0,mid,0.0741,3
T-106499,0,mid,0.25,3
T-106500,1,mid,0.1074,1
T-106501,1,mid,0.0851,2
T-106502,0,none,,1
T-106503,0,mid,0.0323,3
T-106504,0,mid,0.3077,1
T-106505,1,mid,0.2222,3
T-106506,0,mid,0.1039,2
T-106507,0,mid,0.0,2
T-106508,1,mid,0.1654,1
T-106509,2,mid,0.1429,1
T-106510,0,mid,0.1064,3
T-106511,0,none,0.0667,1
T-106512,1,mid,0.0625,3
T-106513,1,mid,0.2273,2
T-106514,1,mid,0.1654,3
T-106515,1,low,0.0959,3
T-106516,0,low,0.0,1
T-106517,0,none,0.0659,1
T-106518,2,mid,0.0755,2
T-106519,3,none,0.1472,2
T-106520,6,none,0.338,3
T-106521,6,mid,0.3578,3
T-106522,1,high,0.0959,3
T-106523,6,mid,0.1429,3
T-106524,1,mid,0.1447,2
T-106525,0,none,0.1923,3
T-106526,0,mid,0.0,2
T-106527,1,mid,0.0659,1
T-106528,0,mid,0.2059,2
T-106529,0,mid,0.0741,3
T-106530,1,mid,0.0645,3
T-106531,0,mid,0.1515,3
T-106532,1,mid,0.1447,2
T-106533,0,high,0.0,3
T-106534,0,none,0.0,3
T-106535,0,high,0.1714,2
T-106536,8,mid,0.2372,3
T-106537,1,high,0.3077,3
T-106538,1,mid,0.1915,3
T-106539,0,low,0.3125,2
T-106540,0,high,0.0,3
T-106541,8,none,0.2372,3
T-106542,1,high,0.0851,2
T-106543,6,mid,0.3578,1
T-106544,1,mid,0.0698,3
T-106545,1,mid,0.1538,1
T-106546,3,low,0.0759,1
T-106547,1,none,0.0471,3
T-106548,4,low,0.213,3
T-106549,0,high,0.1176,2
T-106550,8,mid,0.2372,2
T-106551,0,none,0.1011,1
T-106552,7,mid,0.2671,1
T-106553,6,mid,0.3578,3
T-106554,8,high,0.2372,2
T-106555,0,mid,0.0,1
T-106556,0,mid,0.0,3
T-106557,1,low,0.1765,3
T-106558,0,low,0.1667,1
T-106559,0,low,0.375,3
T-106560,3,mid,0.0759,3
T-106561,0,low,0.2381,3
T-106562,8,mid,0.2372,2
T-106563,1,mid,0.3636,1
T-106564,1,high,0.1074,3
T-106565,0,none,0.0256,3
T-106566,3,mid,0.2027,2
T-106567,0,mid,0.0,3
T-106568,0,mid,0.0345,3
T-106569,4,mid,0.2899,1
T-106570,0,low,0.0,2
T-106571,0,mid,0.0,3
T-106572,0,mid,0.087,2
T-106573,0,mid,0.0,3
T-106574,1,high,0.0659,3
T-106575,6,none,0.1429,3
T-106576,3,high,0.1299,1
T-106577,0,mid,0.0,2
T-106578,1,low,0.1417,2
T-106579,0,none,0.3684,1
T-106580,4,mid,0.1849,3
T-106581,0,mid,0.0667,3
T-106582,2,none,0.1355,3
T-106583,0,mid,0.0938,1
T-106584,6,high,0.3896,1
T-106585,0,mid,0.1,3
T-106586,4,mid,0.3401,1
T-106587,2,high,0.1355,3
T-106588,0,low,0.0,1
T-106589,1,high,0.1074,3
T-106590,0,low,0.15,1
T-106591,1,high,0.1143,1
T-106592,0,none,0.12,3
T-106593,1,mid,0.0759,3
T-106594,0,mid,0.1176,2
T-106595,1,mid,0.1364,1
T-106596,0,mid,0.1429,3
T-106597,1,mid,0.1074,2
T-106598,2,low,0.2,3
T-106599,0,mid,0.1,2
T-106600,4,low,0.2899,2
T-106601,0,mid,0.1011,2
T-106602,0,mid,0.1,1
T-106603,0,low,0.0667,3
T-106604,2,low,0.2,2
T-106605,0,mid,0.0638,3
T-106606,0,none,0.1159,3
T-106607,1,low,0.0403,1
T-106608,1,none,0.1196,2
T-106609,3,low,0.1771,1
T-106610,0,mid,0.1011,3
T-106611,1,mid,0.1169,3
T-106612,1,mid,0.1412,2
T-106613,1,low,0.1111,3
T-106614,8,low,0.2671,1
T-106615,0,mid,0.0,2
T-106616,0,mid,0.1667,1
T-106617,1,none,0.0833,2
T-106618,0,mid,0.2727,2
T-106619,0,mid,0.0541,3
T-106620,4,mid,0.1849,3
T-106621,0,mid,0.0588,3
T-106622,0,mid,0.0,2
T-106623,1,high,0.0392,3
T-106624,0,mid,0.2,1
T-106625,1,mid,0.3333,3
T-106626,1,mid,0.1667,3
T-106627,8,mid,0.2372,3
T-106628,0,mid,0.0435,2
T-106629,0,mid,0.0909,2
T-106630,0,mid,0.0,2
T-106631,6,mid,0.3578,3
T-106632,0,low,0.0909,3
T-106633,1,none,0.0411,3
T-106634,5,high,0.163,3
T-106635,8,mid,0.2671,3
T-106636,0,mid,0.05,3
T-106637,0,mid,0.0,3
T-106638,6,mid,0.3578,3
T-106639,0,mid,0.0,1
T-106640,0,mid,0.0455,3
T-106641,0,low,0.0,3
T-106642,1,low,0.1169,3
T-106643,2,mid,0.2093,2
T-106644,1,low,0.0833,3
T-106645,0,high,0.0323,3
T-106646,3,high,0.1472,2
T-106647,0,low,0.1481,3
T-106648,1,mid,0.1,3
T-106649,1,low,0.2083,3
T-106650,4,mid,0.1849,3
T-106651,0,mid,0.0,3
T-106652,0,none,0.1,3
T-106653,1,mid,0.0851,3
T-106654,0,none,0.0,3
T-106655,0,mid,0.0385,2
T-106656,1,mid,0.1143,3
T-106657,0,mid,0.0435,3
T-106658,0,low,0.1389,3
T-106659,0,high,0.1818,1
T-106660,1,high,0.0659,1
T-106661,2,none,0.1074,3
T-106662,2,low,0.1074,2
T-106663,0,mid,0.0476,3
T-106664,0,mid,0.0333,2
T-106665,2,high,0.1818,1
T-106666,1,mid,0.0659,2
T-106667,0,mid,0.2,1
T-106668,6,mid,0.338,1
T-106669,0,mid,0.1739,3
T-106670,0,low,0.0,2
T-106671,1,mid,0.125,2
T-106672,1,mid,0.0526,3
T-106673,0,low,0.0,1
T-106674,0,low,0.0,3
T-106675,0,high,0.0,3
T-106676,1,high,0.0294,2
T-106677,0,low,0.0,1
T-106678,5,mid,0.3401,3
T-106679,2,mid,0.2121,2
T-106680,0,mid,0.1778,2
T-106681,0,mid,0.0385,2
T-106682,1,high,0.5,3
T-106683,8,mid,0.2671,3
T-106684,0,low,0.0435,2
T-106685,3,low,0.3125,1
T-106686,0,mid,0.1818,2
T-106687,1,low,0.1412,3
T-106688,2,high,0.1311,2
T-106689,0,low,0.3125,1
T-106690,0,low,0.1304,1
T-106691,0,mid,0.0,1
T-106692,3,mid,0.1818,1
T-106693,3,mid,0.1818,3
T-106694,1,mid,0.1071,2
T-106695,0,mid,0.1143,3
T-106696,0,high,0.1111,2
T-106697,2,low,0.1311,3
T-106698,1,low,0.1429,1
T-106699,7,mid,0.338,3
T-106700,1,high,0.1447,2
T-106701,0,low,0.0741,1
T-106702,5,low,0.163,3
T-106703,0,low,0.0,3
T-106704,0,none,0.1111,3
T-106705,1,low,0.3333,1
T-106706,1,mid,0.0263,3
T-106707,0,mid,0.0781,1
T-106708,2,low,0.2,3
T-106709,1,mid,0.2222,2
T-106710,0,none,0.1667,3
T-106711,1,low,0.0588,1
T-106712,0,none,0.0333,3
T-106713,2,mid,0.0659,2
T-106714,2,low,0.1746,2
T-106715,0,mid,0.0,3
T-106716,0,mid,0.0,3
T-106717,0,mid,0.0781,3
T-106718,0,mid,0.0566,2
T-106719,0,none,0.0,3
T-106720,3,mid,0.1611,1
T-106721,1,none,0.0773,3
T-106722,0,none,0.2174,3
T-106723,7,mid,0.338,3
T-106724,5,mid,0.3401,3
T-106725,1,mid,0.2128,2
T-106726,1,high,0.1447,1
T-106727,2,mid,0.1746,1
T-106728,3,mid,0.1978,3
T-106729,0,low,0.3333,1
T-106730,2,low,0.3881,2
T-106731,1,low,0.0783,3
T-106732,0,mid,0.0,1
T-106733,3,mid,0.0935,2
T-106734,0,none,0.0256,3
T-106735,3,none,0.1611,1
T-106736,1,mid,0.3061,3
T-106737,0,none,0.0,2
T-106738,2,mid,0.2121,1
T-106739,0,mid,0.0,2
T-106740,3,mid,0.1771,1
T-106741,0,none,0.0,3
T-106742,0,mid,0.0541,1
T-106743,0,none,0.0938,2
T-106744,0,low,0.0333,1
T-106745,0,mid,0.0556,3
T-106746,8,none,0.2372,3
T-106747,0,none,0.125,3
T-106748,0,mid,0.0,2
T-106749,0,mid,0.0339,3
T-106750,1,high,0.3684,1
T-106751,1,mid,0.3061,2
T-106752,2,mid,0.2,3
T-106753,1,high,0.0773,3
T-106754,2,low,0.0759,3
T-106755,0,none,0.0,3
T-106756,2,mid,0.0659,3
T-106757,0,mid,0.0,3
T-106758,5,none,0.3401,3
T-106759,0,mid,0.1481,1
T-106760,0,mid,0.0588,3
T-106761,0,mid,,3
T-106762,0,low,0.0,2
T-106763,0,high,0.0476,1
T-106764,0,low,0.0,2
T-106765,1,high,0.2128,2
T-106766,0,mid,0.1176,3
T-106767,7,mid,0.338,2
T-106768,0,mid,0.0588,3
T-106769,0,mid,0.0357,3
T-106770,0,mid,0.1389,1
T-106771,4,mid,0.1818,3
T-106772,0,mid,0.1176,3
T-106773,1,low,0.2083,3
T-106774,1,low,0.1417,2
T-106775,1,mid,0.1034,3
T-106776,4,mid,0.1818,3
T-106777,2,high,0.0943,1
T-106778,0,mid,0.0,2
T-106779,0,low,0.0,3
T-106780,0,low,0.0741,2
T-106781,0,mid,0.2381,3
T-106782,4,none,0.1299,2
T-106783,1,mid,0.1654,2
T-106784,5,high,0.3401,3
T-106785,2,mid,0.1472,3
T-106786,1,mid,0.1538,3
T-106787,0,low,0.0323,2
T-106788,0,mid,0.0909,3
T-106789,3,high,0.1978,2
T-106790,0,mid,0.1,3
T-106791,0,mid,0.0333,3
T-106792,2,mid,0.3333,3
T-106793,4,mid,0.213,3
T-106794,0,mid,0.0566,3
T-106795,0,mid,0.0,3
T-106796,0,low,0.3125,1
T-106797,0,low,0.0,3
T-106798,0,mid,0.1277,1
T-106799,1,mid,0.0403,3
T-106800,1,high,0.0773,1
T-106801,1,mid,0.1364,2
T-106802,0,mid,0.0,2
T-106803,7,mid,0.3896,2
T-106804,0,mid,0.1923,2
T-106805,0,low,0.0,3
T-106806,1,high,0.0403,1
T-106807,0,mid,0.1379,2
T-106808,6,mid,0.1429,2
T-106809,1,low,0.0789,1
T-106810,1,none,0.1074,2
T-106811,0,high,,1
T-106812,1,low,0.0959,3
T-106813,2,mid,0.1447,3
T-106814,2,mid,0.0773,1
T-106815,0,mid,0.1159,1
T-106816,0,none,0.2308,3
T-106817,2,high,0.1311,3
T-106818,0,high,0.0385,1
T-106819,0,high,0.0,3
T-106820,0,mid,0.0345,2
T-106821,0,low,0.1667,3
T-106822,0,mid,0.1538,3
T-106823,3,mid,0.1611,3
T-106824,2,high,0.3881,1
T-106825,1,mid,0.2812,1
T-106826,1,mid,0.1074,2
T-106827,3,mid,0.0773,1
T-106828,3,mid,0.1771,2
T-106829,6,mid,0.338,2
T-106830,0,high,0.1429,2
T-106831,1,low,0.5,1
T-106832,2,mid,0.1176,2
T-106833,0,mid,0.1159,2
T-106834,0,high,0.0645,3
T-106835,1,mid,0.0411,1
T-106836,3,none,0.0943,3
T-106837,1,low,0.1015,3
T-106838,0,mid,0.1429,3
T-106839,1,mid,0.12,3
T-106840,0,mid,0.0625,2
T-106841,2,low,0.0755,2
T-106842,0,mid,0.0938,3
T-106843,1,high,0.1654,3
T-106844,2,low,0.0784,3
T-106845,0,high,0.1,3
T-106846,0,mid,0.0781,2
T-106847,2,mid,0.2,2
T-106848,0,high,0.1039,1
T-106849,0,mid,0.0,3
T-106850,1,mid,0.1015,3
T-106851,0,mid,0.25,1
T-106852,6,low,0.338,3
T-106853,0,low,0.0588,1
T-106854,0,none,0.0,2
T-106855,2,mid,0.0759,3
T-106856,0,high,0.25,3
T-106857,2,mid,0.0659,3
T-106858,0,mid,0.0,3
T-106859,1,high,0.0645,2
T-106860,0,none,0.1277,3
T-106861,0,low,0.0,1
T-106862,3,none,0.0935,1
T-106863,3,none,0.3881,1
T-106864,1,mid,0.0571,3
T-106865,1,high,0.1818,1
T-106866,0,mid,0.1556,1
T-106867,0,low,0.1667,3
T-106868,0,low,0.1923,2
T-106869,1,none,0.1765,2
T-106870,4,mid,0.1299,3
T-106871,0,low,0.0,3
T-106872,0,low,0.0638,2
T-106873,0,low,0.0741,2
T-106874,0,mid,0.0,3
T-106875,1,low,0.0783,2
T-106876,0,high,0.0833,2
T-106877,0,low,0.0,2
T-106878,0,mid,0.025,3
T-106879,1,low,0.1654,1
T-106880,2,mid,0.0784,1
T-106881,0,mid,0.0606,3
T-106882,0,low,0.0,1
T-106883,0,mid,0.0,2
T-106884,0,none,0.1,2
T-106885,0,mid,0.0526,2
T-106886,0,mid,0.1111,2
T-106887,5,none,0.2899,2
T-106888,0,mid,0.0,1
T-106889,4,mid,0.1299,3
T-106890,2,low,0.0659,2
T-106891,0,mid,0.1429,2
T-106892,0,mid,0.0,2
T-106893,1,none,0.1074,3
T-106894,0,none,0.0337,3
T-106895,0,low,0.125,2
T-106896,0,mid,0.0,2
T-106897,1,low,0.0783,3
T-106898,4,high,0.0773,3
T-106899,0,none,0.1364,2
T-106900,1,mid,0.1481,3
T-106901,1,mid,0.1412,2
T-106902,0,high,0.1667,1
T-106903,0,mid,0.2381,1
T-106904,0,mid,0.1,2
T-106905,1,low,0.0926,3
T-106906,1,mid,0.1654,3
T-106907,4,low,0.213,2
T-106908,0,none,0.0,1
T-106909,0,mid,0.1064,3
T-106910,8,low,0.2372,1
T-106911,1,high,0.2273,1
T-106912,0,low,0.1316,3
T-106913,0,mid,0.0,3
T-106914,1,high,0.0411,2
T-106915,1,high,0.2273,2
T-106916,1,mid,0.1015,3
T-106917,0,mid,,3
T-106918,0,mid,0.0,2
T-106919,0,mid,0.1143,3
T-106920,0,mid,0.0556,2
T-106921,4,none,0.3125,3
T-106922,1,mid,0.1127,2
T-106923,0,none,0.0,1
T-106924,2,low,0.1818,3
T-106925,3,mid,0.1429,1
T-106926,0,low,0.0333,3
T-106927,2,low,0.1355,2
T-106928,0,mid,0.2174,3
T-106929,0,mid,0.0,3
T-106930,2,high,0.2812,3
T-106931,2,low,0.0659,3
T-106932,2,mid,0.0759,2
T-106933,1,low,0.1034,1
T-106934,1,high,0.3333,1
T-106935,0,none,0.0,2
T-106936,2,mid,0.3684,3
T-106937,1,mid,0.0789,3
T-106938,0,low,0.0781,1
T-106939,0,low,0.0833,3
T-106940,0,mid,0.1818,2
T-106941,0,mid,0.0,3
T-106942,7,high,0.2671,2
T-106943,0,mid,0.0,1
T-106944,2,low,0.2208,3
T-106945,0,mid,0.0,2
T-106946,0,mid,0.0,3
T-106947,0,low,0.1196,3
T-106948,0,mid,0.1159,2
T-106949,0,high,,2
T-106950,4,mid,0.213,1
T-106951,0,none,0.0,2
T-106952,0,none,0.0909,3
T-106953,0,high,0.0,3
T-106954,0,mid,0.1071,1
T-106955,2,high,0.1447,3
T-106956,1,mid,0.0645,3
T-106957,0,low,0.1667,3
T-106958,0,mid,0.1316,3
T-106959,4,none,0.1818,3
T-106960,0,mid,0.0,2
T-106961,0,mid,0.1081,3
T-106962,2,low,0.2195,3
T-106963,0,low,0.0,3
T-106964,0,none,0.0625,1
T-106965,4,low,0.0773,2
T-106966,0,mid,0.0556,2
T-106967,2,low,0.0759,2
T-106968,0,low,0.0893,2
T-106969,4,none,0.0773,3
T-106970,2,mid,0.2208,3
T-106971,1,low,0.0471,1
T-106972,0,none,0.0,3
T-106973,0,mid,0.4211,1
T-106974,0,low,0.0714,1
T-106975,3,low,0.0935,3
T-106976,0,mid,0.0333,2
T-106977,1,low,0.0783,2
T-106978,1,none,0.12,3
T-106979,1,high,0.0833,2
T-106980,4,mid,0.3401,1
T-106981,0,low,0.125,3
T-106982,6,mid,0.338,2
T-106983,2,mid,0.0755,3
T-106984,0,low,0.0,3
T-106985,0,low,0.0,3
T-106986,0,mid,0.0,3
T-106987,0,mid,0.2,2
T-106988,4,none,0.1299,3
T-106989,0,mid,0.0741,1
T-106990,1,mid,0.1015,3
T-106991,0,mid,0.1277,2
T-106992,1,mid,0.1429,3
T-106993,0,low,0.0,1
T-106994,4,high,0.213,3
T-106995,0,mid,0.0,3
T-106996,0,low,0.087,1
T-106997,0,low,0.3333,1
T-106998,2,mid,0.0,3
T-106999,0,mid,0.0781,3
T-107000,6,mid,0.3578,2
T-107001,0,high,0.0,2
T-107002,0,mid,0.3333,2
T-107003,0,high,0.0,3
T-107004,0,mid,0.0,3
T-107005,0,low,0.0667,2
T-107006,0,low,,2
T-107007,0,low,0.1159,3
T-107008,4,none,0.3401,3
T-107009,1,low,0.1074,1
T-107010,0,mid,0.0,1
T-107011,0,mid,0.0781,2
T-107012,0,high,0.0588,3
T-107013,1,low,0.0571,2
T-107014,1,low,0.1074,2
T-107015,4,mid,0.0773,3
T-107016,0,mid,0.0,3
T-107017,0,none,0.1039,1
T-107018,0,mid,0.2963,3
T-107019,6,high,0.3578,1
T-107020,0,mid,0.1196,3
T-107021,2,mid,0.1447,2
T-107022,0,mid,0.0,3
T-107023,1,low,0.1074,1
T-107024,0,none,0.0,3
T-107025,1,none,0.1417,2
T-107026,0,mid,0.0,3
T-107027,1,mid,0.1169,3
T-107028,0,none,0.0,2
T-107029,0,low,0.0,3
T-107030,4,mid,0.213,2
T-107031,2,low,0.0659,2
T-107032,0,mid,0.1159,2
T-107033,2,mid,0.1074,3
T-107034,1,mid,0.0519,3
T-107035,1,mid,0.16,1
T-107036,1,mid,0.0645,2
T-107037,1,mid,0.1127,3
T-107038,0,low,0.1667,1
T-107039,0,mid,0.0435,3
T-107040,1,mid,0.0519,2
T-107041,1,mid,0.0476,3
T-107042,0,mid,0.0385,3
T-107043,4,mid,0.0773,3
T-107044,5,none,0.2899,3
T-107045,0,none,0.25,3
T-107046,6,mid,0.338,3
T-107047,0,mid,0.1196,2
T-107048,0,mid,,3
T-107049,0,high,0.1196,3
T-107050,0,low,0.0,2
T-107051,0,high,0.0645,3
T-107052,0,mid,0.2857,1
T-107053,3,high,0.0935,2
T-107054,3,high,0.0784,1
T-107055,1,mid,0.1667,3
T-107056,0,mid,0.1216,1
T-107057,3,none,0.0935,2
T-107058,1,mid,0.0571,2
T-107059,5,low,0.163,3
T-107060,0,mid,0.0851,1
T-107061,1,high,0.1127,2
T-107062,0,mid,0.1481,2
T-107063,1,low,0.1111,3
T-107064,1,low,0.1216,2
T-107065,0,none,0.0,3
T-107066,0,mid,0.1011,2
T-107067,1,mid,0.0403,3
T-107068,1,low,0.3333,1
T-107069,1,mid,0.1915,3
T-107070,0,low,0.1818,1
T-107071,6,none,0.338,3
T-107072,0,mid,0.1515,1
T-107073,0,mid,0.1579,1
T-107074,0,high,0.0667,1
T-107075,0,mid,0.1818,1
T-107076,0,mid,0.1,1
T-107077,3,high,0.0935,2
T-107078,0,mid,0.0556,3
T-107079,2,mid,0.1746,3
T-107080,0,none,0.0,3
T-107081,6,high,0.338,3
T-107082,0,high,0.0,1
T-107083,0,low,0.1667,2
T-107084,0,high,0.0667,2
T-107085,0,low,0.0417,2
T-107086,3,low,0.2027,2
T-107087,0,mid,0.0476,3
T-107088,2,high,0.0976,2
T-107089,1,none,0.1111,2
T-107090,1,none,0.0789,2
T-107091,1,none,0.1654,3
T-107092,2,mid,0.3684,1
T-107093,0,low,0.1081,3
T-107094,0,mid,0.1429,2
T-107095,6,mid,0.338,2
T-107096,3,mid,0.1074,3
T-107097,2,low,0.2,3
T-107098,1,low,0.1778,1
T-107099,2,low,0.0659,1
T-107100,1,mid,0.0392,2
T-107101,0,mid,,3
T-107102,0,none,0.0,3
T-107103,2,mid,0.1447,1
T-107104,0,low,0.0,3
T-107105,1,mid,0.1015,3
T-107106,0,mid,0.0,1
T-107107,0,none,,2
T-107108,1,low,0.0303,3
T-107109,4,mid,0.3125,3
T-107110,0,mid,0.0323,2
T-107111,0,mid,0.125,3
T-107112,3,none,0.1074,2
T-107113,1,low,0.125,2
T-107114,2,low,0.2208,2
T-107115,6,low,0.1429,3
T-107116,1,low,0.3077,1
T-107117,0,none,0.2963,1
T-107118,1,mid,0.2128,3
T-107119,3,mid,0.1978,3
T-107120,1,mid,0.1915,3
T-107121,0,mid,0.1579,2
T-107122,2,low,0.1746,1
T-107123,0,low,,3
T-107124,0,low,0.0,3
T-107125,1,low,0.3333,3
T-107126,0,low,0.087,2
T-107127,0,none,0.1081,3
T-107128,0,low,0.1923,3
T-107129,0,mid,0.0,1
T-107130,3,none,0.0935,3
T-107131,9,mid,0.2372,1
T-107132,6,none,0.3578,3
T-107133,0,none,0.0256,2
T-107134,0,mid,0.0,2
T-107135,0,mid,0.1039,3
T-107136,0,none,0.0,3
T-107137,1,none,0.1,1
T-107138,1,high,0.2381,1
T-107139,2,mid,0.0659,3
T-107140,1,mid,0.1417,1
T-107141,1,mid,0.0938,3
T-107142,0,low,0.0,3
T-107143,1,high,0.0698,1
T-107144,0,mid,0.0,1
T-107145,3,mid,0.0943,3
T-107146,1,none,0.0851,3
T-107147,7,mid,0.2671,3
T-107148,0,none,0.0,3
T-107149,1,mid,0.2222,1
T-107150,0,mid,0.0566,2
T-107151,9,mid,0.2372,1
T-107152,1,low,0.0519,3
T-107153,0,mid,0.1667,3
T-107154,0,mid,0.125,3
T-107155,0,mid,0.0476,3
T-107156,0,mid,0.0714,3
T-107157,1,none,0.0392,1
T-107158,3,none,0.0935,3
T-107159,0,mid,0.25,1
T-107160,1,none,0.12,2
T-107161,0,mid,0.2727,1
T-107162,0,low,0.0,1
T-107163,0,mid,0.0588,3
T-107164,3,mid,0.1611,2
T-107165,1,high,0.12,3
T-107166,0,mid,0.2857,1
T-107167,3,high,0.1074,3
T-107168,2,mid,0.0759,3
T-107169,6,mid,0.1429,2
T-107170,1,mid,0.1355,3
T-107171,1,low,0.05,3
T-107172,3,high,0.1074,1
T-107173,3,mid,0.2121,3
T-107174,0,none,0.0833,3
T-107175,5,mid,0.163,1
T-107176,10,high,0.2372,1
T-107177,5,mid,0.3401,2
T-107178,1,mid,0.0833,3
T-107179,0,low,0.3333,2
T-107180,0,high,0.0411,3
T-107181,1,mid,0.3333,2
T-107182,0,mid,0.0566,3
T-107183,2,mid,0.1765,2
T-107184,3,none,0.1818,1
T-107185,1,mid,0.0294,3
T-107186,0,mid,0.0952,2
T-107187,0,low,0.0645,3
T-107188,4,mid,0.1074,3
T-107189,0,mid,0.0,3
T-107190,1,mid,0.1015,3
T-107191,0,high,0.1111,1
T-107192,0,mid,0.0256,3
T-107193,0,mid,0.0455,3
T-107194,4,low,0.1849,3
T-107195,0,low,0.1011,2
T-107196,0,low,0.0959,1
T-107197,0,mid,0.1429,1
T-107198,0,mid,0.1429,2
T-107199,0,mid,0.0,3
T-107200,4,mid,0.1074,3
T-107201,0,mid,0.0833,2
T-107202,0,high,0.1176,2
T-107203,1,low,0.1579,3
T-107204,0,mid,0.0,3
T-107205,0,none,0.0541,2
T-107206,0,none,0.0606,3
T-107207,1,mid,0.1472,3
T-107208,4,none,0.3881,3
T-107209,1,high,0.0959,3
T-107210,0,mid,0.0435,3
T-107211,1,mid,0.1472,3
T-107212,0,none,0.0455,2
T-107213,0,mid,0.1277,1
T-107214,0,mid,0.1667,1
T-107215,0,low,,1
T-107216,0,none,0.0833,3
T-107217,5,low,0.3578,1
T-107218,1,mid,0.0526,1
T-107219,0,none,0.0,2
T-107220,1,low,0.0723,3
T-107221,0,mid,0.0,3
T-107222,0,low,0.0,3
T-107223,2,mid,0.1447,3
T-107224,0,none,0.0,3
T-107225,0,mid,0.0,2
T-107226,1,none,0.1127,1
T-107227,2,low,0.5455,2
T-107228,0,low,0.1818,1
T-107229,1,none,0.0698,2
T-107230,0,high,0.0588,1
T-107231,1,mid,0.0403,3
T-107232,0,mid,0.25,1
T-107233,2,high,0.0659,2
T-107234,0,mid,0.0,1
T-107235,0,high,0.1143,3
T-107236,0,none,0.0,3
T-107237,1,mid,0.3061,1
T-107238,0,mid,0.0714,2
T-107239,1,mid,0.1412,2
T-107240,1,mid,0.1,2
T-107241,1,low,0.1472,3
T-107242,0,high,0.125,2
T-107243,4,mid,0.1299,3
T-107244,6,high,0.338,3
T-107245,6,high,0.163,3
T-107246,4,none,0.0773,3
T-107247,1,mid,0.0645,1
T-107248,3,none,0.1611,3
T-107249,0,high,0.125,3
T-107250,2,high,0.1818,2
T-107251,0,mid,0.1304,2
T-107252,1,none,0.1277,3
T-107253,4,high,0.1849,3
T-107254,0,high,0.0556,1
T-107255,0,high,0.1923,1
T-107256,0,mid,0.0,2
T-107257,0,mid,0.125,3
T-107258,0,high,0.1316,3
T-107259,4,high,0.1818,2
T-107260,0,low,0.0,2
T-107261,1,mid,0.1472,3
T-107262,0,low,0.0333,1
T-107263,0,mid,0.1,1
T-107264,0,low,0.0,3
T-107265,2,mid,0.0759,2
T-107266,0,none,0.0556,3
T-107267,1,low,0.1556,3
T-107268,0,high,0.1316,1
T-107269,0,low,0.0323,3
T-107270,0,low,0.1333,3
T-107271,2,none,0.3061,3
T-107272,2,mid,0.1778,1
T-107273,0,mid,0.0,1
T-107274,2,mid,0.2195,3
T-107275,1,high,0.1355,2
T-107276,0,low,0.0,2
T-107277,3,none,0.3684,3
T-107278,1,low,0.1111,3
T-107279,4,mid,0.213,3
T-107280,3,mid,0.1771,3
T-107281,0,mid,0.1064,2
T-107282,0,none,0.0,3
T-107283,1,mid,0.125,2
T-107284,0,none,0.1176,2
T-107285,3,mid,0.0784,1
T-107286,0,mid,0.1818,3
T-107287,1,mid,0.1127,2
T-107288,4,none,0.1074,2
T-107289,0,low,0.0909,1
T-107290,1,high,0.2128,3
T-107291,0,mid,0.0455,2
T-107292,4,mid,0.1299,2
T-107293,1,none,0.0625,3
T-107294,0,mid,0.0,3
T-107295,2,high,0.2208,3
T-107296,0,low,0.0571,1
T-107297,0,mid,0.2308,2
T-107298,4,mid,0.1074,1
T-107299,0,high,0.0566,2
T-107300,0,low,0.3077,3
T-107301,0,low,0.0,1
T-107302,0,mid,0.0,3
T-107303,6,high,0.163,2
T-107304,4,none,0.1074,3
T-107305,0,low,0.0,3
T-107306,0,mid,0.1111,2
T-107307,1,none,0.12,3
T-107308,0,mid,0.0,2
T-107309,2,high,0.3061,3
T-107310,0,mid,,2
T-107311,0,mid,0.1538,1
T-107312,0,none,0.12,1
T-107313,3,high,0.1778,2
T-107314,0,mid,0.0455,2
T-107315,0,low,0.0625,1
T-107316,0,mid,0.2,2
T-107317,0,low,0.0588,2
T-107318,0,none,0.0,3
T-107319,0,mid,0.2963,3
T-107320,3,low,0.0943,1
T-107321,2,low,0.1447,3
T-107322,1,low,0.2857,2
T-107323,1,low,0.0783,3
T-107324,6,mid,0.338,3
T-107325,1,none,0.1667,2
T-107326,0,low,0.1064,3
T-107327,0,mid,0.0,2
T-107328,0,mid,0.1196,2
T-107329,0,mid,0.0,1
T-107330,2,mid,0.2208,1
T-107331,0,mid,0.0667,2
T-107332,1,mid,0.1351,2
T-107333,0,mid,0.1143,3
T-107334,0,mid,0.087,2
T-107335,0,none,0.0556,2
T-107336,0,mid,0.0625,3
T-107337,10,high,0.2372,3
T-107338,5,high,0.2899,1
T-107339,1,mid,0.1,3
T-107340,3,mid,0.1746,2
T-107341,1,mid,0.1015,3
T-107342,6,mid,0.338,3
T-107343,0,low,0.0385,2
T-107344,5,mid,0.3401,1
T-107345,5,high,0.3401,1
T-107346,1,mid,0.1472,3
T-107347,0,none,0.0667,2
T-107348,0,mid,0.0,3
T-107349,0,low,0.1064,1
T-107350,1,high,0.1015,3
T-107351,2,mid,0.0759,1
T-107352,1,none,0.1015,3
T-107353,0,low,0.125,3
T-107354,0,mid,0.1,1
T-107355,1,high,0.1355,3
T-107356,0,low,0.1818,3
T-107357,1,low,0.1429,3
T-107358,0,mid,0.0455,3
T-107359,0,mid,0.0667,3
T-107360,0,mid,0.0741,2
T-107361,0,none,0.1429,2
T-107362,3,mid,0.1771,3
T-107363,1,none,0.1538,3
T-107364,1,high,0.1417,3
T-107365,0,high,0.1176,1
T-107366,0,low,0.0,3
T-107367,0,mid,0.1011,2
T-107368,1,low,0.0392,3
T-107369,1,mid,0.0403,3
T-107370,1,none,0.0625,3
T-107371,0,mid,0.1481,3
T-107372,3,high,0.1778,1
T-107373,0,none,0.1081,3
T-107374,0,mid,0.1039,3
T-107375,0,mid,0.0,3
T-107376,3,low,0.2121,1
T-107377,4,mid,0.1429,3
T-107378,2,mid,0.3636,1
T-107379,0,high,0.1429,2
T-107380,0,low,0.0909,2
T-107381,0,mid,0.0303,1
T-107382,1,mid,0.0783,2
T-107383,2,low,0.3061,3
T-107384,1,mid,0.0851,2
T-107385,1,mid,0.1923,2
T-107386,0,mid,0.0,3
T-107387,0,high,0.1429,1
T-107388,7,high,0.2671,2
T-107389,1,mid,0.0714,3
T-107390,0,mid,0.0,3
T-107391,0,none,0.1915,1
T-107392,3,mid,0.1611,2
T-107393,0,none,0.087,3
T-107394,0,none,0.0,1
T-107395,0,mid,0.3333,2
T-107396,4,mid,0.1778,3
T-107397,0,high,0.1333,3
T-107398,2,low,0.1034,2
T-107399,0,low,0.0488,1
T-107400,1,low,0.0519,3
T-107401,1,mid,0.0698,3
T-107402,0,high,0.3333,2
T-107403,0,none,0.0,3
T-107404,1,mid,0.2273,2
T-107405,1,mid,0.0926,2
T-107406,0,mid,0.0339,1
T-107407,1,mid,0.1579,1
T-107408,4,mid,0.1074,2
T-107409,1,none,0.1111,3
T-107410,1,mid,0.1216,3
T-107411,0,mid,0.0714,2
T-107412,1,none,0.1472,3
T-107413,7,none,0.3578,1
T-107414,0,none,0.0893,2
T-107415,0,mid,0.2083,3
T-107416,0,low,0.0909,3
T-107417,3,mid,0.2121,2
T-107418,1,high,0.1818,1
T-107419,1,mid,0.1351,2
T-107420,4,mid,0.1818,3
T-107421,0,low,0.0476,3
T-107422,0,none,0.0,3
T-107423,0,mid,0.0,3
T-107424,7,none,0.2671,3
T-107425,2,mid,0.0976,3
T-107426,0,low,0.1304,1
T-107427,1,mid,0.0403,3
T-107428,0,mid,0.0,3
T-107429,0,mid,0.0476,3
T-107430,1,low,0.0723,3
T-107431,0,mid,0.0833,3
T-107432,1,low,0.1417,1
T-107433,0,low,0.0,2
T-107434,0,low,0.1818,3
T-107435,1,mid,0.1,3
T-107436,1,mid,0.1472,1
T-107437,3,mid,0.2121,2
T-107438,0,low,0.0392,2
T-107439,0,mid,0.0,3
T-107440,1,low,0.0403,3
T-107441,0,none,0.0,1
T-107442,0,mid,0.0,3
T-107443,0,low,0.2963,2
T-107444,4,mid,0.1074,3
T-107445,4,mid,0.0773,3
T-107446,0,low,0.3333,2
T-107447,2,mid,0.1034,2
T-107448,5,mid,0.338,2
T-107449,0,mid,0.04,3
T-107450,1,low,0.2,3
T-107451,0,none,0.0,3
T-107452,2,mid,0.0659,2
T-107453,0,high,0.1579,3
T-107454,2,low,0.0759,2
T-107455,4,low,0.1299,3
T-107456,1,mid,0.1015,2
T-107457,1,high,0.1,3
T-107458,6,mid,0.163,2
T-107459,0,low,0.0,3
T-107460,0,mid,0.0,3
T-107461,1,high,0.0714,2
T-107462,1,high,0.1316,1
T-107463,1,low,0.2195,3
T-107464,1,mid,0.125,2
T-107465,1,mid,0.0403,2
T-107466,7,low,0.2671,1
T-107467,4,mid,0.0773,3
T-107468,4,none,0.1429,3
T-107469,0,mid,0.1,1
T-107470,1,mid,0.0385,1
T-107471,0,mid,0.1304,2
T-107472,0,low,0.0638,1
T-107473,1,high,0.1015,3
T-107474,1,mid,0.1429,2
T-107475,3,mid,0.1746,3
T-107476,0,mid,0.04,3
T-107477,7,none,0.3401,3
T-107478,0,high,0.0833,2
T-107479,3,mid,0.213,3
T-107480,0,mid,0.0,1
T-107481,0,mid,0.0,2
T-107482,2,none,0.0976,2
T-107483,1,none,0.1515,2
T-107484,0,low,0.1071,1
T-107485,4,mid,0.2121,3
T-107486,8,none,0.2671,2
T-107487,0,high,0.04,3
T-107488,3,mid,0.2027,1
T-107489,0,low,0.0893,3
T-107490,1,low,0.0645,3
T-107491,0,mid,0.08,2
T-107492,2,high,0.1034,2
T-107493,0,mid,,3
T-107494,0,none,0.1053,2
T-107495,4,mid,0.1429,2
T-107496,2,mid,0.0471,1
T-107497,1,none,0.0723,2
T-107498,2,none,0.0659,3
T-107499,0,low,0.0638,3
T-107500,0,none,0.0759,3
T-107501,0,none,0.0,3
T-107502,0,mid,0.0667,1
T-107503,1,mid,0.1765,3
T-107504,0,mid,0.1011,3
T-107505,4,mid,0.1849,1
T-107506,3,mid,0.1771,2
T-107507,0,mid,0.1039,3
T-107508,5,mid,0.338,1
T-107509,0,mid,0.087,1
T-107510,1,mid,0.2128,1
T-107511,4,low,0.2121,2
T-107512,0,low,0.1053,1
T-107513,0,mid,0.0,2
T-107514,0,mid,0.0,2
T-107515,4,mid,0.1074,1
T-107516,0,low,0.15,1
T-107517,0,mid,0.0455,3
T-107518,0,mid,0.1,1
T-107519,4,mid,0.1429,2
T-107520,2,high,0.1472,3
T-107521,0,mid,0.025,2
T-107522,2,low,0.0588,3
T-107523,5,mid,0.338,3
T-107524,0,mid,0.0833,2
T-107525,0,low,0.125,1
T-107526,0,low,0.1429,1
T-107527,4,none,0.1429,2
T-107528,1,low,0.15,3
T-107529,0,none,0.1429,3
T-107530,0,mid,0.0385,3
T-107531,6,low,0.338,2
T-107532,0,none,0.0,3
T-107533,0,low,0.0625,3
T-107534,5,high,0.1074,2
T-107535,2,none,0.0417,2
T-107536,2,mid,0.0417,3
T-107537,2,none,0.0659,1
T-107538,3,mid,0.2027,1
T-107539,0,none,0.0,3
T-107540,0,mid,0.0519,3
T-107541,0,mid,0.0,2
T-107542,5,mid,0.3896,2
T-107543,1,none,0.1,3
T-107544,4,none,0.1429,3
T-107545,1,mid,0.1127,2
T-107546,0,none,0.0,2
T-107547,0,high,0.1111,3
T-107548,0,mid,0.037,2
T-107549,0,mid,0.0,2
T-107550,0,low,0.0392,2
T-107551,0,mid,0.0411,2
T-107552,10,mid,0.2372,2
T-107553,0,mid,0.0323,1
T-107554,2,high,0.0784,2
T-107555,6,mid,0.338,3
T-107556,0,none,0.2,3
T-107557,2,low,0.2381,1
T-107558,1,none,0.1538,2
T-107559,0,mid,0.1333,3
T-107560,2,low,0.2381,2
T-107561,6,mid,0.2899,3
T-107562,2,mid,0.2093,3
T-107563,2,mid,0.2381,1
T-107564,2,high,0.1472,1
T-107565,0,mid,0.0,3
T-107566,0,low,,3
T-107567,2,mid,0.1746,2
T-107568,1,mid,0.1355,3
T-107569,0,none,0.0,3
T-107570,2,mid,0.0659,3
T-107571,0,mid,0.0,2
T-107572,0,mid,0.0337,3
T-107573,10,mid,0.2372,1
T-107574,1,low,0.0645,1
T-107575,1,mid,0.0833,1
T-107576,0,none,0.0333,3
T-107577,10,high,0.2372,3
T-107578,0,low,0.5,1
T-107579,0,low,0.0,3
T-107580,0,low,0.069,2
T-107581,0,none,0.0455,1
T-107582,0,high,0.129,1
T-107583,1,none,0.12,3
T-107584,3,mid,0.1771,3
T-107585,2,mid,0.1311,2
T-107586,1,mid,0.1015,3
T-107587,0,mid,0.0,3
T-107588,0,high,0.1579,3
T-107589,0,low,0.0333,2
T-107590,1,low,0.1481,3
T-107591,6,none,0.2899,3
T-107592,2,mid,0.2093,2
T-107593,0,mid,0.3846,1
T-107594,1,none,0.1355,3
T-107595,2,none,0.1765,3
T-107596,0,mid,0.1739,1
T-107597,0,low,0.0337,2
T-107598,4,none,0.1849,2
T-107599,6,mid,0.338,1
T-107600,0,mid,0.0,2
T-107601,0,mid,0.0,3
T-107602,0,low,0.0,2
T-107603,2,low,0.1611,2
T-107604,2,mid,0.1746,2
T-107605,0,mid,0.0,3
T-107606,4,none,0.3881,3
T-107607,1,mid,0.1015,3
T-107608,2,mid,0.1316,3
T-107609,0,none,0.0833,2
T-107610,0,mid,0.125,3
T-107611,0,none,0.0,3
T-107612,0,high,0.0,2
T-107613,3,mid,0.1472,3
T-107614,0,mid,0.4545,3
T-107615,0,mid,0.0,1
T-107616,2,high,0.1316,1
T-107617,4,none,0.1778,1
T-107618,11,mid,0.2372,3
T-107619,1,low,0.1412,1
T-107620,6,mid,0.1074,3
T-107621,0,low,0.125,3
T-107622,1,mid,0.1277,3
T-107623,1,high,0.1355,3
T-107624,0,mid,0.3333,1
T-107625,0,high,0.1111,3
T-107626,1,none,0.3478,2
T-107627,0,low,0.0,3
T-107628,4,low,0.1818,2
T-107629,0,mid,0.0,3
T-107630,2,high,0.1746,2
T-107631,0,mid,0.0759,3
T-107632,0,high,0.1143,2
T-107633,1,none,0.1351,1
T-107634,1,none,0.125,3
T-107635,0,none,0.05,3
T-107636,3,low,0.1316,3
T-107637,3,high,0.213,3
T-107638,5,mid,0.1778,1
T-107639,3,mid,0.0943,3
T-107640,0,mid,0.25,2
T-107641,0,low,0.0,3
T-107642,0,none,0.1159,1
T-107643,3,mid,0.1316,1
T-107644,0,none,0.1111,3
T-107645,4,mid,0.2121,3
T-107646,2,high,0.1412,2
T-107647,0,mid,0.1,3
T-107648,0,mid,0.0,2
T-107649,0,mid,0.0,3
T-107650,0,high,0.3333,1
T-107651,3,mid,0.1771,1
T-107652,0,high,0.0938,2
T-107653,0,high,0.0,1
T-107654,1,mid,0.1015,3
T-107655,0,none,0.0,3
T-107656,0,mid,0.0,2
T-107657,0,mid,0.129,2
T-107658,2,none,0.2381,3
T-107659,0,mid,0.069,2
T-107660,1,mid,0.3125,3
T-107661,6,mid,0.1074,1
T-107662,1,mid,0.1111,3
T-107663,1,none,0.2,2
T-107664,0,mid,0.0,3
T-107665,0,mid,0.4545,1
T-107666,0,mid,0.1176,3
T-107667,6,none,0.1074,2
T-107668,0,mid,0.1389,3
T-107669,0,mid,0.0,3
T-107670,0,mid,0.1714,3
T-107671,1,mid,0.1,3
T-107672,0,low,0.0,3
T-107673,0,mid,0.0,3
T-107674,0,mid,0.0,1
T-107675,11,high,0.2372,1
T-107676,4,low,0.3896,3
T-107677,7,high,0.338,3
T-107678,4,low,0.1818,2
T-107679,0,mid,0.0,3
T-107680,1,low,0.3333,2
T-107681,2,mid,0.1447,3
T-107682,6,mid,0.2899,2
T-107683,0,mid,0.25,2
T-107684,0,mid,0.0,2
T-107685,0,low,0.3,1
T-107686,1,none,0.1923,3
T-107687,0,low,0.0,2
T-107688,1,high,0.1417,2
T-107689,2,low,0.1818,2
T-107690,11,none,0.2372,1
T-107691,0,mid,0.0759,3
T-107692,5,low,0.1849,2
T-107693,0,none,0.1481,3
T-107694,1,mid,0.1015,2
T-107695,1,low,0.1429,3
T-107696,1,mid,0.0783,1
T-107697,0,low,0.0,3
T-107698,0,low,0.1429,3
T-107699,1,mid,0.15,3
T-107700,2,high,0.1611,3
T-107701,0,high,0.3125,1
T-107702,0,mid,0.0,2
T-107703,0,low,0.0435,2
T-107704,6,mid,0.2899,1
T-107705,0,high,0.1034,3
T-107706,0,low,0.0,1
T-107707,1,mid,0.0403,1
T-107708,0,mid,0.1196,2
T-107709,1,mid,0.1765,1
T-107710,0,mid,0.0,3
T-107711,1,mid,0.1417,2
T-107712,0,mid,0.1667,2
T-107713,2,mid,0.0976,2
T-107714,1,low,0.2308,1
T-107715,0,mid,0.1081,3
T-107716,0,low,0.125,1
T-107717,0,low,0.1538,1
T-107718,0,high,0.0,2
T-107719,0,mid,0.0,2
T-107720,2,mid,0.1611,3
T-107721,1,mid,0.1015,3
T-107722,1,low,0.125,2
T-107723,0,mid,0.1923,2
T-107724,0,mid,0.0526,3
T-107725,1,mid,0.1355,1
T-107726,1,mid,0.0938,3
T-107727,4,mid,0.1429,2
T-107728,4,high,0.3896,3
T-107729,0,mid,0.0781,3
T-107730,4,mid,0.1429,1
T-107731,1,high,0.1277,1
T-107732,0,low,0.0,3
T-107733,1,high,0.0403,1
T-107734,0,mid,0.1176,2
T-107735,2,mid,0.0784,1
T-107736,7,none,0.3578,3
T-107737,0,none,0.25,2
T-107738,0,mid,,3
T-107739,1,mid,0.1429,3
T-107740,3,mid,0.3881,1
T-107741,0,low,0.1,2
T-107742,1,none,0.0263,2
T-107743,0,mid,0.0,1
T-107744,1,mid,0.125,2
T-107745,0,none,0.0741,2
T-107746,3,low,0.0943,1
T-107747,1,mid,0.3125,1
T-107748,1,low,0.1923,2
T-107749,0,low,0.0698,2
T-107750,0,mid,0.0411,1
T-107751,2,mid,0.1746,3
T-107752,1,low,0.1015,1
T-107753,0,mid,0.1579,2
T-107754,4,none,0.1429,3
T-107755,0,mid,0.0952,2
T-107756,1,high,0.1654,3
T-107757,0,none,0.0769,3
T-107758,0,mid,0.1389,3
T-107759,0,high,0.0417,2
T-107760,1,mid,0.0645,2
T-107761,0,none,0.0417,3
T-107762,2,low,0.1277,1
T-107763,2,mid,0.1412,2
T-107764,0,mid,0.1111,2
T-107765,0,low,0.3125,3
T-107766,1,mid,0.1538,1
T-107767,0,none,0.1778,1
T-107768,1,low,0.1015,1
T-107769,2,mid,0.2381,3
T-107770,0,none,0.0455,2
T-107771,1,mid,0.1355,3
T-107772,1,low,0.15,3
T-107773,0,low,0.0,3
T-107774,0,low,0.1,1
T-107775,0,mid,0.1304,3
T-107776,0,low,0.0455,1
T-107777,1,mid,0.1923,3
T-107778,0,mid,0.25,2
T-107779,1,mid,0.0909,2
T-107780,0,high,0.4,1
T-107781,0,mid,0.0,3
T-107782,0,none,0.1429,3
T-107783,1,mid,0.0714,3
T-107784,6,high,0.1074,1
T-107785,1,mid,0.1311,2
T-107786,12,mid,0.2372,1
T-107787,0,low,0.0526,1
T-107788,7,mid,0.338,1
T-107789,0,high,0.0741,3
T-107790,2,low,0.1611,1
T-107791,0,mid,0.0357,1
T-107792,6,low,0.1074,2
T-107793,1,mid,0.125,2
T-107794,0,mid,0.0435,2
T-107795,0,high,0.0,3
T-107796,0,mid,0.3,1
T-107797,2,none,0.1611,3
T-107798,1,low,0.0455,3
T-107799,0,mid,0.0,2
T-107800,1,low,0.0755,2
T-107801,0,none,0.0526,2
T-107802,0,mid,0.0588,2
T-107803,6,mid,0.1074,1
T-107804,0,low,0.0385,3
T-107805,4,mid,0.1849,3
T-107806,2,mid,0.0659,3
T-107807,0,mid,0.1176,3
T-107808,2,mid,0.2381,2
T-107809,0,mid,0.1196,3
T-107810,0,low,0.069,2
T-107811,4,mid,0.1771,2
T-107812,3,mid,0.1277,2
T-107813,0,low,0.1429,3
T-107814,1,none,0.1277,1
T-107815,2,none,0.0784,2
T-107816,6,mid,0.163,2
T-107817,0,none,0.0,2
T-107818,1,mid,0.1417,3
T-107819,0,high,0.1169,2
T-107820,7,mid,0.338,1
T-107821,0,mid,0.1071,2
T-107822,2,mid,0.1818,3
T-107823,0,mid,0.0,2
T-107824,1,mid,0.1556,1
T-107825,0,mid,0.0938,3
T-107826,0,none,0.0,3
T-107827,0,mid,0.1039,2
T-107828,1,high,0.15,2
T-107829,0,low,0.1538,3
T-107830,0,mid,0.0,3
T-107831,2,mid,0.0783,2
T-107832,1,mid,0.2208,3
T-107833,0,high,0.1196,3
T-107834,1,mid,0.1277,2
T-107835,4,mid,0.3896,3
T-107836,0,mid,0.1818,1
T-107837,3,mid,0.0943,1
T-107838,3,high,0.1611,2
T-107839,1,mid,0.2273,1
T-107840,0,none,0.1111,3
T-107841,3,mid,0.1429,1
T-107842,2,none,0.0659,2
T-107843,1,low,0.0357,2
T-107844,1,mid,0.0455,1
T-107845,4,high,0.0773,3
T-107846,1,mid,0.1429,3
T-107847,3,mid,0.2121,2
T-107848,3,high,0.1429,2
T-107849,0,low,0.0,2
T-107850,0,low,0.0,2
T-107851,0,low,0.1429,3
T-107852,3,low,0.1472,2
T-107853,0,mid,0.0,3
T-107854,7,mid,0.338,1
T-107855,1,mid,0.0403,3
T-107856,1,mid,0.2093,3
T-107857,1,mid,0.2208,2
T-107858,0,low,0.2,2
T-107859,0,mid,0.0833,3
T-107860,1,low,0.0959,3
T-107861,0,low,0.0,2
T-107862,0,low,0.0556,3
T-107863,0,mid,0.04,1
T-107864,0,none,0.1,3
T-107865,1,mid,0.1654,2
T-107866,2,low,0.1746,2
T-107867,0,low,,2
T-107868,0,low,0.0,3
T-107869,0,low,0.0,3
T-107870,0,mid,,3
T-107871,3,mid,0.0759,2
T-107872,4,mid,0.1429,2
T-107873,0,mid,0.0519,3
T-107874,0,high,0.1011,3
T-107875,0,mid,0.0333,3
T-107876,0,high,0.0519,3
T-107877,0,mid,0.1169,3
T-107878,0,none,0.0385,2
T-107879,2,high,0.1412,2
T-107880,1,low,0.1311,2
T-107881,0,mid,0.125,3
T-107882,2,low,0.1447,3
T-107883,0,mid,0.1304,2
T-107884,0,none,0.1429,3
T-107885,1,mid,0.0959,2
T-107886,0,mid,0.0952,1
T-107887,2,mid,0.1746,2
T-107888,0,low,0.0455,2
T-107889,2,mid,0.0784,2
T-107890,2,high,0.0659,3
T-107891,0,mid,0.0,1
T-107892,2,high,0.1746,3
T-107893,0,mid,0.0455,2
T-107894,0,none,0.0,3
T-107895,0,mid,0.0,1
T-107896,1,mid,0.1127,1
T-107897,4,none,0.1771,3
T-107898,0,low,0.0,2
T-107899,1,high,0.3333,1
T-107900,1,mid,0.1667,2
T-107901,13,high,0.2372,2
T-107902,0,mid,0.0411,2
T-107903,0,none,0.1,1
T-107904,4,high,0.0773,3
T-107905,0,none,0.2,2
T-107906,0,none,0.1169,2
T-107907,0,mid,0.0,3
T-107908,0,mid,0.0741,2
T-107909,2,high,0.213,1
T-107910,0,mid,0.1852,3
T-107911,0,none,0.1169,3
T-107912,0,high,0.1081,1
T-107913,1,mid,0.1277,3
T-107914,0,high,0.0519,2
T-107915,2,low,0.0976,1
T-107916,0,mid,0.0556,2
T-107917,1,low,0.3125,3
T-107918,3,mid,0.1316,3
T-107919,1,high,0.0959,3
T-107920,2,none,0.213,3
T-107921,0,low,0.1429,3
T-107922,0,low,0.1176,2
T-107923,2,mid,0.0784,2
T-107924,0,none,0.0759,3
T-107925,1,none,0.1159,2
T-107926,3,mid,0.1472,2
T-107927,0,mid,0.0256,2
T-107928,1,mid,0.2208,2
T-107929,0,mid,0.0,3
T-107930,0,mid,,2
T-107931,4,mid,0.3125,3
T-107932,2,low,0.1579,1
T-107933,0,none,0.0,3
T-107934,0,mid,0.0,2
T-107935,2,mid,0.213,3
T-107936,0,low,0.1081,3
T-107937,0,mid,0.0,1
T-107938,0,mid,0.1053,3
T-107939,0,none,0.0833,3
T-107940,0,mid,,3
T-107941,1,none,0.1923,1
T-107942,0,mid,0.0,1
T-107943,3,mid,0.1429,1
T-107944,0,mid,0.1429,1
T-107945,7,mid,0.3578,3
T-107946,0,mid,0.0,2
T-107947,0,mid,0.1176,3
T-107948,0,low,0.0345,2
T-107949,0,high,0.1429,2
T-107950,3,high,0.1611,3
T-107951,0,low,0.125,2
T-107952,0,mid,0.0606,3
T-107953,1,mid,0.1,1
T-107954,0,low,0.0,1
T-107955,2,high,0.1556,1
T-107956,4,low,0.1818,2
T-107957,1,mid,0.0959,3
T-107958,8,mid,0.338,1
T-107959,8,low,0.338,1
T-107960,6,none,0.2671,1
T-107961,6,high,0.1778,1
T-107962,0,mid,0.0,1
T-107963,0,mid,0.0455,1
T-107964,0,high,0.0,3
T-107965,2,none,0.0784,2
T-107966,2,mid,0.0935,3
T-107967,0,high,0.0411,2
T-107968,0,low,0.0,2
T-107969,7,high,0.1074,3
T-107970,1,mid,0.1765,1
T-107971,6,mid,0.1778,2
T-107972,0,high,0.3125,1
T-107973,2,low,0.1746,3
T-107974,0,low,0.0488,1
T-107975,7,none,0.2671,3
T-107976,3,mid,0.1429,3
T-107977,0,mid,0.25,1
T-107978,2,mid,0.1818,1
T-107979,1,high,0.1429,1
T-107980,0,mid,0.0526,3
T-107981,0,low,0.025,3
T-107982,7,mid,0.2671,3
T-107983,1,none,0.1277,2
T-107984,0,low,0.2963,2
T-107985,0,none,0.0,3
T-107986,0,none,0.2174,2
T-107987,0,high,0.08,1
T-107988,1,mid,0.1654,2
T-107989,1,high,0.2208,3
T-107990,0,none,0.0638,2
T-107991,1,none,0.1053,3
T-107992,0,mid,0.0385,3
T-107993,4,mid,0.1771,1
T-107994,4,high,0.0773,2
T-107995,1,high,0.0392,2
T-107996,0,mid,0.1196,3
T-107997,2,mid,0.1447,3
T-107998,0,mid,0.1081,3
T-107999,0,none,0.0411,3
T-108000,1,mid,0.4545,2
T-108001,1,none,0.1216,3
T-108002,2,none,0.0784,2
T-108003,0,high,0.2381,3
T-108004,1,mid,0.2174,3
T-108005,1,mid,0.1,2
T-108006,1,mid,0.0403,3
T-108007,0,high,0.04,3
T-108008,6,mid,0.163,3
T-108009,0,low,0.0,3
T-108010,0,low,0.0,2
T-108011,1,mid,0.0959,3
T-108012,0,low,0.0,3
T-108013,2,none,0.1412,3
T-108014,0,low,0.0,2
T-108015,4,mid,0.3896,1
T-108016,0,mid,0.0769,2
T-108017,1,mid,0.1277,3
T-108018,0,mid,0.2093,3
T-108019,0,mid,0.0337,2
T-108020,3,high,0.1472,3
T-108021,1,mid,0.1667,1
T-108022,11,high,0.338,1
T-108023,2,none,0.2381,3
T-108024,0,low,0.0698,2
T-108025,2,high,0.0784,3
T-108026,1,mid,0.0392,3
T-108027,0,mid,0.0909,1
T-108028,3,mid,0.1978,2
T-108029,0,high,0.0519,1
T-108030,0,high,0.1111,3
T-108031,1,high,0.1515,3
T-108032,1,mid,0.1429,3
T-108033,0,none,0.0,1
T-108034,7,mid,0.3578,1
T-108035,0,high,0.0909,3
T-108036,1,none,0.1,2
T-108037,0,high,0.0519,2
T-108038,1,high,0.1351,3
T-108039,4,high,0.3125,3
T-108040,0,low,0.0667,3
T-108041,2,none,0.0935,3
T-108042,1,low,0.2857,3
T-108043,2,mid,0.213,1
T-108044,0,low,,3
T-108045,0,mid,0.0588,3
T-108046,1,low,0.1654,2
T-108047,0,mid,0.0769,2
T-108048,0,mid,0.1011,2
T-108049,1,mid,0.125,2
T-108050,3,mid,0.1472,3
T-108051,0,mid,0.1818,1
T-108052,3,mid,0.1472,3
T-108053,0,mid,0.25,2
T-108054,1,none,0.1111,2
T-108055,1,none,0.0783,3
T-108056,1,mid,0.4211,3
T-108057,1,mid,0.1765,1
T-108058,2,mid,0.1412,2
T-108059,0,low,0.1111,3
T-108060,1,none,0.1364,2
T-108061,2,mid,0.3061,3
T-108062,4,mid,0.1818,3
T-108063,3,mid,0.1818,2
T-108064,2,none,0.1447,1
T-108065,0,mid,0.0333,2
T-108066,0,none,0.0,3
T-108067,1,none,0.0645,3
T-108068,1,none,0.2174,3
T-108069,1,low,0.0645,3
T-108070,1,mid,0.1351,3
T-108071,0,mid,0.0741,3
T-108072,1,mid,0.3125,2
T-108073,0,none,,3
T-108074,0,mid,0.0455,2
T-108075,1,low,0.1015,3
T-108076,0,low,0.0,3
T-108077,2,low,0.1034,1
T-108078,0,low,0.0,3
T-108079,0,low,0.0833,2
T-108080,12,mid,0.2372,3
T-108081,1,low,0.1875,2
T-108082,0,none,0.3333,3
T-108083,4,mid,0.0773,3
T-108084,0,mid,0.1064,2
T-108085,0,low,0.1071,2
T-108086,12,high,0.338,1
T-108087,0,mid,0.2,1
T-108088,7,mid,0.1074,2
T-108089,0,mid,0.0333,2
T-108090,0,mid,0.0,3
T-108091,1,mid,0.0403,1
T-108092,1,none,0.0294,2
T-108093,3,mid,0.213,3
T-108094,0,none,0.1111,2
T-108095,1,mid,0.1277,3
T-108096,3,mid,0.0943,3
T-108097,1,mid,0.1923,2
T-108098,0,low,0.0345,3
T-108099,2,none,0.1412,3
T-108100,0,low,0.125,1
T-108101,0,high,0.0638,1
T-108102,0,low,0.0,1
T-108103,8,mid,0.3578,2
T-108104,0,none,0.0,2
T-108105,0,mid,0.0526,2
T-108106,6,mid,0.3401,1
T-108107,0,mid,0.0,3
T-108108,3,high,0.3125,1
T-108109,0,high,0.5,1
T-108110,6,mid,0.163,3
T-108111,0,mid,0.2963,3
T-108112,0,none,0.1143,2
T-108113,1,none,0.0935,2
T-108114,0,mid,0.0833,3
T-108115,3,mid,0.0943,2
T-108116,0,low,0.0,3
T-108117,0,low,0.1429,1
T-108118,1,low,0.0959,1
T-108119,7,mid,0.1074,1
T-108120,5,mid,0.2027,3
T-108121,1,mid,0.0403,1
T-108122,0,high,0.0256,3
T-108123,1,none,0.0403,3
T-108124,0,high,0.0526,3
T-108125,0,low,,1
T-108126,2,none,0.1447,1
T-108127,2,low,0.0417,3
T-108128,1,none,0.1015,3
T-108129,0,high,0.0339,2
T-108130,1,mid,0.1277,3
T-108131,0,high,0.5,1
T-108132,0,low,0.1429,2
T-108133,1,high,0.1277,1
T-108134,0,low,0.1,2
T-108135,0,mid,0.0,2
T-108136,0,mid,0.0,3
T-108137,0,mid,0.1111,3
T-108138,1,mid,0.1417,3
T-108139,0,high,0.0741,3
T-108140,0,none,0.1011,2
T-108141,1,low,0.0,3
T-108142,0,low,,2
T-108143,0,mid,0.0,2
T-108144,1,low,0.0357,3
T-108145,0,none,0.0417,2
T-108146,1,mid,0.1277,2
T-108147,8,mid,0.1074,2
T-108148,0,high,0.0526,1
T-108149,4,low,0.0773,1
T-108150,0,high,0.0606,3
T-108151,1,low,0.0392,3
T-108152,1,low,0.125,3
T-108153,0,high,0.1364,2
T-108154,0,mid,0.1111,3
T-108155,1,high,0.2195,1
T-108156,0,mid,0.0,3
T-108157,8,mid,0.1074,3
T-108158,3,mid,0.1472,3
T-108159,0,mid,0.0,3
T-108160,0,mid,0.0645,3
T-108161,0,mid,0.1333,1
T-108162,1,mid,0.1515,3
T-108163,5,low,0.1771,3
T-108164,1,low,0.1364,3
T-108165,3,mid,0.1299,3
T-108166,0,mid,0.0638,1
T-108167,2,mid,0.3125,3
T-108168,0,none,0.0,3
T-108169,1,mid,0.12,3
T-108170,0,low,0.2128,3
T-108171,2,low,0.1429,2
T-108172,1,mid,0.1765,3
T-108173,0,low,0.125,1
T-108174,0,mid,0.1111,3
T-108175,0,mid,0.0256,3
T-108176,0,mid,0.0303,2
T-108177,0,high,0.25,1
T-108178,1,none,0.1515,3
T-108179,0,low,0.0323,2
T-108180,0,low,,2
T-108181,0,low,0.1196,3
T-108182,1,mid,0.3333,3
T-108183,6,mid,0.1778,3
T-108184,0,mid,0.0,3
T-108185,5,low,0.2671,3
T-108186,4,mid,0.3896,2
T-108187,0,mid,0.025,1
T-108188,0,none,0.0526,3
T-108189,0,high,0.0256,1
T-108190,6,mid,0.163,3
T-108191,0,mid,0.0625,2
T-108192,2,low,0.2381,3
T-108193,0,mid,0.2174,1
T-108194,0,low,0.0909,2
T-108195,0,low,0.0833,2
T-108196,0,mid,0.0625,2
T-108197,0,mid,0.0411,1
T-108198,0,none,0.1111,1
T-108199,0,low,0.2222,1
T-108200,5,high,0.2671,3
T-108201,0,none,0.0909,2
T-108202,1,mid,0.0667,2
T-108203,0,low,0.0698,2
T-108204,1,high,0.15,3
T-108205,0,mid,0.0769,3
T-108206,2,none,0.1746,3
T-108207,0,mid,0.1379,1
T-108208,2,mid,0.0659,3
T-108209,0,mid,0.0769,2
T-108210,0,mid,0.3333,3
T-108211,0,low,0.08,1
T-108212,0,low,0.2093,1
T-108213,1,mid,0.0935,1
T-108214,0,high,0.0,2
T-108215,1,none,0.1015,3
T-108216,0,low,0.0,3
T-108217,1,none,0.1216,2
T-108218,0,low,0.1355,3
T-108219,1,mid,0.1417,3
T-108220,0,high,0.0566,3
T-108221,5,none,0.0773,2
T-108222,8,mid,0.3578,1
T-108223,0,mid,0.0,2
T-108224,7,mid,0.3401,1
T-108225,0,mid,0.1111,2
T-108226,8,none,0.1074,1
T-108227,0,high,0.0667,3
T-108228,0,mid,0.0,2
T-108229,12,high,0.338,1
T-108230,2,mid,0.1429,3
T-108231,0,none,0.0909,1
T-108232,0,high,0.1714,3
T-108233,3,low,0.1447,3
T-108234,8,none,0.3401,1
T-108235,1,none,0.12,3
T-108236,0,low,0.0588,3
T-108237,0,mid,0.0526,2
T-108238,0,mid,0.0392,3
T-108239,13,low,0.338,1
T-108240,1,high,0.1311,3
T-108241,3,low,0.1849,1
T-108242,0,none,0.0385,3
T-108243,1,high,0.0588,3
T-108244,2,low,0.0784,1
T-108245,0,mid,0.0909,3
T-108246,1,none,0.1667,3
T-108247,1,mid,0.1,3
T-108248,0,low,0.0625,3
T-108249,1,high,0.0411,1
T-108250,1,low,0.1429,3
T-108251,0,mid,0.0893,2
T-108252,1,mid,0.1818,3
T-108253,0,mid,0.0476,3
T-108254,0,mid,0.0588,3
T-108255,0,low,0.125,3
T-108256,2,high,0.1277,3
T-108257,1,mid,0.1538,2
T-108258,0,mid,0.1111,2
T-108259,0,mid,0.0833,2
T-108260,0,high,0.0541,1
T-108261,0,low,0.0,3
T-108262,1,none,0.2,2
T-108263,1,low,0.1667,2
T-108264,2,mid,0.0471,3
T-108265,1,high,0.1538,2
T-108266,5,high,0.0773,3
T-108267,5,high,0.2671,3
T-108268,0,mid,0.0,1
T-108269,2,high,0.3333,1
T-108270,0,mid,0.1389,1
T-108271,0,mid,0.0667,1
T-108272,4,none,0.3881,2
T-108273,0,low,0.1818,3
T-108274,0,low,0.0667,3
T-108275,1,high,0.1538,2
T-108276,1,mid,0.0385,2
T-108277,0,low,0.0,3
T-108278,1,mid,0.0263,1
T-108279,9,none,0.3578,3
T-108280,3,mid,0.1849,1
T-108281,1,high,0.1159,3
T-108282,0,none,0.025,2
T-108283,1,mid,0.12,3
T-108284,2,none,0.2381,1
T-108285,0,low,0.0,1
T-108286,3,mid,0.1472,2
T-108287,3,low,0.1472,3
T-108288,0,high,0.0,2
T-108289,1,high,0.1923,1
T-108290,2,mid,0.1746,2
T-108291,3,mid,0.3896,3
T-108292,0,mid,0.4,1
T-108293,1,mid,0.1015,1
T-108294,4,high,0.1429,2
T-108295,2,low,0.3061,1
T-108296,0,mid,0.0256,1
T-108297,2,none,0.0659,3
T-108298,0,mid,0.2381,3
T-108299,0,none,0.1714,1
T-108300,0,mid,0.2308,1
T-108301,1,high,0.1417,2
T-108302,0,mid,0.0,3
T-108303,2,mid,0.1611,1
T-108304,0,low,0.0303,1
T-108305,5,low,0.1771,2
T-108306,0,mid,0.2,1
T-108307,1,mid,0.1015,3
T-108308,0,mid,0.0667,1
T-108309,1,high,0.0526,1
T-108310,0,none,0.1011,3
T-108311,6,mid,0.163,3
T-108312,0,low,0.0938,2
T-108313,1,low,0.3125,1
T-108314,5,mid,0.0773,1
T-108315,0,mid,0.0909,2
T-108316,12,low,0.2372,3
T-108317,3,none,0.1277,2
T-108318,3,low,0.3333,1
T-108319,1,mid,0.087,3
T-108320,0,none,0.0909,3
T-108321,0,none,0.0769,3
T-108322,0,mid,0.1111,3
T-108323,0,low,0.0833,3
T-108324,4,mid,0.3881,1
T-108325,0,mid,0.0645,1
T-108326,1,mid,0.1417,1
T-108327,0,low,0.0541,1
T-108328,0,low,0.0,3
T-108329,2,mid,0.1746,3
T-108330,3,high,0.1316,2
T-108331,12,mid,0.2372,2
T-108332,0,low,0.0556,1
T-108333,3,mid,0.1472,1
T-108334,0,mid,0.0,2
T-108335,0,low,0.0,2
T-108336,0,none,0.0,2
T-108337,0,mid,0.3333,1
T-108338,2,none,0.0759,3
T-108339,2,mid,0.0638,2
T-108340,0,none,0.0625,3
T-108341,0,none,0.2059,2
T-108342,6,mid,0.0773,3
T-108343,1,mid,0.1515,2
T-108344,3,mid,0.213,2
T-108345,1,mid,0.15,3
T-108346,0,low,0.1667,3
T-108347,0,mid,0.0,3
T-108348,1,mid,0.2,3
T-108349,9,none,0.3578,2
T-108350,0,low,0.1111,3
T-108351,1,low,0.2222,3
T-108352,0,mid,0.2083,3
T-108353,0,none,0.0698,3
T-108354,0,mid,0.1429,2
T-108355,0,mid,0.25,3
T-108356,6,low,0.0773,3
T-108357,4,none,0.1818,3
T-108358,2,high,0.0759,1
T-108359,8,high,0.3401,1
T-108360,1,mid,0.0403,3
T-108361,1,mid,0.0783,3
T-108362,2,low,0.1412,3
T-108363,3,mid,0.2121,1
T-108364,0,mid,0.0,1
T-108365,1,mid,0.0959,1
T-108366,0,mid,0.0,3
T-108367,12,none,0.2372,3
T-108368,8,high,0.1074,3
T-108369,4,high,0.1818,3
T-108370,1,low,0.0723,2
T-108371,3,mid,0.1277,3
T-108372,0,high,0.1011,2
T-108373,0,low,0.0,2
T-108374,0,low,0.0,2
T-108375,0,mid,0.04,3
T-108376,2,high,0.1818,3
T-108377,1,mid,0.25,2
T-108378,0,high,0.1039,3
T-108379,0,low,0.0,3
T-108380,3,low,0.213,3
T-108381,3,mid,0.1447,1
T-108382,14,low,0.338,1
T-108383,0,mid,0.0,3
T-108384,0,high,0.1011,3
T-108385,0,low,0.0667,3
T-108386,1,low,0.2222,3
T-108387,0,mid,0.1169,1
T-108388,2,high,0.1127,3
T-108389,0,none,0.0,1
T-108390,6,none,0.163,1
T-108391,1,none,0.1071,3
T-108392,0,high,0.1778,2
T-108393,0,high,0.0337,3
T-108394,2,none,0.1277,1
T-108395,9,high,0.3401,1
T-108396,0,low,0.0455,2
T-108397,0,low,0.0,3
T-108398,1,mid,0.0392,2
T-108399,0,low,0.0698,1
T-108400,2,low,0.0759,3
T-108401,0,mid,0.1,3
T-108402,0,low,0.0781,3
T-108403,2,mid,0.1277,1
T-108404,0,none,0.12,3
T-108405,0,mid,0.25,1
T-108406,6,mid,0.0773,3
T-108407,10,high,0.3401,3
T-108408,15,none,0.338,2
T-108409,0,low,0.0,3
T-108410,1,mid,0.0783,2
T-108411,2,high,0.1417,3
T-108412,0,low,0.1355,2
T-108413,2,mid,0.1127,1
T-108414,0,none,0.1176,3
T-108415,15,mid,0.338,3
T-108416,0,high,0.2308,2
T-108417,2,none,0.1923,3
T-108418,0,mid,0.1429,2
T-108419,0,low,0.0526,3
T-108420,1,mid,0.1,3
T-108421,0,mid,0.1667,1
T-108422,0,mid,0.0909,3
T-108423,2,mid,0.0759,1
T-108424,12,high,0.2372,3
T-108425,0,mid,0.0,2
T-108426,0,low,0.0,2
T-108427,1,mid,0.1216,2
T-108428,3,high,0.1978,1
T-108429,0,mid,0.0,3
T-108430,2,low,0.3333,1
T-108431,0,mid,0.2963,1
T-108432,0,high,0.0833,3
T-108433,1,mid,0.0403,2
T-108434,1,mid,0.0667,1
T-108435,0,none,0.1355,3
T-108436,0,high,0.1852,1
T-108437,1,mid,0.2308,1
T-108438,1,mid,0.3125,3
T-108439,2,mid,0.0784,2
T-108440,8,mid,0.1074,1
T-108441,4,mid,0.1429,3
T-108442,0,high,0.1739,3
T-108443,0,mid,0.0,1
T-108444,3,mid,0.1299,3
T-108445,9,mid,0.3578,3
T-108446,2,mid,0.1611,2
T-108447,3,mid,0.0943,3
T-108448,0,mid,0.1778,2
T-108449,0,high,0.0571,1
T-108450,3,none,0.1978,1
T-108451,1,high,0.1915,2
T-108452,0,high,0.0333,3
T-108453,8,mid,0.1074,2
T-108454,3,high,0.1978,2
T-108455,0,high,0.1355,1
T-108456,0,mid,0.0339,2
T-108457,5,none,0.1771,1
T-108458,1,low,0.3478,1
T-108459,3,mid,0.1277,3
T-108460,0,low,0.0,3
T-108461,0,mid,0.0435,3
T-108462,5,low,0.1771,3
T-108463,1,mid,0.3125,3
T-108464,1,high,0.2208,2
T-108465,0,high,0.1333,3
T-108466,1,mid,0.3846,3
T-108467,0,mid,0.0,3
T-108468,1,low,0.0667,3
T-108469,1,mid,0.1538,2
T-108470,2,mid,0.1015,3
T-108471,0,mid,0.0,3
T-108472,0,low,0.0,3
T-108473,1,low,0.0541,1
T-108474,0,none,0.1351,3
T-108475,0,low,0.1111,1
T-108476,11,high,0.2372,3
T-108477,0,mid,0.0,1
T-108478,0,none,0.1053,2
T-108479,0,low,0.0,3
T-108480,0,mid,0.1481,1
T-108481,3,mid,0.3333,1
T-108482,0,high,0.0323,3
T-108483,0,mid,0.0476,2
T-108484,3,low,0.1299,3
T-108485,1,none,0.129,2
T-108486,2,low,0.0471,2
T-108487,5,high,0.2899,1
T-108488,3,low,0.213,3
T-108489,1,mid,0.3125,1
T-108490,0,high,0.1389,1
T-108491,1,mid,0.0588,1
T-108492,2,mid,0.1611,2
T-108493,0,low,0.0,3
T-108494,1,mid,0.2963,3
T-108495,0,mid,0.0392,1
T-108496,1,high,0.1714,1
T-108497,1,low,0.1654,3
T-108498,0,none,0.0833,3
T-108499,0,mid,0.1364,1
T-108500,3,none,0.1472,3
T-108501,1,low,0.0783,2
T-108502,1,mid,0.125,3
T-108503,0,mid,0.0333,1
T-108504,0,mid,0.0714,2
T-108505,1,none,0.0783,3
T-108506,0,mid,0.125,1
T-108507,0,low,0.0333,3
T-108508,1,mid,0.2208,3
T-108509,0,none,0.0833,3
T-108510,0,high,0.1081,3
T-108511,0,mid,0.1818,3
T-108512,0,mid,0.0588,2
T-108513,8,low,0.1074,2
T-108514,0,high,0.0337,1
T-108515,1,mid,0.1379,3
T-108516,1,none,0.0959,2
T-108517,0,high,0.0909,2
T-108518,1,mid,0.1818,2
T-108519,0,mid,0.0606,2
T-108520,0,none,0.1176,3
T-108521,2,high,0.0784,3
T-108522,15,mid,0.338,3
T-108523,4,high,0.1447,3
T-108524,11,mid,0.2372,1
T-108525,0,mid,0.0,3
T-108526,5,mid,0.163,3
T-108527,15,none,0.338,3
T-108528,0,mid,0.0625,3
T-108529,0,low,0.1081,2
T-108530,6,high,0.2899,3
T-108531,0,mid,0.0,3
T-108532,1,mid,0.2,2
T-108533,1,mid,0.15,1
T-108534,2,mid,0.1429,3
T-108535,0,high,0.1538,1
T-108536,2,none,0.0784,2
T-108537,0,none,0.0625,2
T-108538,3,high,0.1429,3
T-108539,0,none,0.0714,1
T-108540,2,mid,0.0784,2
T-108541,2,mid,0.1417,2
T-108542,2,high,0.0935,3
T-108543,0,mid,0.1081,3
T-108544,0,high,0.1039,1
T-108545,0,mid,0.0526,1
T-108546,0,none,0.1333,1
T-108547,0,low,0.0455,3
T-108548,2,low,0.3333,3
T-108549,0,low,0.069,1
T-108550,0,mid,0.1304,2
T-108551,1,mid,0.1,2
T-108552,0,high,0.0833,1
T-108553,1,mid,0.1538,3
T-108554,0,low,0.0,2
T-108555,0,low,0.0714,3
T-108556,1,mid,0.1667,3
T-108557,2,mid,0.1015,2
T-108558,3,low,0.213,1
T-108559,0,mid,0.0667,1
T-108560,10,none,0.3401,1
T-108561,0,none,0.1039,1
T-108562,0,high,0.1176,3
T-108563,0,mid,0.1538,3
T-108564,0,none,0.1538,3
T-108565,1,high,0.25,3
T-108566,1,low,0.1169,3
T-108567,1,high,0.1654,3
T-108568,3,mid,0.1277,1
T-108569,0,mid,0.1304,1
T-108570,1,none,0.1654,3
T-108571,3,low,0.1472,3
T-108572,0,mid,0.0,3
T-108573,3,none,0.1429,3
T-108574,1,mid,0.1654,2
T-108575,11,mid,0.2372,1
T-108576,0,high,0.0781,3
T-108577,6,mid,0.2899,3
T-108578,1,mid,0.0959,3
T-108579,1,none,0.0783,2
T-108580,1,mid,0.2222,3
T-108581,0,high,0.0,2
T-108582,0,mid,0.0,3
T-108583,8,mid,0.1074,2
T-108584,0,low,0.1538,3
T-108585,0,low,0.0,3
T-108586,1,none,0.1364,2
T-108587,3,none,0.3684,2
T-108588,2,none,0.0659,3
T-108589,1,high,0.1765,3
T-108590,3,high,0.1299,3
T-108591,0,mid,0.08,3
T-108592,11,mid,0.3401,1
T-108593,0,low,0.1,3
T-108594,2,mid,0.0759,1
T-108595,0,low,0.0606,3
T-108596,0,low,0.0,3
T-108597,1,high,0.4286,1
T-108598,3,mid,0.1849,2
T-108599,0,low,0.0,3
T-108600,13,high,0.338,1
T-108601,1,mid,0.1412,2
T-108602,0,mid,0.0625,2
T-108603,0,high,0.0455,2
T-108604,0,mid,0.0645,3
T-108605,1,low,0.0723,2
T-108606,3,mid,0.1429,1
T-108607,1,none,0.0851,2
T-108608,0,mid,0.1071,3
T-108609,3,mid,0.0943,2
T-108610,0,mid,0.0625,2
T-108611,14,mid,0.338,3
T-108612,1,low,0.0667,3
T-108613,2,mid,0.1015,2
T-108614,1,mid,0.0403,3
T-108615,1,none,0.0294,2
T-108616,0,mid,0.125,2
T-108617,0,low,0.1351,2
T-108618,0,mid,,3
T-108619,0,mid,0.12,2
T-108620,2,high,0.2121,1
T-108621,0,low,0.1579,3
T-108622,2,none,0.1015,1
T-108623,2,none,0.1611,2
T-108624,2,high,0.0659,3
T-108625,9,mid,0.3578,3
T-108626,1,mid,0.2222,1
T-108627,1,mid,0.0723,3
T-108628,0,low,0.0,3
T-108629,0,mid,0.0893,3
T-108630,1,mid,0.1429,3
T-108631,8,mid,0.1074,2
T-108632,10,mid,0.2372,2
T-108633,0,low,0.0645,2
T-108634,0,low,0.1304,2
T-108635,0,mid,0.1778,3
T-108636,1,low,0.5,1
T-108637,0,mid,0.1064,2
T-108638,1,mid,0.1667,3
T-108639,4,mid,0.3125,1
T-108640,0,none,0.5,3
T-108641,2,low,0.0759,1
T-108642,6,mid,0.1771,3
T-108643,0,high,0.0385,2
T-108644,1,low,0.0959,3
T-108645,2,none,0.0784,3
T-108646,1,mid,0.0783,1
T-108647,2,mid,0.1429,1
T-108648,14,mid,0.338,3
T-108649,0,none,0.2857,3
T-108650,1,mid,0.1765,3
T-108651,14,none,0.338,1
T-108652,1,mid,0.1333,3
T-108653,0,mid,0.0,1
T-108654,3,mid,0.1849,3
T-108655,0,none,0.1351,3
T-108656,1,mid,0.0526,3
T-108657,2,high,0.0659,3
T-108658,2,mid,0.0659,2
T-108659,0,mid,0.0588,3
T-108660,2,high,0.1611,3
T-108661,0,mid,0.2083,1
T-108662,3,none,0.1472,3
T-108663,0,mid,,3
T-108664,0,mid,0.0,3
T-108665,0,mid,0.125,3
T-108666,1,mid,0.08,3
T-108667,3,high,0.1472,3
T-108668,1,mid,0.0783,1
T-108669,3,none,0.2381,1
T-108670,3,mid,0.1429,3
T-108671,2,mid,0.0759,3
T-108672,0,high,0.0,1
T-108673,0,high,0.1818,1
T-108674,2,high,0.2308,2
T-108675,3,mid,0.2381,1
T-108676,0,mid,0.0,3
T-108677,2,high,0.1015,2
T-108678,0,high,0.1429,2
T-108679,0,low,0.1304,3
T-108680,0,mid,0.0345,3
T-108681,0,high,0.1071,1
T-108682,3,mid,0.1849,3
T-108683,0,none,0.0435,2
T-108684,4,mid,0.213,3
T-108685,0,mid,0.2059,3
T-108686,0,mid,0.1333,2
T-108687,0,mid,0.0571,2
T-108688,0,mid,0.0893,3
T-108689,0,low,0.3333,1
T-108690,6,mid,0.0773,1
T-108691,0,low,0.0455,3
T-108692,0,mid,0.0833,2
T-108693,0,low,0.08,3
T-108694,0,low,0.0,2
T-108695,1,mid,0.0909,3
T-108696,1,none,0.0303,3
T-108697,2,mid,0.4286,3
T-108698,1,mid,0.1412,2
T-108699,0,mid,0.129,2
T-108700,3,mid,0.2121,1
T-108701,1,none,0.1412,3
T-108702,2,low,0.0659,3
T-108703,6,mid,0.0773,3
T-108704,0,low,0.2128,3
T-108705,3,low,0.1849,3
T-108706,0,mid,0.0392,3
T-108707,10,high,0.2372,3
T-108708,1,none,0.1429,3
T-108709,2,low,0.1429,2
T-108710,1,mid,0.1481,1
T-108711,12,mid,0.3401,2
T-108712,0,none,0.0435,3
T-108713,0,none,0.1579,2
T-108714,2,mid,0.1611,1
T-108715,0,none,0.0,3
T-108716,0,none,0.125,3
T-108717,0,high,0.0,2
T-108718,1,low,0.0541,2
T-108719,3,high,0.0943,2
T-108720,4,high,0.1818,2
T-108721,0,none,0.3846,3
T-108722,1,mid,0.0476,3
T-108723,0,none,0.0526,3
T-108724,0,mid,0.0833,2
T-108725,0,mid,0.0,2
T-108726,0,mid,0.0392,3
T-108727,0,high,0.125,2
T-108728,2,mid,0.4286,3
T-108729,2,mid,0.2195,1
T-108730,0,low,0.0,3
T-108731,0,mid,0.0,1
T-108732,2,high,0.1611,2
T-108733,1,mid,0.1746,2
T-108734,10,mid,0.2372,3
T-108735,12,mid,0.3401,1
T-108736,0,high,0.0455,2
T-108737,0,high,0.0337,3
T-108738,0,low,0.0385,3
T-108739,0,none,0.0,3
T-108740,15,high,0.338,2
T-108741,0,mid,0.0759,3
T-108742,2,none,0.1611,3
T-108743,1,mid,0.2,2
T-108744,0,low,0.0698,1
T-108745,2,high,0.1923,1
T-108746,1,mid,0.0526,2
T-108747,2,low,0.1277,1
T-108748,3,mid,0.1127,2
T-108749,0,low,0.0,2
T-108750,0,mid,0.2,3
T-108751,1,low,0.1538,3
T-108752,0,low,0.2,3
T-108753,1,mid,0.0935,3
T-108754,0,none,0.0938,2
T-108755,10,mid,0.2372,3
T-108756,0,high,0.0263,2
T-108757,1,mid,0.0851,3
T-108758,1,mid,0.0303,3
T-108759,1,high,0.1746,3
T-108760,1,mid,0.1412,3
T-108761,2,low,0.1429,2
T-108762,0,none,0.2,1
T-108763,0,mid,0.0833,3
T-108764,0,mid,0.0,2
T-108765,0,mid,0.0455,3
T-108766,0,low,0.0455,3
T-108767,0,mid,0.0,2
T-108768,0,mid,0.0,2
T-108769,0,mid,0.0833,3
T-108770,1,mid,0.1538,3
T-108771,2,none,0.3125,3
T-108772,1,low,0.0392,2
T-108773,5,mid,0.163,2
T-108774,0,low,0.0,3
T-108775,1,low,0.2727,2
T-108776,1,mid,0.2308,3
T-108777,2,mid,0.0659,2
T-108778,2,mid,0.1429,1
T-108779,0,high,0.1304,3
T-108780,1,none,0.0938,3
T-108781,2,high,0.1417,2
T-108782,0,low,0.1429,3
T-108783,3,low,0.1472,2
T-108784,1,mid,0.0403,2
T-108785,1,low,0.1216,3
T-108786,0,mid,0.0,3
T-108787,1,mid,0.0783,2
T-108788,0,mid,0.0952,2
T-108789,3,low,0.1127,3
T-108790,0,mid,0.1304,2
T-108791,0,mid,0.04,1
T-108792,1,low,0.1654,1
T-108793,1,mid,0.1429,1
T-108794,1,mid,0.15,1
T-108795,1,none,0.0256,2
T-108796,1,high,0.1515,3
T-108797,0,mid,0.1111,1
T-108798,0,mid,0.0333,2
T-108799,0,low,0.12,3
T-108800,0,low,0.0769,3
T-108801,0,mid,0.0,2
T-108802,3,mid,0.1127,3
T-108803,0,none,0.1111,2
T-108804,0,low,0.0976,1
T-108805,0,low,0.1667,1
T-108806,1,mid,0.0303,2
T-108807,15,mid,0.338,2
T-108808,0,mid,0.1429,2
T-108809,0,mid,0.1333,2
T-108810,0,none,0.0,2
T-108811,2,high,0.1611,1
T-108812,0,none,0.0323,2
T-108813,1,mid,0.1355,2
T-108814,0,none,,1
T-108815,15,mid,0.338,3
T-108816,2,mid,0.1277,2
T-108817,0,none,0.0,2
T-108818,0,low,0.0,3
T-108819,9,none,0.2372,2
T-108820,3,mid,0.1923,2
T-108821,2,low,0.3896,1
T-108822,1,mid,0.0411,2
T-108823,0,mid,0.0345,2
T-108824,0,low,0.0476,3
T-108825,3,mid,0.0943,3
T-108826,0,none,0.0833,1
T-108827,1,mid,0.1355,3
T-108828,3,none,0.1849,1
T-108829,1,mid,0.15,3
T-108830,1,mid,0.2222,2
T-108831,2,low,0.0659,3
T-108832,1,low,0.0625,2
T-108833,1,low,0.0357,2
T-108834,2,high,0.0659,1
T-108835,0,mid,0.0488,2
T-108836,2,mid,0.1015,2
T-108837,0,mid,0.0,1
T-108838,3,mid,0.1034,3
T-108839,0,mid,0.1304,1
T-108840,1,mid,0.2222,3
T-108841,4,low,0.163,3
T-108842,3,low,0.213,1
T-108843,0,mid,0.1196,3
T-108844,0,none,0.0938,1
T-108845,12,low,0.3401,1
T-108846,0,mid,0.0741,3
T-108847,4,mid,0.3125,3
T-108848,0,low,0.1429,1
T-108849,0,none,0.2,1
T-108850,0,low,0.2308,3
T-108851,3,mid,0.213,3
T-108852,3,mid,0.3684,3
T-108853,0,high,0.2778,2
T-108854,1,none,0.1654,1
T-108855,1,none,0.1071,2
T-108856,4,high,0.1447,2
T-108857,0,mid,0.0,1
T-108858,1,mid,0.0,2
T-108859,2,low,0.3125,2
T-108860,0,low,0.1429,1
T-108861,4,low,0.2121,2
T-108862,0,mid,0.0,1
T-108863,0,low,0.1765,3
T-108864,2,mid,0.1714,3
T-108865,0,mid,0.0698,2
T-108866,0,mid,0.0,3
T-108867,15,mid,0.338,3
T-108868,1,mid,0.0519,3
T-108869,8,high,0.2372,1
T-108870,3,low,0.1299,1
T-108871,6,mid,0.0773,3
T-108872,1,high,0.1654,3
T-108873,1,high,0.1746,3
T-108874,2,mid,0.1714,3
T-108875,0,mid,0.1111,3
T-108876,0,mid,0.0909,2
T-108877,0,low,0.0,3
T-108878,1,none,0.0403,2
T-108879,0,mid,0.0714,3
T-108880,2,mid,0.0759,3
T-108881,0,low,0.0909,3
T-108882,1,low,0.1039,3
T-108883,0,mid,0.0,2
T-108884,0,mid,0.1176,3
T-108885,0,mid,0.0333,3
T-108886,5,mid,0.2671,1
T-108887,0,mid,0.0926,1
T-108888,4,mid,0.1818,3
T-108889,0,none,0.0,3
T-108890,0,mid,0.1778,3
T-108891,8,mid,0.1074,1
T-108892,1,mid,0.0403,1
T-108893,3,mid,0.1316,3
T-108894,1,mid,0.1111,3
T-108895,0,mid,0.2778,3
T-108896,0,low,0.0909,2
T-108897,14,mid,0.338,2
T-108898,4,mid,0.163,2
T-108899,0,mid,0.0541,3
T-108900,3,mid,0.1556,3
T-108901,0,high,0.0781,3
T-108902,3,high,0.1472,3
T-108903,0,mid,0.25,3
T-108904,0,mid,0.1,3
T-108905,1,low,0.1654,3
T-108906,0,low,0.02,2
T-108907,1,mid,0.15,3
T-108908,0,none,0.0,2
T-108909,0,mid,0.1196,3
T-108910,0,mid,0.1429,3
T-108911,4,none,0.1299,1
T-108912,2,none,0.0784,3
T-108913,0,none,0.1,2
T-108914,0,mid,0.2,3
T-108915,1,low,0.1111,2
T-108916,1,low,0.0935,3
T-108917,0,mid,0.0323,3
T-108918,0,none,0.0,2
T-108919,6,none,0.2671,1
T-108920,0,low,0.3846,1
T-108921,0,low,0.0,3
T-108922,0,low,0.0,3
T-108923,1,none,0.1412,2
T-108924,0,mid,0.0,2
T-108925,3,mid,0.1277,2
T-108926,3,low,0.1556,3
T-108927,4,mid,0.163,2
T-108928,0,none,0.1429,3
T-108929,3,none,0.1429,1
T-108930,1,low,0.0541,3
T-108931,1,mid,0.1,2
T-108932,0,high,0.0417,3
T-108933,0,mid,0.0769,2
T-108934,3,mid,0.1316,2
T-108935,1,mid,0.0403,3
T-108936,4,mid,0.3125,3
T-108937,0,mid,0.0723,2
T-108938,1,high,0.1667,3
T-108939,1,low,0.0256,1
T-108940,0,mid,0.1852,1
T-108941,3,mid,0.1316,2
T-108942,3,mid,0.1316,3
T-108943,0,mid,0.0,1
T-108944,4,none,0.2027,3
T-108945,1,mid,0.0403,3
T-108946,1,low,0.0303,2
T-108947,1,none,0.0935,3
T-108948,2,mid,0.1611,1
T-108949,1,mid,0.1746,1
T-108950,1,none,0.1765,3
T-108951,0,none,0.1196,1
T-108952,4,mid,0.1818,3
T-108953,1,mid,0.1355,1
T-108954,0,low,0.2857,1
T-108955,3,mid,0.1818,3
T-108956,0,mid,0.0571,3
T-108957,0,mid,0.0723,1
T-108958,4,high,0.1447,3
T-108959,0,low,0.0541,2
T-108960,0,none,0.0,3
T-108961,2,mid,0.0784,1
T-108962,8,mid,0.1074,2
T-108963,6,high,0.0773,1
T-108964,1,mid,0.0471,3
T-108965,1,none,0.1169,2
T-108966,0,mid,0.0714,2
T-108967,0,mid,0.0323,3
T-108968,3,high,0.0943,1
T-108969,3,mid,0.0943,1
T-108970,14,high,0.338,1
T-108971,1,none,0.0455,1
T-108972,2,none,0.0638,2
T-108973,0,mid,0.1579,3
T-108974,0,mid,0.0759,2
T-108975,3,high,0.1472,3
T-108976,0,none,0.1538,3
T-108977,4,mid,0.213,3
T-108978,1,mid,0.2273,3
T-108979,0,mid,0.0,2
T-108980,1,low,0.1,3
T-108981,0,none,0.0,1
T-108982,0,mid,0.1081,2
T-108983,1,mid,0.2222,1
T-108984,0,mid,0.1364,3
T-108985,0,low,0.0385,3
T-108986,2,mid,0.3125,2
T-108987,1,none,0.15,3
T-108988,0,low,0.0769,1
T-108989,0,low,0.0714,3
T-108990,0,mid,0.0,2
T-108991,1,low,0.0357,2
T-108992,1,none,0.1169,3
T-108993,0,mid,0.0,3
T-108994,1,high,0.1515,1
T-108995,2,low,0.1417,2
T-108996,0,mid,0.0323,3
T-108997,0,none,0.2208,2
T-108998,1,low,0.1364,3
T-108999,1,mid,0.1196,2
T-109000,0,low,0.0333,1
T-109001,1,low,0.0556,3
T-109002,14,high,0.338,1
T-109003,2,low,0.1417,2
T-109004,1,mid,0.1515,3
T-109005,1,mid,0.0667,1
T-109006,1,none,0.1039,2
T-109007,0,low,0.0333,2
T-109008,0,mid,0.0345,3
T-109009,0,mid,0.0455,1
T-109010,4,none,0.1429,2
T-109011,0,mid,0.125,3
T-109012,1,mid,0.2963,2
T-109013,0,mid,0.0435,3
T-109014,0,low,0.2308,1
T-109015,0,mid,0.037,3
T-109016,4,mid,0.213,3
T-109017,1,low,0.1654,2
T-109018,0,mid,0.0,3
T-109019,0,none,0.0741,2
T-109020,0,low,0.1111,2
T-109021,1,low,0.1015,2
T-109022,0,mid,0.125,1
T-109023,0,mid,0.0,3
T-109024,0,low,0.0,3
T-109025,15,mid,0.338,1
T-109026,1,low,0.1667,1
T-109027,1,high,0.0714,2
T-109028,1,low,0.0625,3
T-109029,1,high,0.1,3
T-109030,3,mid,0.1034,3
T-109031,0,mid,0.0,3
T-109032,0,low,0.0,1
T-109033,0,low,,2
T-109034,0,low,0.0,3
T-109035,3,low,0.3896,3
T-109036,0,mid,0.2174,1
T-109037,0,mid,0.0,1
T-109038,0,mid,0.0,3
T-109039,0,none,0.0392,3
T-109040,1,mid,0.0541,1
T-109041,16,mid,0.338,3
T-109042,0,mid,0.12,3
T-109043,0,none,0.0,1
T-109044,1,mid,0.1216,3
T-109045,0,mid,0.5,2
T-109046,0,mid,0.04,3
T-109047,0,mid,0.0769,2
T-109048,1,none,0.0519,3
T-109049,0,mid,0.0,2
T-109050,0,low,0.0,3
T-109051,0,none,0.0339,3
T-109052,2,none,0.1611,3
T-109053,0,mid,0.0,2
T-109054,0,low,0.3333,2
T-109055,1,none,0.0411,3
T-109056,0,mid,0.0541,1
T-109057,0,mid,0.0,2
T-109058,0,mid,0.0,2
T-109059,0,none,0.0909,1
T-109060,0,low,0.0741,3
T-109061,1,mid,0.1039,2
T-109062,1,none,0.2083,2
T-109063,0,high,0.1176,3
T-109064,0,low,0.0,2
T-109065,0,low,0.0,3
T-109066,0,low,0.1304,3
T-109067,1,mid,0.08,1
T-109068,0,low,0.129,3
T-109069,4,mid,0.163,2
T-109070,0,none,0.0,3
T-109071,1,mid,0.0783,2
T-109072,0,low,0.0909,3
T-109073,1,none,0.1333,3
T-109074,1,low,0.1667,3
T-109075,0,mid,0.0,2
T-109076,3,low,0.1472,3
T-109077,0,high,0.0,3
T-109078,0,mid,0.1875,2
T-109079,4,mid,0.213,3
T-109080,0,none,0.125,2
T-109081,0,mid,0.0,1
T-109082,1,none,0.0526,2
T-109083,0,low,0.037,3
T-109084,0,low,0.0,3
T-109085,6,mid,0.2671,1
T-109086,0,mid,0.125,1
T-109087,4,mid,0.1818,3
T-109088,1,none,0.1429,3
T-109089,2,high,0.1417,1
T-109090,0,mid,0.2093,1
T-109091,1,mid,0.1667,1
T-109092,5,mid,0.0943,2
T-109093,1,low,0.1429,3
T-109094,2,high,0.1818,1
T-109095,2,mid,0.1746,1
T-109096,0,mid,0.0,3
T-109097,0,low,0.1,2
T-109098,0,mid,0.1538,1
T-109099,1,none,0.1053,2
T-109100,0,mid,0.0588,3
T-109101,8,mid,0.1074,1
T-109102,0,mid,0.0,1
T-109103,16,mid,0.338,3
T-109104,0,mid,0.0645,3
T-109105,1,mid,0.1039,1
T-109106,0,mid,,2
T-109107,0,high,,2
T-109108,0,mid,0.0541,3
T-109109,5,low,0.3881,2
T-109110,0,low,0.0,3
T-109111,1,mid,0.0625,3
T-109112,1,none,0.5455,1
T-109113,0,low,0.0,2
T-109114,0,none,0.0,3
T-109115,1,low,0.1538,3
T-109116,1,none,0.1216,1
T-109117,1,none,0.0471,3
T-109118,0,high,0.1765,2
T-109119,1,mid,0.0952,3
T-109120,4,mid,0.213,2
T-109121,0,low,0.0392,3
T-109122,0,mid,0.0,3
T-109123,3,mid,0.1417,3
T-109124,0,mid,0.0,2
T-109125,0,mid,0.0323,3
T-109126,1,low,0.0476,2
T-109127,0,none,0.0,2
T-109128,0,low,0.1176,2
T-109129,5,none,0.1771,3
T-109130,0,mid,0.0,3
T-109131,0,mid,0.0385,1
T-109132,0,mid,0.1034,2
T-109133,9,high,0.2372,3
T-109134,0,low,0.0,3
T-109135,0,low,0.0,3
T-109136,0,mid,0.0,3
T-109137,5,mid,0.3881,3
T-109138,0,mid,0.0323,3
T-109139,0,mid,0.0435,1
T-109140,3,high,0.1417,1
T-109141,7,mid,0.0773,3
T-109142,13,high,0.3401,3
T-109143,1,low,0.129,2
T-109144,0,low,0.0,2
T-109145,0,mid,0.0,2
T-109146,2,low,0.3077,3
T-109147,0,mid,0.125,2
T-109148,0,none,0.1538,3
T-109149,1,mid,0.2093,3
T-109150,2,high,0.1611,2
T-109151,0,mid,0.0645,3
T-109152,0,none,0.1311,3
T-109153,1,mid,0.0851,2
T-109154,1,mid,0.2,3
T-109155,5,low,0.0943,3
T-109156,0,high,0.1351,1
T-109157,9,low,0.2372,1
T-109158,0,mid,0.0759,1
T-109159,0,low,0.1304,1
T-109160,0,mid,0.0,1
T-109161,0,mid,0.0333,3
T-109162,0,mid,0.0759,2
T-109163,0,none,0.0645,3
T-109164,2,mid,0.3061,2
T-109165,0,high,0.0759,1
T-109166,0,high,0.0,3
T-109167,0,mid,0.08,3
T-109168,0,high,0.0,2
T-109169,2,low,0.1127,2
T-109170,0,mid,0.1429,3
T-109171,3,mid,0.1923,2
T-109172,4,low,0.1771,3
T-109173,2,mid,0.3061,2
T-109174,1,mid,0.1015,1
T-109175,1,low,0.1169,2
T-109176,0,low,0.0,1
T-109177,17,mid,0.338,1
T-109178,0,low,0.0455,2
T-109179,0,mid,0.0455,3
T-109180,3,mid,0.1034,2
T-109181,2,high,0.1355,3
T-109182,17,high,0.338,3
T-109183,2,none,0.0541,2
T-109184,0,none,0.0,3
T-109185,0,mid,0.1064,2
T-109186,4,high,0.1818,3
T-109187,3,mid,0.3684,3
T-109188,1,high,0.0403,3
T-109189,1,mid,0.0256,2
T-109190,1,none,0.0256,3
T-109191,0,none,0.1515,2
T-109192,0,mid,0.0588,2
T-109193,1,low,0.1304,1
T-109194,3,mid,0.1579,3
T-109195,1,mid,0.1216,2
T-109196,1,high,0.0783,2
T-109197,3,mid,0.0784,2
T-109198,0,low,0.1667,3
T-109199,1,mid,0.0935,1
T-109200,0,high,0.0625,3
T-109201,0,high,0.0303,3
T-109202,0,low,0.0,3
T-109203,5,none,0.3881,2
T-109204,1,high,0.1111,1
T-109205,0,low,0.0345,3
T-109206,0,low,0.0,3
T-109207,1,low,0.0556,3
T-109208,2,mid,0.1429,1
T-109209,17,low,0.338,1
T-109210,7,low,0.3578,3
T-109211,0,high,0.1011,1
T-109212,0,none,0.0333,3
T-109213,1,mid,0.4211,1
T-109214,2,mid,0.0759,3
T-109215,0,high,0.0435,2
T-109216,0,low,0.0435,2
T-109217,2,mid,0.0541,3
T-109218,0,low,0.0769,1
T-109219,0,none,0.0263,2
T-109220,0,high,0.0,3
T-109221,1,mid,0.1169,3
T-109222,4,high,0.1771,3
T-109223,0,low,0.0,2
T-109224,0,low,0.0476,3
T-109225,0,mid,0.0,2
T-109226,2,high,0.1611,1
T-109227,0,none,0.0909,2
T-109228,1,mid,0.0256,3
T-109229,0,mid,0.0645,3
T-109230,0,mid,0.0,2
T-109231,1,mid,0.3333,2
T-109232,1,none,0.0526,3
T-109233,7,mid,0.3578,1
T-109234,1,high,0.1654,3
T-109235,0,mid,0.0,3
T-109236,2,high,0.3061,2
T-109237,1,mid,0.1849,3
T-109238,2,high,0.1277,3
T-109239,0,none,0.1538,3
T-109240,0,mid,0.1667,3
T-109241,1,low,0.0357,3
T-109242,1,low,0.15,3
T-109243,0,low,0.0,3
T-109244,0,low,0.0,3
T-109245,8,none,0.2372,3
T-109246,0,mid,0.0909,1
T-109247,0,low,0.0755,3
T-109248,0,mid,0.0,2
T-109249,0,mid,0.0959,2
T-109250,0,low,0.0833,3
T-109251,1,low,0.25,3
T-109252,1,none,0.15,2
T-109253,5,mid,0.2899,3
T-109254,2,high,0.1015,2
T-109255,0,mid,0.0,1
T-109256,0,high,0.1538,3
T-109257,3,low,0.1746,3
T-109258,3,none,0.1746,3
T-109259,0,high,,3
T-109260,0,mid,0.0357,3
T-109261,1,none,0.0759,1
T-109262,4,mid,0.1417,3
T-109263,3,high,0.1611,2
T-109264,0,mid,0.0,1
T-109265,0,mid,0.25,3
T-109266,8,mid,0.2372,1
T-109267,17,mid,0.338,3
T-109268,1,mid,0.1667,3
T-109269,1,none,0.0541,2
T-109270,0,mid,0.0,2
T-109271,0,mid,0.1739,3
T-109272,1,low,0.1429,3
T-109273,0,mid,0.0,3
T-109274,7,low,0.2671,2
T-109275,2,low,0.1472,1
T-109276,1,low,0.2,3
T-109277,2,low,0.1111,3
T-109278,3,mid,0.1429,1
T-109279,2,mid,0.0638,2
T-109280,0,mid,0.3077,3
T-109281,1,mid,0.1667,1
T-109282,0,mid,0.0,3
T-109283,0,high,0.1667,3
T-109284,0,low,0.0337,3
T-109285,0,low,0.1311,3
T-109286,0,mid,0.0714,2
T-109287,1,none,0.2778,2
T-109288,0,none,0.0294,3
T-109289,0,low,0.0,1
T-109290,3,mid,0.1299,3
T-109291,3,mid,0.1556,2
T-109292,0,none,0.0566,3
T-109293,3,high,0.213,3
T-109294,0,mid,0.0303,3
T-109295,1,low,0.0256,3
T-109296,1,mid,0.2,1
T-109297,0,none,0.1429,3
T-109298,4,none,0.2121,3
T-109299,5,high,0.2899,3
T-109300,0,low,0.1538,3
T-109301,8,mid,0.1074,2
T-109302,3,high,0.213,1
T-109303,0,low,0.1765,3
T-109304,1,mid,0.0935,1
T-109305,8,none,0.1074,2
T-109306,0,mid,0.0625,2
T-109307,1,low,0.1852,3
T-109308,5,high,0.2381,3
T-109309,0,low,0.25,3
T-109310,0,mid,0.0,3
T-109311,0,low,0.0333,1
T-109312,1,mid,0.2083,1
T-109313,0,mid,0.1429,3
T-109314,1,none,0.0723,3
T-109315,17,mid,0.338,2
T-109316,3,none,0.1472,3
T-109317,0,low,0.0,3
T-109318,0,mid,0.2308,1
T-109319,0,mid,0.1429,3
T-109320,3,none,0.1556,3
T-109321,0,mid,0.25,2
T-109322,3,none,0.1818,2
T-109323,0,mid,0.0345,3
T-109324,2,mid,0.0759,3
T-109325,0,mid,0.0,2
T-109326,4,mid,0.1447,3
T-109327,0,mid,0.0645,3
T-109328,1,high,0.0471,2
T-109329,2,high,0.163,1
T-109330,0,mid,0.0938,1
T-109331,0,low,0.069,3
T-109332,0,none,0.0,3
T-109333,3,mid,0.3333,3
T-109334,2,high,0.1481,2
T-109335,0,none,0.0,3
T-109336,0,none,0.0337,3
T-109337,1,high,0.1412,3
T-109338,0,mid,0.0,1
T-109339,6,none,0.0773,3
T-109340,1,high,0.0783,3
T-109341,0,low,0.1111,3
T-109342,1,low,0.2,1
T-109343,2,mid,0.1015,2
T-109344,0,mid,0.0,2
T-109345,0,mid,0.1429,3
T-109346,0,mid,0.0,3
T-109347,1,none,0.0667,2
T-109348,0,mid,0.0526,3
T-109349,0,low,0.0476,2
T-109350,0,mid,0.1176,1
T-109351,0,mid,0.0,2
T-109352,2,none,0.3896,2
T-109353,1,high,0.0519,1
T-109354,1,mid,0.1379,1
T-109355,0,mid,0.0714,2
T-109356,3,mid,0.1771,3
T-109357,0,low,0.0476,2
T-109358,0,none,0.0,2
T-109359,0,none,0.0526,3
T-109360,0,mid,0.0541,2
T-109361,1,mid,0.1849,2
T-109362,0,low,0.0,1
T-109363,0,high,0.16,2
T-109364,1,low,0.1364,3
T-109365,1,mid,0.0,2
T-109366,1,low,0.15,3
T-109367,1,high,0.1849,3
T-109368,0,low,0.0789,2
T-109369,4,mid,0.1818,3
T-109370,0,mid,0.0909,2
T-109371,0,mid,0.1111,1
T-109372,0,low,0.0,2
T-109373,0,low,0.0,2
T-109374,0,none,0.0,3
T-109375,3,mid,0.163,3
T-109376,0,low,0.0588,2
T-109377,0,low,0.0455,1
T-109378,1,high,0.1216,2
T-109379,0,high,0.1111,3
T-109380,0,high,0.1176,3
T-109381,17,mid,0.338,1
T-109382,0,none,0.1538,3
T-109383,6,none,0.1778,3
T-109384,3,high,0.1818,3
T-109385,3,none,0.1746,3
T-109386,0,low,0.2381,1
T-109387,1,mid,0.25,2
T-109388,1,none,0.1412,2
T-109389,0,high,0.1765,1
T-109390,0,low,0.04,3
T-109391,0,mid,0.0,2
T-109392,1,low,0.0,3
T-109393,6,none,0.0773,1
T-109394,0,low,0.0769,3
T-109395,2,mid,0.0935,3
T-109396,3,high,0.1771,3
T-109397,3,mid,0.163,2
T-109398,0,low,0.0333,3
T-109399,0,mid,0.0909,3
T-109400,3,mid,0.3333,3
T-109401,0,high,0.0337,3
T-109402,2,mid,0.08,2
T-109403,0,low,0.125,3
T-109404,0,low,0.0294,3
T-109405,0,low,0.0,2
T-109406,2,none,0.1015,3
T-109407,2,none,0.1127,2
T-109408,2,mid,0.2027,1
T-109409,0,mid,0.1364,3
T-109410,0,mid,0.0,3
T-109411,0,low,0.1176,3
T-109412,4,mid,0.1417,2
T-109413,0,low,0.0,3
T-109414,4,high,0.213,3
T-109415,0,mid,0.0698,2
T-109416,3,none,0.3125,3
T-109417,1,mid,0.1538,2
T-109418,0,mid,0.0959,3
T-109419,0,mid,0.1011,1
T-109420,8,mid,0.1074,3
T-109421,0,mid,0.2,1
T-109422,0,mid,0.0,3
T-109423,0,mid,0.0,3
T-109424,4,mid,0.1417,2
T-109425,0,mid,0.0385,3
T-109426,1,mid,0.1978,1
T-109427,0,mid,0.0959,3
T-109428,3,mid,0.163,3
T-109429,4,low,0.0943,1
T-109430,0,mid,0.5,1
T-109431,3,high,0.1472,1
T-109432,3,high,0.1277,2
T-109433,3,mid,0.1746,3
T-109434,7,high,0.2671,2
T-109435,0,mid,0.1064,3
T-109436,0,low,0.0,3
T-109437,9,high,0.2372,1
T-109438,0,high,0.0938,1
T-109439,0,none,0.1064,1
T-109440,0,low,0.0,3
T-109441,0,mid,0.125,3
T-109442,3,low,0.3333,1
T-109443,1,none,0.0,1
T-109444,0,mid,0.1515,1
T-109445,0,mid,0.1818,1
T-109446,0,none,0.1111,2
T-109447,0,none,0.0781,1
T-109448,0,none,0.125,1
T-109449,0,high,0.1176,1
T-109450,4,high,0.0943,2
T-109451,1,low,0.0556,3
T-109452,0,mid,0.1364,1
T-109453,0,mid,0.0,2
T-109454,0,low,0.0294,2
T-109455,3,mid,0.1316,3
T-109456,4,low,0.1472,3
T-109457,9,none,0.2372,2
T-109458,0,mid,0.0,3
T-109459,1,mid,0.1216,3
T-109460,0,mid,0.1515,2
T-109461,0,low,0.0625,2
T-109462,0,low,0.0526,3
T-109463,0,low,0.0698,1
T-109464,4,mid,0.1472,2
T-109465,3,mid,0.1316,2
T-109466,0,mid,0.12,2
T-109467,0,low,0.0,3
T-109468,1,mid,0.1071,2
T-109469,0,low,,1
T-109470,0,mid,0.0,2
T-109471,0,mid,0.12,3
T-109472,1,high,0.0471,3
T-109473,18,mid,0.338,3
T-109474,2,low,0.0935,3
T-109475,0,mid,0.0,3
T-109476,0,low,0.08,3
T-109477,4,mid,0.213,2
T-109478,1,low,0.5,1
T-109479,0,mid,0.0345,3
T-109480,0,low,0.125,2
T-109481,2,low,0.2,2
T-109482,1,none,0.1915,3
T-109483,2,mid,0.3636,3
T-109484,0,high,0.0,3
T-109485,3,mid,0.1746,1
T-109486,0,mid,0.0,2
T-109487,0,none,0.1111,3
T-109488,4,none,0.0943,2
T-109489,3,mid,0.1818,1
T-109490,0,mid,0.0,3
T-109491,0,low,0.125,3
T-109492,1,none,0.1389,3
T-109493,8,none,0.1074,1
T-109494,1,none,0.069,3
T-109495,0,mid,0.0909,1
T-109496,0,low,,3
T-109497,4,low,0.213,3
T-109498,6,mid,0.1778,1
T-109499,1,mid,0.1364,2
T-109500,0,low,0.3,2
T-109501,0,low,,3
T-109502,3,low,0.1771,2
T-109503,0,low,0.0,2
T-109504,2,mid,0.0935,3
T-109505,2,mid,0.1429,2
T-109506,0,low,0.0571,2
T-109507,0,mid,0.0385,2
T-109508,4,high,0.1818,3
T-109509,4,mid,0.213,1
T-109510,4,high,0.3333,3
T-109511,8,mid,0.1074,3
T-109512,0,none,0.0959,2
T-109513,0,none,0.0,3
T-109514,1,mid,0.1196,2
T-109515,0,none,0.0,3
T-109516,2,none,0.3896,2
T-109517,3,high,0.1818,1
T-109518,0,low,0.0,2
T-109519,0,mid,0.0333,3
T-109520,0,low,0.0,2
T-109521,0,low,0.0,1
T-109522,0,high,0.0926,3
T-109523,18,none,0.338,1
T-109524,0,low,0.0,2
T-109525,13,mid,0.3401,3
T-109526,1,mid,0.1196,2
T-109527,0,none,0.05,3
T-109528,0,mid,0.1333,3
T-109529,1,high,0.0938,1
T-109530,1,none,0.1412,3
T-109531,0,low,0.1429,2
T-109532,0,low,0.1818,1
T-109533,0,mid,0.0893,3
T-109534,0,low,0.0,3
T-109535,0,mid,0.1053,3
T-109536,0,low,0.1538,3
T-109537,0,mid,0.0476,3
T-109538,0,none,0.0566,3
T-109539,0,none,0.0,2
T-109540,0,low,0.0,3
T-109541,2,high,0.1515,3
T-109542,1,none,0.1,3
T-109543,0,low,0.0,3
T-109544,0,mid,0.2128,1
T-109545,0,low,0.0606,1
T-109546,0,mid,0.0755,1
T-109547,1,low,0.1765,2
T-109548,0,mid,0.0476,2
T-109549,0,mid,0.0294,3
T-109550,1,mid,0.0698,3
T-109551,0,low,0.2,2
T-109552,1,mid,0.1429,3
T-109553,1,mid,0.25,1
T-109554,0,mid,0.0392,3
T-109555,0,none,0.16,3
T-109556,0,low,0.0,1
T-109557,3,low,0.1277,2
T-109558,1,none,0.1159,3
T-109559,0,mid,0.2727,2
T-109560,0,low,0.1,1
T-109561,0,mid,0.12,2
T-109562,2,low,0.163,2
T-109563,0,mid,0.0909,2
T-109564,1,none,0.2273,1
T-109565,19,mid,0.338,3
T-109566,19,mid,0.338,2
T-109567,0,mid,0.0357,2
T-109568,0,mid,0.0,3
T-109569,1,mid,0.0588,3
T-109570,0,low,0.2,3
T-109571,0,low,0.0,1
T-109572,3,mid,0.1277,3
T-109573,1,mid,0.0471,1
T-109574,1,mid,0.1,3
T-109575,0,low,0.04,3
T-109576,0,mid,0.0,3
T-109577,0,mid,0.0588,3
T-109578,1,mid,0.0403,2
T-109579,0,mid,0.0959,2
T-109580,6,mid,0.0773,2
T-109581,0,low,0.0,2
T-109582,4,mid,0.1447,2
T-109583,0,low,0.037,2
T-109584,1,mid,0.0526,3
T-109585,0,low,0.0,2
T-109586,1,mid,0.1216,1
T-109587,1,high,0.0783,2
T-109588,7,high,0.1778,2
T-109589,1,mid,0.1159,2
T-109590,1,mid,0.2273,1
T-109591,4,high,0.2121,3
T-109592,0,mid,0.0345,2
T-109593,1,high,0.1389,2
T-109594,0,mid,0.0,2
T-109595,2,mid,0.1015,3
T-109596,0,low,0.375,3
T-109597,1,mid,0.4,3
T-109598,2,low,0.1429,2
T-109599,0,low,0.0,2
T-109600,2,none,0.1515,2
T-109601,2,mid,0.1379,2
T-109602,1,high,0.0403,3
T-109603,1,mid,0.2222,3
T-109604,0,none,0.12,2
T-109605,1,none,0.3125,2
T-109606,0,high,0.15,1
T-109607,2,mid,0.0784,3
T-109608,2,mid,0.0759,2
T-109609,3,low,0.1818,3
T-109610,1,low,0.0556,3
T-109611,0,mid,0.1765,3
T-109612,1,mid,0.0256,3
T-109613,0,none,0.0,3
T-109614,4,mid,0.2121,3
T-109615,4,high,0.213,1
T-109616,1,low,0.0357,3
T-109617,2,mid,0.0541,1
T-109618,0,none,,2
T-109619,1,low,0.1299,2
T-109620,2,low,0.0759,2
T-109621,6,mid,0.0773,3
T-109622,0,high,0.0,2
T-109623,2,none,0.1429,1
T-109624,3,high,0.1771,2
T-109625,0,mid,0.25,3
T-109626,1,low,0.0959,2
T-109627,3,high,0.1316,3
T-109628,0,low,0.0417,3
T-109629,1,mid,0.069,3
T-109630,0,low,0.1429,2
T-109631,0,mid,0.2941,1
T-109632,3,none,0.2027,2
T-109633,2,none,0.0667,3
T-109634,1,high,0.2222,1
T-109635,0,mid,0.1481,2
T-109636,6,high,0.0773,1
T-109637,7,none,0.1074,2
T-109638,0,mid,0.0625,2
T-109639,0,mid,0.0833,3
T-109640,3,mid,0.1277,3
T-109641,2,mid,0.1216,3
T-109642,0,low,0.0,2
T-109643,0,mid,0.0,3
T-109644,0,low,0.1333,1
T-109645,1,none,0.1196,2
T-109646,1,mid,0.0723,2
T-109647,1,low,0.0455,1
T-109648,18,mid,0.338,1
T-109649,0,low,0.0385,1
T-109650,0,mid,0.0435,3
T-109651,0,mid,0.25,3
T-109652,0,low,0.0714,3
T-109653,0,low,0.0,3
T-109654,0,low,0.125,3
T-109655,4,mid,0.3881,3
T-109656,0,low,0.125,3
T-109657,0,high,0.1143,3
T-109658,3,high,0.1316,3
T-109659,0,low,0.1739,3
T-109660,0,high,0.1429,3
T-109661,0,none,0.3077,3
T-109662,0,low,0.0,2
T-109663,0,mid,0.1064,3
T-109664,0,mid,0.0,3
T-109665,0,mid,0.0,2
T-109666,2,mid,0.1355,1
T-109667,0,mid,0.05,2
T-109668,0,high,0.0323,1
T-109669,3,mid,0.1771,3
T-109670,0,mid,0.129,1
T-109671,1,mid,0.0403,3
T-109672,1,low,0.0783,3
T-109673,1,none,0.0256,1
T-109674,0,none,0.0,2
T-109675,0,high,0.0959,2
T-109676,5,low,0.2381,3
T-109677,0,low,0.0588,3
T-109678,0,mid,0.0,2
T-109679,0,mid,0.0,3
T-109680,19,high,0.338,1
T-109681,0,none,0.0339,3
T-109682,2,none,0.0667,2
T-109683,7,low,0.1074,2
T-109684,0,mid,0.0455,2
T-109685,10,mid,0.2372,1
T-109686,2,mid,0.1667,3
T-109687,0,mid,0.125,2
T-109688,1,mid,0.0959,2
T-109689,0,mid,0.0476,1
T-109690,1,high,0.1654,3
T-109691,1,mid,0.0783,2
T-109692,4,none,0.1472,1
T-109693,0,mid,0.0,1
T-109694,1,none,0.1389,3
T-109695,20,mid,0.338,1
T-109696,0,low,0.0645,3
T-109697,0,mid,0.2059,2
T-109698,0,mid,0.0789,3
T-109699,0,mid,0.0385,1
T-109700,0,none,0.0,2
T-109701,1,low,0.3125,1
T-109702,4,high,0.1472,1
T-109703,1,mid,0.1169,2
T-109704,1,mid,0.0,2
T-109705,0,none,0.0345,2
T-109706,0,mid,0.0926,1
T-109707,0,mid,0.0,3
T-109708,1,high,0.3896,3
T-109709,1,none,0.2963,2
T-109710,0,mid,0.0392,3
T-109711,4,none,0.1417,3
T-109712,0,low,0.02,3
T-109713,1,mid,0.0659,3
T-109714,1,low,0.0256,2
T-109715,1,mid,0.0659,1
T-109716,0,low,0.1364,2
T-109717,0,mid,0.0755,3
T-109718,1,low,0.1071,2
T-109719,2,high,0.3125,1
T-109720,0,mid,0.0337,3
T-109721,1,high,0.2,3
T-109722,1,mid,0.0659,2
T-109723,0,low,0.125,2
T-109724,0,mid,0.0,2
T-109725,0,none,0.3846,3
T-109726,1,mid,0.1011,1
T-109727,2,low,0.1978,2
T-109728,0,mid,0.0,3
T-109729,1,none,0.1011,1
T-109730,0,mid,0.0,1
T-109731,11,low,0.2372,3
T-109732,0,high,0.0714,2
T-109733,1,mid,0.1849,2
T-109734,7,none,0.1778,2
T-109735,4,high,0.1746,1
T-109736,3,high,0.1771,3
T-109737,1,mid,0.0759,1
T-109738,1,mid,0.1364,1
T-109739,7,mid,0.1074,2
T-109740,1,low,0.3,1
T-109741,0,none,0.0,2
T-109742,11,mid,0.2372,3
T-109743,7,high,0.1074,2
T-109744,1,low,0.1654,2
T-109745,0,mid,0.0392,3
T-109746,5,low,0.2381,1
T-109747,5,mid,0.2671,1
T-109748,1,mid,0.0659,2
T-109749,2,high,0.0638,3
T-109750,0,mid,0.0714,3
T-109751,0,high,0.0571,3
T-109752,4,none,0.1417,2
T-109753,1,mid,0.1011,2
T-109754,2,mid,0.0759,2
T-109755,0,mid,0.375,3
T-109756,1,mid,0.1364,3
T-109757,2,none,0.0759,3
T-109758,3,none,0.1277,2
T-109759,0,low,0.0741,3
T-109760,1,none,0.25,2
T-109761,2,mid,0.08,3
T-109762,11,mid,0.2372,1
T-109763,0,mid,0.15,1
T-109764,0,high,0.2208,1
T-109765,4,mid,0.0773,3
T-109766,0,mid,0.0526,3
T-109767,2,none,0.0519,2
T-109768,0,none,0.0,1
T-109769,0,mid,0.0769,3
T-109770,0,none,0.0476,3
T-109771,0,none,0.0625,2
T-109772,0,mid,0.1739,3
T-109773,0,mid,0.1429,3
T-109774,3,high,0.1355,1
T-109775,2,none,0.1818,3
T-109776,0,mid,0.1053,1
T-109777,0,none,0.0,2
T-109778,0,mid,0.0,2
T-109779,2,mid,0.1364,3
T-109780,0,mid,0.0714,1
T-109781,2,mid,0.1015,2
T-109782,0,mid,0.0,3
T-109783,0,low,0.0,3
T-109784,0,low,0.0,3
T-109785,0,mid,0.0476,1
T-109786,0,low,0.0,2
T-109787,3,high,0.1611,1
T-109788,2,mid,0.1429,2
T-109789,2,low,0.1277,2
T-109790,0,low,0.0541,2
T-109791,12,mid,0.2372,3
T-109792,1,mid,0.1667,2
T-109793,6,mid,0.3578,3
T-109794,1,high,0.0403,2
T-109795,12,mid,0.2372,3
T-109796,0,mid,0.0333,2
T-109797,1,mid,0.1849,3
T-109798,5,high,0.213,3
T-109799,7,mid,0.1778,2
T-109800,0,none,0.0566,2
T-109801,1,mid,0.1299,1
T-109802,0,mid,,2
T-109803,3,mid,0.1447,2
T-109804,4,low,0.1417,2
T-109805,1,mid,0.3896,3
T-109806,1,none,0.0476,3
T-109807,0,none,0.1081,3
T-109808,0,mid,0.0455,2
T-109809,4,low,0.1611,1
T-109810,0,mid,0.0,3
T-109811,0,mid,0.0,3
T-109812,0,mid,0.0294,3
T-109813,2,mid,0.0759,3
T-109814,2,mid,0.1515,3
T-109815,0,mid,0.0,3
T-109816,2,mid,0.0759,3
T-109817,4,mid,0.0773,1
T-109818,21,mid,0.338,1
T-109819,0,none,0.0769,3
T-109820,0,none,0.1111,3
T-109821,0,mid,0.0,3
T-109822,6,mid,0.2671,2
T-109823,2,none,0.1515,3
T-109824,0,high,0.0,1
T-109825,7,mid,0.1074,2
T-109826,0,mid,0.0,2
T-109827,4,mid,0.1611,3
T-109828,0,mid,0.1818,1
T-109829,0,mid,0.0345,2
T-109830,1,mid,0.1039,1
T-109831,1,mid,0.1039,1
T-109832,2,none,0.1034,2
T-109833,2,low,0.1429,2
T-109834,1,mid,0.1538,1
T-109835,0,low,0.0,2
T-109836,0,high,0.0303,3
T-109837,0,high,0.2778,3
T-109838,0,mid,0.0,2
T-109839,0,none,0.0323,2
T-109840,0,mid,0.0,2
T-109841,1,high,0.125,1
T-109842,0,low,0.2059,1
T-109843,1,none,0.1765,3
T-109844,0,none,0.0588,3
T-109845,2,mid,0.0759,3
T-109846,3,high,0.1447,1
T-109847,0,mid,0.12,3
T-109848,0,low,0.0,2
T-109849,2,mid,0.1299,2
T-109850,0,low,0.0,2
T-109851,0,none,0.0,3
T-109852,0,mid,0.3077,1
T-109853,2,low,0.1034,1
T-109854,0,low,0.0,1
T-109855,0,none,0.0,2
T-109856,11,mid,0.2372,1
T-109857,0,mid,,1
T-109858,6,mid,0.1472,3
T-109859,1,low,0.1,1
T-109860,1,mid,0.0403,3
T-109861,1,low,0.1429,3
T-109862,1,mid,0.0256,2
T-109863,0,low,0.0476,2
T-109864,0,mid,0.0,2
T-109865,0,mid,0.1304,3
T-109866,0,mid,0.1538,3
T-109867,7,mid,0.1074,3
T-109868,1,mid,0.0526,1
T-109869,0,low,0.0588,1
T-109870,0,mid,0.1364,3
T-109871,0,mid,0.1667,1
T-109872,0,low,0.0,3
T-109873,4,high,0.1611,2
T-109874,1,low,0.0723,3
T-109875,0,mid,0.2778,1
T-109876,2,mid,0.1978,2
T-109877,1,mid,0.125,2
T-109878,6,low,0.1472,3
T-109879,1,mid,0.3125,1
T-109880,0,mid,0.16,2
T-109881,2,high,0.1818,3
T-109882,1,none,0.4545,1
T-109883,0,mid,0.0,1
T-109884,1,mid,0.1169,2
T-109885,1,mid,0.0667,2
T-109886,1,low,0.2308,1
T-109887,0,mid,0.1053,2
T-109888,1,high,0.0833,3
T-109889,1,low,0.0303,2
T-109890,0,mid,0.0,2
T-109891,0,none,0.2,3
T-109892,1,low,0.1351,1
T-109893,1,high,0.0784,2
T-109894,4,low,0.1611,1
T-109895,0,mid,0.1538,1
T-109896,1,none,0.1039,3
T-109897,0,mid,0.0667,2
T-109898,3,high,0.1316,1
T-109899,1,high,0.1765,2
T-109900,4,mid,0.0773,3
T-109901,0,none,0.0,2
T-109902,0,mid,0.0,3
T-109903,0,low,0.069,3
T-109904,1,mid,0.0851,3
T-109905,1,mid,0.1765,1
T-109906,0,high,0.0,2
T-109907,0,low,0.0,1
T-109908,1,mid,0.1011,2
T-109909,1,mid,0.129,2
T-109910,2,low,0.1429,3
T-109911,0,mid,0.0,3
T-109912,2,mid,0.1277,1
T-109913,0,mid,0.0455,1
T-109914,0,mid,0.0,2
T-109915,2,none,0.1714,3
T-109916,1,mid,0.0959,3
T-109917,12,low,0.2372,3
T-109918,1,low,0.0526,1
T-109919,3,mid,0.1277,3
T-109920,1,mid,0.087,1
T-109921,2,mid,0.2083,1
T-109922,1,high,0.0783,3
T-109923,2,none,0.1034,2
T-109924,2,mid,0.163,1
T-109925,6,none,0.3578,2
T-109926,5,mid,0.1074,1
T-109927,0,mid,0.0769,3
T-109928,1,mid,0.1111,3
T-109929,1,high,0.1538,2
T-109930,0,mid,0.0625,1
T-109931,1,mid,0.1159,1
T-109932,0,low,0.0,2
T-109933,1,low,0.0403,3
T-109934,0,low,0.0333,3
T-109935,1,low,0.2059,3
T-109936,1,mid,0.1011,3
T-109937,4,mid,0.1447,2
T-109938,1,mid,0.0783,2
T-109939,2,none,0.1379,2
T-109940,6,mid,0.1472,2
T-109941,1,mid,0.0256,3
T-109942,4,none,0.1417,2
T-109943,6,mid,0.1472,2
T-109944,1,high,0.0714,3
T-109945,2,mid,0.1429,2
T-109946,12,high,0.2372,1
T-109947,3,low,0.1447,2
T-109948,2,mid,0.0759,1
T-109949,6,high,0.1472,1
T-109950,0,none,0.0,3
T-109951,4,high,0.0773,2
T-109952,0,none,0.1778,2
T-109953,2,mid,0.1818,3
T-109954,5,low,0.2381,3
T-109955,0,high,0.0667,2
T-109956,0,mid,0.2778,1
T-109957,1,mid,0.1667,2
T-109958,0,low,0.0526,2
T-109959,0,mid,0.1429,3
T-109960,4,mid,0.1355,2
T-109961,1,none,0.0659,3
T-109962,3,high,0.1923,3
T-109963,0,none,0.0385,3
T-109964,6,none,0.1074,2
T-109965,0,mid,0.0588,1
T-109966,0,high,0.1111,3
T-109967,6,mid,0.3578,1
T-109968,0,mid,0.0337,2
T-109969,1,none,0.1654,3
T-109970,6,high,0.1074,2
T-109971,5,high,0.1611,3
T-109972,0,high,0.0893,2
T-109973,6,mid,0.1778,1
T-109974,13,mid,0.2372,1
T-109975,1,high,0.1333,3
T-109976,0,mid,,3
T-109977,0,mid,0.0789,3
T-109978,0,mid,0.2,3
T-109979,0,mid,0.0337,3
T-109980,0,low,0.0588,2
T-109981,0,none,,2
T-109982,0,mid,0.0,3
T-109983,6,mid,0.1074,3
T-109984,0,low,0.05,2
T-109985,4,none,0.1417,3
T-109986,2,mid,0.1818,2
T-109987,0,low,0.1333,3
T-109988,1,mid,0.0783,3
T-109989,0,none,0.0339,3
T-109990,1,mid,0.2778,1
T-109991,2,mid,0.0519,2
T-109992,2,low,0.1299,1
T-109993,1,mid,0.1849,3
T-109994,0,mid,0.0755,3
T-109995,0,low,0.0,3
T-109996,3,mid,0.1277,2
T-109997,0,mid,0.1081,1
T-109998,0,mid,0.0909,3
T-109999,3,mid,0.163,1
T-110000,0,none,0.2,1
T-110001,0,none,0.0,3
T-110002,0,none,0.1081,1
T-110003,0,mid,0.25,1
T-110004,0,mid,0.0938,1
T-110005,1,low,0.1333,2
T-110006,0,mid,0.2812,1
T-110007,0,mid,0.1429,2
T-110008,0,mid,0.2128,2
T-110009,0,mid,0.0,2
T-110010,4,high,0.0773,1
T-110011,6,mid,0.1472,2
T-110012,0,mid,0.0,2
T-110013,0,low,0.1304,2
T-110014,0,mid,0.0741,3
T-110015,3,mid,0.1299,2
T-110016,1,mid,0.0403,2
T-110017,1,none,0.2963,3
T-110018,2,mid,0.1127,2
T-110019,22,low,0.338,1
T-110020,22,mid,0.338,3
T-110021,0,low,0.0588,3
T-110022,0,mid,0.0,2
T-110023,1,mid,0.0723,3
T-110024,2,high,0.1818,3
T-110025,3,mid,0.1771,3
T-110026,0,low,0.0952,3
T-110027,1,mid,0.0357,2
T-110028,0,mid,0.0741,1
T-110029,0,mid,,2
T-110030,0,none,0.0,3
T-110031,1,low,0.1852,3
T-110032,4,mid,0.1316,2
T-110033,1,mid,0.0403,3
T-110034,3,mid,0.2899,3
T-110035,3,mid,0.0943,3
T-110036,0,low,0.0435,3
T-110037,1,mid,0.0783,1
T-110038,7,mid,0.3578,3
T-110039,0,none,0.0,2
T-110040,0,mid,0.0,3
T-110041,0,mid,0.12,2
T-110042,1,high,0.1818,2
T-110043,0,low,0.375,2
T-110044,2,mid,0.0667,3
T-110045,3,mid,0.1277,1
T-110046,1,none,0.3896,2
T-110047,1,mid,0.0659,3
T-110048,2,mid,0.2308,2
T-110049,2,mid,0.3061,1
T-110050,0,high,0.125,1
T-110051,1,mid,0.0256,3
T-110052,23,mid,0.338,1
T-110053,0,mid,0.04,2
T-110054,0,mid,0.1081,3
T-110055,0,none,0.0,3
T-110056,4,mid,0.1417,2
T-110057,1,mid,0.0,3
T-110058,4,mid,0.3333,2
T-110059,0,low,0.1905,2
T-110060,1,mid,0.2963,3
T-110061,4,mid,0.1417,3
T-110062,0,mid,0.0,3
T-110063,0,none,0.0714,2
T-110064,11,mid,0.3401,1
T-110065,0,low,0.1429,3
T-110066,0,high,0.1579,3
T-110067,0,low,0.0337,3
T-110068,0,mid,0.1176,2
T-110069,0,mid,0.0,3
T-110070,11,mid,0.2372,2
T-110071,6,none,0.1472,3
T-110072,0,low,0.0345,3
T-110073,0,high,0.0339,1
T-110074,5,mid,0.1611,1
T-110075,0,low,0.0,3
T-110076,1,low,0.125,3
T-110077,0,mid,0.0,2
T-110078,0,mid,,1
T-110079,0,low,0.0625,3
T-110080,1,high,0.1412,2
T-110081,0,mid,0.0,1
T-110082,2,mid,0.3881,1
T-110083,0,high,0.0541,3
T-110084,1,low,0.0606,3
T-110085,0,mid,0.1579,3
T-110086,3,mid,0.1771,3
T-110087,1,none,0.129,3
T-110088,0,mid,0.1111,1
T-110089,4,none,0.2381,1
T-110090,1,mid,0.2208,2
T-110091,1,mid,0.0659,1
T-110092,4,none,0.1355,3
T-110093,0,low,0.1429,3
T-110094,0,high,0.0,3
T-110095,1,mid,0.0723,1
T-110096,5,none,0.1074,3
T-110097,1,none,0.1849,1
T-110098,5,high,0.1074,2
T-110099,3,mid,0.163,1
T-110100,1,mid,0.1,1
T-110101,0,mid,0.0833,2
T-110102,6,high,0.1611,1
T-110103,11,mid,0.3401,3
T-110104,1,high,0.1011,3
T-110105,1,mid,0.1196,3
T-110106,0,low,0.0909,2
T-110107,0,high,0.0333,3
T-110108,0,mid,0.0959,3
T-110109,0,mid,0.3333,3
T-110110,1,none,0.3846,1
T-110111,1,none,0.2059,2
T-110112,2,low,0.0759,3
T-110113,0,mid,0.1176,1
T-110114,3,low,0.3125,3
T-110115,2,mid,0.1849,3
T-110116,0,low,0.1515,2
T-110117,0,high,0.0357,3
T-110118,0,low,0.0,3
T-110119,2,none,0.0659,3
T-110120,2,mid,0.0519,3
T-110121,0,low,0.0,1
T-110122,1,low,0.2059,3
T-110123,2,low,0.25,3
T-110124,0,low,0.1,3
T-110125,1,low,0.1818,3
T-110126,1,none,0.1389,2
T-110127,0,low,0.0476,2
T-110128,6,high,0.1611,2
T-110129,0,none,0.0333,3
T-110130,2,high,0.0935,3
T-110131,0,mid,0.0,3
T-110132,0,mid,0.1429,2
T-110133,4,mid,0.3333,1
T-110134,4,mid,0.3333,2
T-110135,1,mid,0.15,2
T-110136,0,low,0.069,3
T-110137,2,high,0.1818,3
T-110138,4,mid,0.2381,2
T-110139,0,mid,0.0263,2
T-110140,6,high,0.2671,3
T-110141,1,low,0.3333,3
T-110142,1,none,0.1169,2
T-110143,4,low,0.0773,1
T-110144,0,low,0.0,2
T-110145,0,high,0.0625,3
T-110146,6,low,0.2671,2
T-110147,0,none,0.0909,2
T-110148,6,mid,0.1472,3
T-110149,1,low,0.069,3
T-110150,3,none,0.1316,1
T-110151,1,high,0.1216,1
T-110152,0,mid,0.0,1
T-110153,0,mid,0.1081,3
T-110154,0,none,0.0,3
T-110155,2,mid,0.1176,2
T-110156,0,mid,0.0337,1
T-110157,2,none,0.0759,1
T-110158,1,high,0.1011,3
T-110159,0,low,0.0541,3
T-110160,0,low,0.0323,2
T-110161,0,mid,0.0755,3
T-110162,0,none,0.0645,3
T-110163,6,high,0.1472,3
T-110164,1,mid,0.1,3
T-110165,0,mid,0.0909,3
T-110166,24,high,0.338,2
T-110167,1,low,0.0588,3
T-110168,2,mid,0.1015,3
T-110169,2,low,0.1277,3
T-110170,0,mid,0.0,2
T-110171,1,low,0.125,3
T-110172,11,low,0.2372,1
T-110173,0,low,0.0,3
T-110174,0,mid,0.1304,3
T-110175,2,mid,0.0659,2
T-110176,0,mid,0.0909,2
T-110177,2,mid,0.0659,2
T-110178,1,mid,0.0411,2
T-110179,2,mid,0.1159,2
T-110180,0,none,0.2128,1
T-110181,3,mid,0.3881,1
T-110182,0,none,0.0323,3
T-110183,0,high,,2
T-110184,2,high,0.0659,2
T-110185,0,low,0.1538,2
T-110186,0,mid,0.0645,3
T-110187,3,low,0.3881,2
T-110188,5,high,0.1778,2
T-110189,5,high,0.1778,3
T-110190,1,mid,0.0784,2
T-110191,0,low,0.0333,3
T-110192,0,mid,0.0667,3
T-110193,12,mid,0.2372,1
T-110194,0,mid,0.0959,2
T-110195,0,high,0.1667,1
T-110196,0,high,0.0,2
T-110197,0,low,0.0571,3
T-110198,0,mid,0.0,2
T-110199,0,mid,0.0392,3
T-110200,2,mid,0.1923,3
T-110201,1,high,0.0403,2
T-110202,0,low,0.0333,2
T-110203,0,mid,0.0,3
T-110204,2,high,0.1714,1
T-110205,0,mid,0.1915,3
T-110206,2,high,0.0759,3
T-110207,0,low,0.0,3
T-110208,1,mid,0.2941,1
T-110209,1,none,0.1333,3
T-110210,1,high,0.1412,1
T-110211,1,mid,0.2128,3
T-110212,1,mid,0.0952,3
T-110213,1,mid,0.1852,3
T-110214,1,none,0.1538,2
T-110215,6,mid,0.1611,2
T-110216,2,mid,0.1304,3
T-110217,1,high,0.3896,3
T-110218,1,mid,0.15,3
T-110219,1,mid,0.1667,2
T-110220,0,none,0.25,3
T-110221,0,mid,0.1818,1
T-110222,0,mid,0.0645,2
T-110223,5,low,0.1472,2
T-110224,5,mid,0.1074,3
T-110225,1,mid,0.1364,1
T-110226,2,high,0.1849,3
T-110227,0,mid,0.0,2
T-110228,0,low,,1
T-110229,1,mid,0.1333,2
T-110230,1,low,0.069,2
T-110231,0,mid,0.0,3
T-110232,1,none,0.2,1
T-110233,0,low,0.0,3
T-110234,0,none,0.0345,1
T-110235,0,low,0.0,1
T-110236,0,none,0.3684,3
T-110237,0,mid,0.0645,2
T-110238,0,high,0.1311,3
T-110239,5,mid,0.1472,1
T-110240,0,none,0.0,3
T-110241,0,high,0.0893,3
T-110242,0,low,0.125,3
T-110243,3,low,0.0943,2
T-110244,0,low,0.0333,3
T-110245,2,high,0.2121,3
T-110246,0,mid,0.0781,3
T-110247,2,low,0.0519,2
T-110248,13,high,0.2372,1
T-110249,1,mid,0.1818,3
T-110250,0,mid,0.1667,3
T-110251,0,mid,0.0,2
T-110252,0,mid,0.0,3
T-110253,0,none,0.1667,3
T-110254,0,none,0.0385,1
T-110255,0,none,0.0,3
T-110256,0,low,0.069,3
T-110257,0,none,,1
T-110258,0,none,0.0392,1
T-110259,2,none,0.1978,1
T-110260,0,mid,0.0337,2
T-110261,0,none,0.0333,2
T-110262,2,low,0.2195,3
T-110263,0,mid,0.5,1
T-110264,2,low,0.1978,3
T-110265,0,none,,2
T-110266,2,mid,0.0759,2
T-110267,0,mid,0.0,3
T-110268,2,mid,0.0938,3
T-110269,0,mid,0.1143,3
T-110270,0,mid,0.0959,3
T-110271,4,mid,0.1074,2
T-110272,0,low,0.087,3
T-110273,2,high,0.1039,3
T-110274,5,mid,0.3333,1
T-110275,2,mid,0.2308,3
T-110276,0,high,0.0588,1
T-110277,0,mid,0.069,2
T-110278,2,low,0.1176,1
T-110279,1,low,0.1852,2
T-110280,1,low,0.0952,2
T-110281,1,mid,0.2027,3
T-110282,1,mid,0.0256,3
T-110283,4,high,0.3578,2
T-110284,1,none,0.0784,2
T-110285,0,mid,0.2857,2
T-110286,0,mid,0.0526,3
T-110287,0,high,0.0909,1
T-110288,1,mid,0.1011,2
T-110289,0,low,0.0667,2
T-110290,1,mid,0.129,3
T-110291,2,mid,0.0723,3
T-110292,1,mid,0.0,2
T-110293,1,low,0.0411,3
T-110294,6,none,0.1611,1
T-110295,0,mid,0.0,1
T-110296,2,low,0.1849,3
T-110297,0,high,0.0571,2
T-110298,5,high,0.213,1
T-110299,0,mid,0.0345,2
T-110300,0,none,0.1818,1
T-110301,0,mid,0.0476,3
T-110302,0,mid,0.12,2
T-110303,0,none,0.0323,3
T-110304,0,mid,0.0,2
T-110305,2,high,0.2,1
T-110306,4,mid,0.1355,1
T-110307,0,low,0.0741,3
T-110308,2,low,0.2,3
T-110309,0,none,0.0909,2
T-110310,4,none,0.1355,3
T-110311,0,high,0.1765,3
T-110312,0,low,0.0,1
T-110313,0,mid,0.0,2
T-110314,2,low,0.1412,3
T-110315,0,low,0.1,3
T-110316,0,high,0.1538,3
T-110317,0,low,0.0455,1
T-110318,1,mid,0.0,3
T-110319,0,high,0.1915,2
T-110320,0,low,0.025,3
T-110321,0,none,0.0755,2
T-110322,2,mid,0.1015,2
T-110323,1,mid,0.1538,2
T-110324,1,low,0.1429,2
T-110325,1,low,0.125,2
T-110326,1,none,0.1196,2
T-110327,0,low,0.0959,2
T-110328,2,none,0.0519,2
T-110329,3,mid,0.2,3
T-110330,0,none,0.0,2
T-110331,2,none,0.1277,2
T-110332,0,mid,0.0417,3
T-110333,2,mid,0.3125,2
T-110334,1,low,0.1011,1
T-110335,0,mid,0.12,3
T-110336,3,high,0.1299,2
T-110337,1,mid,0.0476,3
T-110338,1,mid,0.0256,2
T-110339,2,mid,0.2899,1
T-110340,0,mid,0.0741,2
T-110341,0,mid,0.12,3
T-110342,0,high,0.12,1
T-110343,0,low,0.25,1
T-110344,0,low,0.1667,1
T-110345,5,mid,0.1472,2
T-110346,0,none,0.0,3
T-110347,6,mid,0.213,3
T-110348,2,low,0.0659,3
T-110349,1,low,0.0976,3
T-110350,2,low,0.1429,3
T-110351,2,none,0.0519,3
T-110352,13,mid,0.2372,1
T-110353,1,mid,0.25,3
T-110354,1,mid,0.0784,2
T-110355,22,high,0.338,2
T-110356,0,mid,0.04,2
T-110357,0,mid,0.02,1
T-110358,5,mid,0.2671,2
T-110359,0,mid,0.0755,2
T-110360,5,none,0.0773,3
T-110361,14,mid,0.2372,3
T-110362,4,mid,0.3578,1
T-110363,2,mid,0.2195,3
T-110364,5,none,0.0773,3
T-110365,1,low,0.0588,1
T-110366,3,mid,0.1417,3
T-110367,0,mid,0.0789,2
T-110368,0,mid,0.0893,2
T-110369,2,high,0.1277,1
T-110370,0,mid,0.3684,1
T-110371,0,mid,0.0541,1
T-110372,0,mid,0.1111,1
T-110373,22,none,0.338,3
T-110374,2,high,0.0935,3
T-110375,2,none,0.2222,3
T-110376,1,mid,0.0303,1
T-110377,0,low,0.1818,3
T-110378,0,low,0.025,3
T-110379,1,mid,0.1654,1
T-110380,1,mid,0.1011,2
T-110381,3,high,0.2899,3
T-110382,1,low,0.1333,3
T-110383,0,low,0.0,2
T-110384,0,mid,0.0714,2
T-110385,1,mid,0.3896,1
T-110386,0,mid,0.1364,3
T-110387,0,mid,0.1429,3
T-110388,0,none,0.0625,3
T-110389,5,mid,0.0773,3
T-110390,0,mid,,1
T-110391,1,low,0.0952,1
T-110392,3,high,0.1176,3
T-110393,0,none,0.125,2
T-110394,1,mid,0.1538,2
T-110395,3,mid,0.1074,1
T-110396,1,low,0.5,3
T-110397,2,high,0.1818,3
T-110398,0,low,0.0,3
T-110399,13,high,0.2372,2
T-110400,2,low,0.1015,3
T-110401,1,mid,0.0526,2
T-110402,0,high,0.3333,1
T-110403,1,low,0.2059,3
T-110404,0,none,0.0,3
T-110405,3,mid,0.0943,3
T-110406,0,mid,0.0909,2
T-110407,0,high,0.0337,3
T-110408,2,low,0.0638,1
T-110409,0,none,0.0588,3
T-110410,1,low,0.0667,2
T-110411,0,mid,0.0909,2
T-110412,1,mid,0.2381,2
T-110413,1,mid,0.1111,2
T-110414,3,mid,0.1778,3
T-110415,1,low,0.1852,3
T-110416,0,mid,0.0,2
T-110417,0,mid,0.125,2
T-110418,1,low,0.1011,3
T-110419,6,none,0.213,2
T-110420,1,low,0.1579,2
T-110421,0,high,0.0645,1
T-110422,0,low,0.25,3
T-110423,2,mid,0.0935,3
T-110424,2,high,0.1127,1
T-110425,4,none,0.1074,2
T-110426,1,high,0.0411,2
T-110427,0,mid,0.0,3
T-110428,0,mid,0.0,2
T-110429,0,low,0.0,3
T-110430,1,mid,0.1849,3
T-110431,0,low,0.1429,3
T-110432,0,mid,0.0645,2
T-110433,1,high,0.0667,3
T-110434,1,mid,0.0833,3
T-110435,1,low,0.0357,1
T-110436,4,high,0.1355,2
T-110437,0,high,0.0,1
T-110438,22,none,0.338,2
T-110439,2,mid,0.1316,1
T-110440,2,none,0.1316,2
T-110441,1,low,0.0403,2
T-110442,2,none,0.2778,2
T-110443,0,none,0.0952,3
T-110444,0,none,0.2778,2
T-110445,1,none,0.1429,2
T-110446,0,mid,0.0959,1
T-110447,1,mid,0.0938,2
T-110448,0,none,0.04,3
T-110449,0,mid,0.4,2
T-110450,0,none,0.0,2
T-110451,0,mid,0.1176,3
T-110452,0,mid,0.0,3
T-110453,1,none,0.0759,1
T-110454,0,mid,0.0,3
T-110455,0,mid,0.0333,1
T-110456,0,mid,0.0,2
T-110457,0,high,0.0,3
T-110458,0,mid,0.125,3
T-110459,1,mid,0.2093,1
T-110460,0,low,0.0781,3
T-110461,0,high,0.0339,3
T-110462,3,high,0.3881,3
T-110463,3,mid,0.1417,1
T-110464,0,mid,0.125,3
T-110465,0,mid,0.0566,3
T-110466,1,none,0.3125,3
T-110467,2,high,0.1429,3
T-110468,0,none,0.125,3
T-110469,0,mid,0.1667,1
T-110470,0,mid,0.1667,1
T-110471,0,mid,0.2,1
T-110472,1,mid,0.2208,1
T-110473,0,low,0.0,2
T-110474,2,mid,0.25,2
T-110475,0,low,0.0,3
T-110476,0,low,0.02,3
T-110477,4,high,0.1746,1
T-110478,2,mid,0.0659,3
T-110479,0,mid,0.0566,3
T-110480,1,low,0.0588,3
T-110481,1,high,0.2128,1
T-110482,0,high,0.0,3
T-110483,2,none,0.2093,2
T-110484,1,high,0.1176,2
T-110485,1,low,0.1159,3
T-110486,0,low,0.0714,3
T-110487,0,mid,0.1667,3
T-110488,0,mid,0.1765,3
T-110489,0,none,0.0488,1
T-110490,9,mid,0.3401,1
T-110491,1,low,0.2174,3
T-110492,0,mid,0.1481,2
T-110493,3,none,0.2,2
T-110494,0,mid,0.0,3
T-110495,0,high,0.0588,3
T-110496,2,low,0.0935,3
T-110497,0,high,0.0959,2
T-110498,2,mid,0.1771,2
T-110499,0,mid,0.0,2
T-110500,12,mid,0.2372,3
T-110501,0,low,0.0588,3
T-110502,0,low,0.16,3
T-110503,0,mid,0.0,3
T-110504,0,mid,0.125,2
T-110505,3,low,0.1127,1
T-110506,0,mid,0.1071,1
T-110507,0,mid,0.0645,3
T-110508,2,high,0.0759,2
T-110509,2,mid,0.2121,3
T-110510,0,mid,0.0926,2
T-110511,0,high,0.0556,3
T-110512,1,mid,0.0303,3
T-110513,0,high,0.1,3
T-110514,5,mid,0.2671,3
T-110515,1,mid,0.15,3
T-110516,0,low,0.0625,1
T-110517,1,high,0.2812,2
T-110518,0,mid,0.0,2
T-110519,0,mid,0.0,2
T-110520,2,high,0.1818,1
T-110521,21,mid,0.338,3
T-110522,4,none,0.1417,3
T-110523,5,mid,0.1611,1
T-110524,0,none,0.3846,3
T-110525,2,mid,0.1,3
T-110526,0,none,0.025,2
T-110527,2,mid,0.1765,1
T-110528,0,mid,0.0345,3
T-110529,3,high,0.1818,1
T-110530,6,low,0.213,3
T-110531,5,mid,0.1472,3
T-110532,1,mid,0.1818,2
T-110533,0,none,0.0588,2
T-110534,0,low,0.0476,1
T-110535,0,none,0.0222,3
T-110536,2,low,0.1,3
T-110537,0,high,0.0,3
T-110538,2,high,0.0759,3
T-110539,0,low,0.0,3
T-110540,2,mid,0.25,3
T-110541,0,high,0.0,3
T-110542,1,mid,0.0833,1
T-110543,0,mid,0.0571,3
T-110544,0,mid,0.0345,3
T-110545,1,high,0.1333,3
T-110546,3,high,0.0943,1
T-110547,0,high,0.0,2
T-110548,3,high,0.0943,2
T-110549,4,mid,0.2381,3
T-110550,2,none,0.1429,3
T-110551,1,none,0.0698,2
T-110552,3,none,0.1176,3
T-110553,2,mid,0.2208,3
T-110554,1,low,0.1081,3
T-110555,0,none,0.0,2
T-110556,1,low,0.0403,3
T-110557,5,mid,0.1611,1
T-110558,1,low,0.1538,3
T-110559,5,low,0.3578,2
T-110560,0,mid,0.0303,3
T-110561,1,mid,0.1159,1
T-110562,0,none,0.1515,2
T-110563,0,low,0.0,1
T-110564,1,mid,0.1429,2
T-110565,0,mid,0.0526,2
T-110566,4,mid,0.2381,3
T-110567,0,low,0.0566,1
T-110568,10,mid,0.3401,1
T-110569,2,mid,0.2,1
T-110570,0,mid,0.0,2
T-110571,0,low,0.0333,3
T-110572,6,mid,0.213,2
T-110573,10,mid,0.3401,1
T-110574,1,mid,0.1389,1
T-110575,0,mid,0.0333,3
T-110576,0,mid,0.0333,3
T-110577,1,none,0.2273,2
T-110578,1,mid,0.2027,1
T-110579,1,high,0.0784,3
T-110580,1,mid,0.0976,2
T-110581,1,high,0.1011,2
T-110582,2,low,0.1379,3
T-110583,0,mid,0.0625,3
T-110584,1,low,0.1771,3
T-110585,1,mid,0.1389,2
T-110586,3,mid,0.1447,3
T-110587,0,mid,0.0,3
T-110588,1,low,0.1081,3
T-110589,5,mid,0.3333,1
T-110590,2,low,0.1127,3
T-110591,4,none,0.1355,2
T-110592,0,none,0.0909,3
T-110593,0,mid,0.0455,2
T-110594,5,high,0.1611,1
T-110595,2,none,0.2308,3
T-110596,5,high,0.0773,3
T-110597,2,mid,0.1159,3
T-110598,3,mid,0.1447,3
T-110599,0,mid,0.0769,3
T-110600,3,mid,0.1447,3
T-110601,1,mid,0.1771,3
T-110602,0,low,0.1,1
T-110603,1,high,0.1011,3
T-110604,0,none,0.1,3
T-110605,0,mid,0.1034,1
T-110606,5,mid,0.1472,3
T-110607,0,low,0.0909,3
T-110608,2,low,0.1039,1
T-110609,3,high,0.1447,3
T-110610,1,mid,0.1429,2
T-110611,0,low,0.0741,1
T-110612,2,high,0.1316,2
T-110613,11,mid,0.3401,2
T-110614,0,low,0.0755,1
T-110615,5,none,0.0773,1
T-110616,0,mid,,3
T-110617,1,mid,0.1667,2
T-110618,1,mid,0.0411,3
T-110619,1,low,0.2174,3
T-110620,17,mid,0.338,1
T-110621,0,none,0.1778,3
T-110622,0,high,0.0645,1
T-110623,5,none,0.1472,3
T-110624,3,mid,0.1176,3
T-110625,0,low,0.0,3
T-110626,0,low,0.25,1
T-110627,1,none,0.1818,1
T-110628,0,low,0.1538,1
T-110629,0,mid,0.0337,1
T-110630,2,mid,0.1351,3
T-110631,1,mid,0.1429,2
T-110632,0,mid,0.0,3
T-110633,0,mid,0.2857,1
T-110634,2,low,0.1127,2
T-110635,0,low,0.02,2
T-110636,2,none,0.2941,1
T-110637,0,low,0.0588,3
T-110638,0,none,0.1667,2
T-110639,0,low,0.0476,2
T-110640,4,mid,0.1355,3
T-110641,2,low,0.1277,3
T-110642,1,mid,0.1216,1
T-110643,1,mid,0.1771,2
T-110644,0,low,0.0566,2
T-110645,0,high,0.0337,1
T-110646,0,high,1.0,1
T-110647,1,mid,0.0784,3
T-110648,5,none,0.1472,3
T-110649,0,low,0.087,2
T-110650,0,high,0.1053,1
T-110651,0,mid,0.0345,2
T-110652,17,mid,0.338,1
T-110653,2,mid,0.1447,3
T-110654,2,mid,0.1364,3
T-110655,1,low,0.1277,1
T-110656,1,mid,0.1216,3
T-110657,7,mid,0.1611,2
T-110658,1,high,0.0759,3
T-110659,2,low,0.2208,3
T-110660,0,high,0.1818,1
T-110661,0,low,0.0,1
T-110662,2,mid,0.0938,3
T-110663,0,mid,,2
T-110664,0,mid,0.0588,1
T-110665,0,mid,0.0345,3
T-110666,0,mid,0.1333,1
T-110667,0,mid,0.0625,3
T-110668,4,mid,0.1355,3
T-110669,0,none,0.1538,2
T-110670,1,high,0.2,3
T-110671,0,low,0.3846,1
T-110672,0,none,0.0,3
T-110673,2,high,0.1074,2
T-110674,0,low,0.0323,2
T-110675,0,mid,0.129,2
T-110676,0,mid,0.1176,3
T-110677,0,none,0.0,2
T-110678,0,high,0.0,2
T-110679,0,mid,0.1429,3
T-110680,0,low,0.0,2
T-110681,0,mid,0.0,3
T-110682,0,low,0.129,3
T-110683,0,none,0.0435,3
T-110684,2,none,0.1447,2
T-110685,5,high,0.0773,2
T-110686,0,low,0.1923,2
T-110687,18,high,0.338,3
T-110688,0,high,0.0,3
T-110689,18,high,0.338,3
T-110690,3,high,0.2,1
T-110691,0,low,0.0,3
T-110692,0,mid,0.0,2
T-110693,5,none,0.3333,1
T-110694,0,mid,,3
T-110695,4,high,0.1355,3
T-110696,2,mid,0.1074,1
T-110697,0,mid,0.1333,2
T-110698,0,high,0.0222,2
T-110699,2,high,0.2027,2
T-110700,1,mid,0.1111,1
T-110701,0,mid,0.0,2
T-110702,0,mid,0.2778,2
T-110703,0,low,0.2778,2
T-110704,0,mid,0.1538,1
T-110705,0,mid,0.3846,1
T-110706,2,none,0.1015,3
T-110707,0,mid,0.0,3
T-110708,1,mid,0.0938,3
T-110709,1,high,0.1412,2
T-110710,2,high,0.1351,2
T-110711,5,mid,0.0773,3
T-110712,0,mid,0.0,3
T-110713,0,low,0.0,2
T-110714,2,low,0.2121,1
T-110715,5,mid,0.0773,2
T-110716,0,high,0.0,2
T-110717,3,low,0.2,3
T-110718,12,mid,0.2372,2
T-110719,2,mid,0.1447,3
T-110720,0,mid,0.0588,2
T-110721,1,mid,0.1081,2
T-110722,1,none,0.1849,2
T-110723,0,none,,3
T-110724,1,high,0.1771,3
T-110725,0,high,0.0909,2
T-110726,0,mid,0.0,3
T-110727,2,none,0.1923,3
T-110728,0,high,0.0714,3
T-110729,2,low,0.1127,3
T-110730,3,high,0.1299,3
T-110731,0,high,0.1579,3
T-110732,2,mid,0.1316,1
T-110733,0,high,0.1071,1
T-110734,1,high,0.0256,3
T-110735,2,mid,0.1316,2
T-110736,2,mid,0.1429,3
T-110737,1,mid,0.1429,3
T-110738,0,high,0.0222,2
T-110739,0,mid,0.0222,2
T-110740,12,mid,0.2372,3
T-110741,0,low,0.1579,2
T-110742,1,mid,0.1654,2
T-110743,0,mid,0.0385,1
T-110744,1,mid,0.0606,3
T-110745,3,low,0.1299,3
T-110746,0,mid,0.0,2
T-110747,0,mid,0.1538,3
T-110748,0,none,0.0333,2
T-110749,1,mid,0.1011,1
T-110750,1,low,0.1196,1
T-110751,0,low,0.1429,1
T-110752,1,low,0.1429,3
T-110753,0,low,0.0526,2
T-110754,0,mid,0.0566,2
T-110755,0,mid,0.0333,3
T-110756,4,none,0.1355,1
T-110757,0,mid,0.0645,3
T-110758,1,mid,0.0759,2
T-110759,1,high,0.0519,2
T-110760,0,mid,0.0959,2
T-110761,0,mid,0.1429,3
T-110762,0,none,0.0,3
T-110763,2,mid,0.1015,2
T-110764,1,mid,0.1333,3
T-110765,0,mid,0.08,3
T-110766,1,low,0.0519,2
T-110767,0,mid,0.1071,3
T-110768,1,high,0.1849,1
T-110769,0,none,,3
T-110770,0,mid,0.0357,3
T-110771,0,mid,,1
T-110772,0,high,0.0783,3
T-110773,0,low,,3
T-110774,0,mid,0.0222,2
T-110775,3,low,0.2381,2
T-110776,1,mid,0.1849,3
T-110777,5,mid,0.3333,2
T-110778,0,low,0.125,2
T-110779,0,mid,0.0455,3
T-110780,0,low,0.0909,3
T-110781,1,mid,0.1771,3
T-110782,0,none,0.0,2
T-110783,1,mid,0.0935,3
T-110784,1,mid,0.0698,2
T-110785,1,mid,0.1654,1
T-110786,1,mid,0.1277,3
T-110787,0,mid,0.0625,3
T-110788,1,low,0.1538,3
T-110789,0,high,0.0938,2
T-110790,1,none,0.2308,3
T-110791,1,mid,0.1169,3
T-110792,3,mid,0.2381,2
T-110793,1,low,0.0976,3
T-110794,3,mid,0.1176,3
T-110795,0,mid,0.1429,3
T-110796,0,mid,0.1556,2
T-110797,1,mid,0.1015,3
T-110798,0,low,0.1667,1
T-110799,3,mid,0.3578,3
T-110800,0,high,0.2,1
T-110801,0,mid,0.1064,2
T-110802,0,none,0.0,2
T-110803,2,low,0.1447,1
T-110804,1,low,0.1111,3
T-110805,3,mid,0.1074,2
T-110806,8,low,0.3401,2
T-110807,0,mid,0.4,1
T-110808,1,low,0.1771,2
T-110809,0,mid,0.1915,1
T-110810,1,high,0.0645,3
T-110811,0,low,0.125,3
T-110812,0,mid,0.1429,3
T-110813,0,none,0.0,2
T-110814,0,high,0.0,3
T-110815,0,low,0.1481,1
T-110816,2,low,0.0759,3
T-110817,2,mid,0.0833,1
T-110818,0,none,0.0789,1
T-110819,0,mid,0.0,3
T-110820,0,high,0.0222,3
T-110821,2,none,0.0723,2
T-110822,2,mid,0.0723,2
T-110823,0,mid,0.0645,2
T-110824,0,mid,0.0769,3
T-110825,15,mid,0.338,1
T-110826,1,mid,0.0638,3
T-110827,0,mid,0.0337,2
T-110828,2,high,0.0659,2
T-110829,0,low,0.0,2
T-110830,2,none,0.1364,3
T-110831,0,none,0.0471,3
T-110832,0,high,0.0645,3
T-110833,0,mid,0.0411,1
T-110834,1,mid,0.0,3
T-110835,0,none,0.0,2
T-110836,0,mid,0.0476,3
T-110837,0,low,0.0667,3
T-110838,1,mid,0.0625,2
T-110839,0,mid,0.0403,3
T-110840,0,mid,0.0,3
T-110841,0,mid,0.0588,2
T-110842,2,mid,0.1351,2
T-110843,0,high,0.0403,3
T-110844,1,high,0.1015,2
T-110845,0,low,0.0588,1
T-110846,0,mid,0.0471,3
T-110847,3,mid,0.0833,1
T-110848,0,low,0.0645,3
T-110849,0,mid,0.1765,2
T-110850,3,mid,0.1039,2
T-110851,1,high,0.1111,1
T-110852,0,low,0.1364,1
T-110853,1,mid,0.4,2
T-110854,0,high,0.0,2
T-110855,3,low,0.1176,1
T-110856,0,mid,0.0526,2
T-110857,2,mid,0.3881,1
T-110858,1,none,0.3684,3
T-110859,7,high,0.1611,2
T-110860,1,mid,0.3077,3
T-110861,0,mid,0.1481,1
T-110862,4,mid,0.2671,3
T-110863,1,none,0.2381,2
T-110864,16,high,0.338,1
T-110865,0,high,0.0392,3
T-110866,0,mid,0.1364,1
T-110867,1,mid,0.1818,2
T-110868,1,high,0.0935,2
T-110869,1,mid,0.0526,1
T-110870,0,mid,0.0403,2
T-110871,0,none,0.0,2
T-110872,1,none,0.0698,2
T-110873,4,mid,0.0773,3
T-110874,0,none,0.0645,3
T-110875,0,low,0.1429,2
T-110876,1,mid,0.0935,3
T-110877,0,high,0.1429,3
T-110878,12,low,0.2372,3
T-110879,2,low,0.1849,2
T-110880,0,low,0.02,3
T-110881,0,none,0.125,2
T-110882,2,low,0.1481,3
T-110883,2,low,0.0723,3
T-110884,2,mid,0.1654,3
T-110885,1,mid,0.0638,1
T-110886,0,none,0.02,2
T-110887,1,mid,0.0759,1
T-110888,0,low,0.0222,1
T-110889,5,high,0.1746,2
T-110890,1,low,0.0519,3
T-110891,0,high,0.0403,3
T-110892,0,low,0.0323,3
T-110893,0,low,0.1538,2
T-110894,0,low,0.0345,3
T-110895,4,mid,0.1176,3
T-110896,0,high,0.1905,2
T-110897,2,mid,0.0723,3
T-110898,0,none,0.0783,3
T-110899,0,mid,0.1,3
T-110900,1,low,0.1176,3
T-110901,0,mid,0.0476,2
T-110902,0,high,0.2174,3
T-110903,0,low,0.1875,2
T-110904,0,low,0.0,1
T-110905,2,mid,0.1765,3
T-110906,0,mid,0.0357,1
T-110907,6,mid,0.3401,2
T-110908,2,none,0.1849,3
T-110909,4,mid,0.2671,3
T-110910,5,none,0.1472,2
T-110911,1,none,0.1447,3
T-110912,1,mid,0.1015,3
T-110913,1,low,0.1196,3
T-110914,0,low,0.3,1
T-110915,4,high,0.0773,3
T-110916,0,mid,0.0526,3
T-110917,2,low,0.1429,2
T-110918,0,none,0.125,3
T-110919,1,mid,0.15,1
T-110920,0,mid,0.0,2
T-110921,0,mid,0.0833,3
T-110922,2,low,0.1429,3
T-110923,1,low,0.1538,1
T-110924,2,none,0.0759,2
T-110925,12,mid,0.2372,3
T-110926,0,mid,1.0,1
T-110927,4,high,0.0943,3
T-110928,0,mid,0.1176,1
T-110929,2,mid,0.1778,1
T-110930,0,low,0.2963,2
T-110931,3,high,0.1299,3
T-110932,0,mid,0.0263,2
T-110933,0,none,0.1176,3
T-110934,0,mid,0.1538,2
T-110935,0,mid,0.0,3
T-110936,3,high,0.1355,1
T-110937,0,mid,0.0,1
T-110938,2,high,0.1849,1
T-110939,1,low,0.1429,2
T-110940,0,mid,0.0,2
T-110941,0,mid,0.0952,3
T-110942,0,none,0.1071,1
T-110943,1,high,0.08,3
T-110944,5,high,0.1472,2
T-110945,0,high,0.0,3
T-110946,2,high,0.1316,2
T-110947,0,none,0.1169,2
T-110948,4,mid,0.163,3
T-110949,0,mid,0.3333,3
T-110950,0,mid,0.0357,3
T-110951,1,mid,0.1818,3
T-110952,0,mid,0.0959,1
T-110953,0,mid,0.0769,1
T-110954,0,mid,0.0909,2
T-110955,1,none,0.4286,1
T-110956,5,mid,0.213,1
T-110957,0,mid,0.0714,2
T-110958,0,mid,0.2667,3
T-110959,17,none,0.338,3
T-110960,1,high,0.1978,3
T-110961,1,low,0.129,3
T-110962,3,mid,0.1074,3
T-110963,1,high,0.3061,2
T-110964,1,mid,0.0759,3
T-110965,0,mid,0.0476,3
T-110966,0,mid,0.0,3
T-110967,0,low,0.0403,2
T-110968,1,mid,0.0385,3
T-110969,0,low,0.1169,3
T-110970,0,high,0.0566,3
T-110971,0,none,0.0,3
T-110972,0,none,0.0667,2
T-110973,1,mid,0.1081,3
T-110974,0,low,0.1,1
T-110975,0,low,0.0909,3
T-110976,0,none,0.0566,3
T-110977,1,mid,0.1364,1
T-110978,0,mid,0.1429,3
T-110979,0,mid,0.1277,3
T-110980,0,low,0.0,2
T-110981,4,mid,0.0943,3
T-110982,0,high,0.0333,2
T-110983,2,high,0.0659,2
T-110984,0,mid,0.0403,3
T-110985,4,none,0.163,2
T-110986,0,mid,,3
T-110987,4,mid,0.1355,2
T-110988,1,mid,0.1053,2
T-110989,2,mid,0.0759,3
T-110990,0,mid,0.0755,3
T-110991,0,mid,0.0345,2
T-110992,5,mid,0.1472,1
T-110993,0,low,0.1765,3
T-110994,0,low,0.1818,3
T-110995,0,mid,0.12,2
T-110996,1,mid,0.1176,3
T-110997,3,mid,0.1417,3
T-110998,4,mid,0.0943,2
T-110999,2,mid,0.2941,3
T-111000,1,none,0.0759,1
T-111001,1,mid,0.0759,3
T-111002,0,mid,0.0,2
T-111003,0,none,0.0667,3
T-111004,4,low,0.0773,2
T-111005,0,low,0.25,2
T-111006,4,high,0.3401,2
T-111007,7,mid,0.1611,3
T-111008,0,mid,0.0303,3
T-111009,0,mid,0.069,3
T-111010,0,high,0.025,1
T-111011,2,mid,0.1849,3
T-111012,0,low,0.0588,3
T-111013,4,mid,0.2671,1
T-111014,2,mid,0.1351,2
T-111015,0,mid,0.2,3
T-111016,4,mid,0.0943,3
T-111017,0,mid,0.0345,1
T-111018,2,low,0.0659,2
T-111019,0,mid,0.0392,3
T-111020,0,low,0.0,2
T-111021,0,mid,0.1111,3
T-111022,0,mid,0.0909,1
T-111023,2,mid,0.2027,2
T-111024,1,mid,0.1667,2
T-111025,0,mid,0.0303,3
T-111026,1,mid,0.3125,2
T-111027,1,low,0.1111,3
T-111028,0,mid,0.0909,3
T-111029,2,high,0.15,3
T-111030,0,high,0.0222,3
T-111031,0,mid,0.0781,1
T-111032,1,none,0.1015,1
T-111033,4,mid,0.1176,3
T-111034,0,low,0.0,2
T-111035,0,mid,0.3,2
T-111036,0,mid,0.0435,1
T-111037,1,none,0.1176,2
T-111038,1,mid,0.0,3
T-111039,2,low,0.1304,3
T-111040,1,none,0.1978,3
T-111041,0,mid,,3
T-111042,0,mid,0.0,1
T-111043,1,mid,0.1818,3
T-111044,3,mid,0.3881,1
T-111045,1,low,0.1447,2
T-111046,0,mid,0.0,3
T-111047,5,mid,0.213,3
T-111048,1,low,0.1978,2
T-111049,0,mid,0.0,3
T-111050,1,low,0.125,2
T-111051,1,mid,0.0411,3
T-111052,3,mid,0.1074,3
T-111053,0,mid,0.1538,1
T-111054,4,mid,0.1355,3
T-111055,1,mid,0.1111,2
T-111056,0,mid,0.1111,3
T-111057,0,mid,0.069,1
T-111058,5,high,0.3333,1
T-111059,0,mid,0.0,3
T-111060,0,mid,0.0,2
T-111061,1,low,0.0455,3
T-111062,2,mid,0.1,2
T-111063,0,mid,0.0,2
T-111064,1,mid,0.0935,2
T-111065,0,mid,0.1771,3
T-111066,0,mid,,3
T-111067,1,mid,0.1064,3
T-111068,0,low,0.125,2
T-111069,2,high,0.1039,1
T-111070,0,mid,0.0,1
T-111071,0,mid,0.0789,3
T-111072,0,mid,0.0471,1
T-111073,1,low,0.1,2
T-111074,3,low,0.1074,3
T-111075,0,none,0.0345,3
T-111076,4,mid,0.0773,3
T-111077,0,low,0.0556,2
T-111078,0,mid,0.0,3
T-111079,0,mid,0.1429,2
T-111080,0,none,0.0323,3
T-111081,7,mid,0.1611,2
T-111082,0,none,0.0833,2
T-111083,2,low,0.1364,3
T-111084,2,none,0.2941,1
T-111085,3,mid,0.1299,3
T-111086,1,low,0.0541,2
T-111087,1,none,0.1818,2
T-111088,0,low,0.0,3
T-111089,15,mid,0.338,3
T-111090,1,mid,0.1127,3
T-111091,0,mid,0.0,3
T-111092,0,none,0.0588,1
T-111093,1,high,0.1765,1
T-111094,1,high,0.25,2
T-111095,2,none,0.0723,2
T-111096,6,none,0.1472,3
T-111097,0,low,0.1515,1
T-111098,0,high,0.1778,1
T-111099,1,mid,0.1765,3
T-111100,1,low,0.1429,1
T-111101,0,none,0.0,3
T-111102,0,low,0.1771,3
T-111103,0,low,0.125,2
T-111104,5,mid,0.2671,2
T-111105,0,low,0.1667,3
T-111106,3,high,0.3578,3
T-111107,2,high,0.1351,2
T-111108,1,high,0.3061,1
T-111109,1,mid,0.1714,3
T-111110,0,mid,0.0625,2
T-111111,2,low,0.1654,3
T-111112,0,mid,0.0783,2
T-111113,0,high,0.0909,3
T-111114,0,none,0.0345,1
T-111115,0,low,,3
T-111116,0,mid,0.0339,2
T-111117,6,high,0.1472,2
T-111118,0,mid,0.0337,2
T-111119,1,mid,0.1015,2
T-111120,2,high,0.15,3
T-111121,0,mid,0.0455,2
T-111122,0,mid,0.0,2
T-111123,0,mid,0.0909,2
T-111124,1,mid,0.25,2
T-111125,1,high,0.1127,2
T-111126,0,mid,0.0333,3
T-111127,0,low,0.0,3
T-111128,0,low,0.0345,2
T-111129,5,mid,0.213,1
T-111130,0,mid,0.0909,3
T-111131,1,high,0.0541,3
T-111132,1,mid,0.1015,3
T-111133,0,low,0.0,2
T-111134,0,low,0.0833,2
T-111135,6,high,0.1611,1
T-111136,2,mid,0.1849,3
T-111137,2,mid,0.2941,3
T-111138,0,low,0.0714,2
T-111139,0,low,0.0,3
T-111140,0,none,0.0667,2
T-111141,0,low,0.04,3
T-111142,0,mid,0.0,2
T-111143,1,low,0.1429,2
T-111144,0,mid,0.1,3
T-111145,2,low,0.0723,2
T-111146,6,none,0.1472,3
T-111147,1,mid,0.2857,1
T-111148,6,mid,0.213,1
T-111149,0,high,0.125,3
T-111150,2,none,0.1765,3
T-111151,1,low,0.2381,3
T-111152,1,mid,0.0519,2
T-111153,1,mid,0.1111,1
T-111154,1,low,0.1818,2
T-111155,0,low,0.0781,2
T-111156,0,mid,0.0,2
T-111157,0,mid,0.375,1
T-111158,2,low,0.1351,3
T-111159,1,high,0.3684,3
T-111160,4,low,0.163,3
T-111161,1,mid,0.1852,3
T-111162,1,mid,0.1015,1
T-111163,0,low,0.0741,1
T-111164,1,mid,0.1429,3
T-111165,0,high,0.0471,2
T-111166,1,mid,0.0952,3
T-111167,2,mid,0.1316,3
T-111168,4,mid,0.0773,2
T-111169,6,none,0.213,3
T-111170,6,mid,0.213,2
T-111171,1,mid,0.0659,3
T-111172,0,mid,0.0,3
T-111173,0,mid,0.0,3
T-111174,0,none,0.1429,2
T-111175,1,mid,0.0659,3
T-111176,0,low,0.0783,3
T-111177,0,low,0.0,2
T-111178,2,low,0.2128,2
T-111179,1,low,0.4286,3
T-111180,0,high,0.0,3
T-111181,0,mid,0.0,3
T-111182,0,high,0.2195,3
T-111183,4,high,0.0773,2
T-111184,1,low,0.0606,1
T-111185,1,low,0.1412,2
T-111186,4,mid,0.0773,3
T-111187,0,mid,0.0345,3
T-111188,1,none,0.1515,2
T-111189,0,none,0.0403,3
T-111190,4,mid,0.163,2
T-111191,0,low,0.1818,3
T-111192,1,high,0.1364,2
T-111193,1,mid,0.1714,2
T-111194,0,high,0.0588,3
T-111195,0,low,0.0476,3
T-111196,2,mid,0.1015,3
T-111197,0,low,0.0,3
T-111198,0,low,0.02,2
T-111199,0,low,0.0256,2
T-111200,0,none,0.0,1
T-111201,6,mid,0.1472,1
T-111202,0,none,0.069,2
T-111203,0,mid,0.0323,1
T-111204,0,low,0.1081,3
T-111205,0,low,0.2667,1
T-111206,1,high,0.0,3
T-111207,1,high,0.2812,1
T-111208,0,mid,0.0222,2
T-111209,0,mid,0.0,2
T-111210,0,none,0.129,3
T-111211,4,none,0.0773,3
T-111212,0,low,0.0,3
T-111213,1,mid,0.1818,3
T-111214,0,mid,0.0,3
T-111215,0,low,0.0256,3
T-111216,4,low,0.1176,3
T-111217,0,high,0.04,3
T-111218,0,mid,0.1765,2
T-111219,1,high,0.1216,1
T-111220,11,mid,0.2372,3
T-111221,1,mid,0.0588,2
T-111222,0,mid,0.0,2
T-111223,2,mid,0.1299,3
T-111224,1,mid,0.2308,2
T-111225,0,low,0.0,2
T-111226,0,low,0.4,2
T-111227,0,none,0.1429,3
T-111228,0,mid,0.0403,3
T-111229,1,high,0.0759,3
T-111230,0,mid,0.1739,3
T-111231,0,low,0.0,1
T-111232,0,mid,0.0385,3
T-111233,0,mid,0.1,1
T-111234,0,none,0.0588,1
T-111235,1,low,0.0759,3
T-111236,0,mid,0.0323,3
T-111237,2,low,0.1316,3
T-111238,1,high,0.0645,3
T-111239,0,high,0.1429,3
T-111240,0,low,0.1333,1
T-111241,0,low,0.0,2
T-111242,0,mid,0.125,3
T-111243,0,mid,0.125,1
T-111244,1,high,0.1515,3
T-111245,1,none,0.2174,1
T-111246,0,none,0.02,1
T-111247,0,low,0.0526,1
T-111248,0,mid,0.0,3
T-111249,0,mid,0.0,3
T-111250,1,mid,0.125,2
T-111251,0,mid,0.0,2
T-111252,0,low,0.0959,1
T-111253,0,low,0.0833,1
T-111254,4,mid,0.0773,3
T-111255,11,mid,0.2372,3
T-111256,2,low,0.2308,2
T-111257,0,low,0.1176,3
T-111258,0,mid,0.0345,3
T-111259,2,high,0.3401,1
T-111260,0,mid,0.1111,1
T-111261,0,low,0.2,3
T-111262,0,low,0.129,2
T-111263,0,mid,0.0625,3
T-111264,0,mid,0.069,3
T-111265,2,mid,0.2093,1
T-111266,7,none,0.1472,3
T-111267,0,mid,0.0,3
T-111268,1,mid,0.3077,3
T-111269,0,mid,0.0,3
T-111270,2,low,0.1111,3
T-111271,0,mid,0.2778,3
T-111272,0,mid,0.0488,3
T-111273,0,mid,0.25,3
T-111274,0,mid,0.1429,1
T-111275,0,high,0.1481,3
T-111276,2,high,0.1849,3
T-111277,0,mid,0.0,3
T-111278,0,none,0.12,3
T-111279,1,mid,0.0938,1
T-111280,0,mid,0.1429,3
T-111281,0,mid,0.0222,3
T-111282,0,mid,0.0222,2
T-111283,6,low,0.213,3
T-111284,0,mid,0.1429,2
T-111285,0,low,0.0667,3
T-111286,0,none,0.125,3
T-111287,0,none,0.0,3
T-111288,2,mid,0.1351,1
T-111289,1,mid,0.2381,1
T-111290,2,mid,0.0938,3
T-111291,0,mid,0.2963,3
T-111292,2,mid,0.1778,3
T-111293,2,mid,0.1765,2
T-111294,0,low,0.1143,1
T-111295,0,mid,0.037,1
T-111296,0,low,0.1429,2
T-111297,0,low,0.0588,2
T-111298,0,low,0.0,3
T-111299,0,low,0.0385,2
T-111300,1,mid,0.25,1
T-111301,0,low,0.0,3
T-111302,0,high,0.0303,3
T-111303,0,low,0.0588,3
T-111304,0,low,0.0,3
T-111305,0,high,0.0926,2
T-111306,6,mid,0.213,1
T-111307,0,low,0.25,3
T-111308,2,high,0.1015,3
T-111309,0,low,0.0,3
T-111310,3,low,0.1074,1
T-111311,1,high,0.129,3
T-111312,0,low,0.1538,3
T-111313,0,low,0.0625,3
T-111314,0,mid,,1
T-111315,0,mid,0.0337,1
T-111316,0,low,0.0541,2
T-111317,2,mid,0.0833,3
T-111318,1,mid,0.2812,2
T-111319,7,mid,0.1611,2
T-111320,1,mid,0.1053,3
T-111321,0,mid,0.1429,2
T-111322,0,low,0.0,2
T-111323,0,mid,0.1429,1
T-111324,1,mid,0.0645,2
T-111325,13,low,0.338,3
T-111326,0,low,0.125,2
T-111327,0,low,0.0625,3
T-111328,0,none,0.125,1
T-111329,2,mid,0.1015,2
T-111330,0,mid,0.1765,1
T-111331,0,mid,0.0,3
T-111332,1,mid,0.0935,1
T-111333,0,mid,0.0357,2
T-111334,0,low,0.3125,3
T-111335,2,mid,0.2671,2
T-111336,2,mid,0.0759,2
T-111337,0,mid,0.1111,1
T-111338,0,none,0.1818,1
T-111339,0,mid,0.1311,3
T-111340,2,mid,0.1159,3
T-111341,0,high,0.0784,3
T-111342,0,none,0.1169,2
T-111343,0,none,0.1196,3
T-111344,1,low,0.0952,3
T-111345,0,low,0.0,3
T-111346,0,mid,0.0976,3
T-111347,0,mid,0.0926,3
T-111348,2,low,0.2208,3
T-111349,0,none,0.0909,3
T-111350,11,mid,0.2372,3
T-111351,0,low,0.0,2
T-111352,0,none,0.0952,2
T-111353,0,mid,0.0,2
T-111354,0,mid,0.0526,3
T-111355,0,mid,0.1667,3
T-111356,0,none,0.0337,2
T-111357,0,none,0.0323,2
T-111358,0,mid,0.1176,3
T-111359,0,mid,0.0769,3
T-111360,0,low,0.0,2
T-111361,0,high,0.1481,3
T-111362,1,mid,0.1429,3
T-111363,0,none,0.1053,3
T-111364,2,mid,0.25,2
T-111365,1,high,0.0476,3
T-111366,0,mid,0.0256,2
T-111367,0,low,0.125,2
T-111368,1,mid,0.1176,2
T-111369,0,none,0.0938,2
T-111370,0,low,0.1,3
T-111371,1,low,0.0588,3
T-111372,0,mid,0.0,3
T-111373,4,low,0.1074,3
T-111374,2,mid,0.2208,3
T-111375,7,mid,0.1472,1
T-111376,1,mid,0.125,2
T-111377,1,high,0.3896,1
T-111378,0,high,0.0,3
T-111379,0,low,0.0256,2
T-111380,1,high,0.1127,1
T-111381,0,none,0.0783,3
T-111382,12,mid,0.338,2
T-111383,0,none,0.0769,2
T-111384,0,low,0.0667,3
T-111385,1,mid,0.1447,1
T-111386,0,mid,0.1923,1
T-111387,0,mid,0.3125,1
T-111388,0,low,0.0,2
T-111389,3,high,0.3881,1
T-111390,0,mid,0.0345,3
T-111391,4,high,0.1176,3
T-111392,0,low,0.1852,3
T-111393,1,mid,0.1429,3
T-111394,0,low,0.0755,1
T-111395,0,none,0.3125,3
T-111396,0,mid,0.0783,2
T-111397,0,mid,0.0769,3
T-111398,3,none,0.3578,3
T-111399,1,high,0.1412,1
T-111400,1,mid,0.1015,2
T-111401,4,mid,0.1074,2
T-111402,0,low,0.0909,2
T-111403,1,high,0.1176,2
T-111404,1,mid,0.1081,1
T-111405,12,low,0.338,3
T-111406,0,none,0.0323,3
T-111407,2,mid,0.1216,2
T-111408,0,mid,0.3478,1
T-111409,0,low,,3
T-111410,0,none,0.125,2
T-111411,1,mid,0.1429,1
T-111412,1,low,0.0909,2
T-111413,0,none,0.1064,3
T-111414,5,mid,0.3333,3
T-111415,0,high,0.0625,3
T-111416,0,low,0.0,3
T-111417,0,mid,0.3333,3
T-111418,12,high,0.338,2
T-111419,4,none,0.1074,3
T-111420,0,high,0.0645,1
T-111421,0,none,0.2,1
T-111422,12,mid,0.338,2
T-111423,0,mid,0.0959,3
T-111424,0,none,0.1311,3
T-111425,4,mid,0.163,1
T-111426,0,high,0.2174,3
T-111427,0,mid,0.0571,3
T-111428,1,mid,0.1034,3
T-111429,0,high,0.0345,2
T-111430,0,high,0.0851,1
T-111431,0,low,0.0333,3
T-111432,0,mid,0.0741,2
T-111433,5,mid,0.163,2
T-111434,0,none,0.0769,3
T-111435,0,mid,0.0783,3
T-111436,0,none,0.0222,2
T-111437,1,mid,0.0588,3
T-111438,0,mid,0.0263,2
T-111439,1,low,0.0952,2
T-111440,0,mid,,1
T-111441,3,mid,0.2,3
T-111442,0,mid,0.1429,1
T-111443,1,low,0.0698,3
T-111444,6,low,0.1611,3
T-111445,0,none,0.125,3
T-111446,1,high,0.1923,1
T-111447,0,none,0.0926,3
T-111448,3,mid,0.0773,1
T-111449,0,mid,0.1081,3
T-111450,0,mid,0.0,3
T-111451,5,mid,0.163,1
T-111452,0,high,0.0566,3
T-111453,1,mid,0.0759,3
T-111454,5,mid,0.3333,2
T-111455,0,mid,0.0,3
T-111456,0,high,0.125,2
T-111457,0,low,0.0769,1
T-111458,6,mid,0.213,2
T-111459,0,mid,0.0,3
T-111460,0,high,0.0345,3
T-111461,0,none,0.0323,3
T-111462,1,mid,0.0759,3
T-111463,0,mid,0.0222,3
T-111464,0,high,0.0781,2
T-111465,2,mid,0.1299,1
T-111466,1,high,0.1176,2
T-111467,2,low,0.3578,2
T-111468,1,mid,0.1417,3
T-111469,0,mid,0.0,1
T-111470,0,mid,,3
T-111471,0,mid,0.0,2
T-111472,0,mid,0.1667,1
T-111473,0,none,0.0,3
T-111474,0,low,0.1429,3
T-111475,0,low,0.1333,2
T-111476,2,mid,0.1111,3
T-111477,0,mid,0.3333,3
T-111478,1,high,0.1389,3
T-111479,1,mid,0.1333,3
T-111480,0,mid,0.1429,2
T-111481,4,mid,0.163,3
T-111482,2,mid,0.1923,2
T-111483,0,mid,0.0,3
T-111484,0,none,0.0,2
T-111485,0,high,0.0403,3
T-111486,0,mid,0.0488,2
T-111487,1,high,0.1515,2
T-111488,0,mid,0.0,3
T-111489,0,none,0.0345,3
T-111490,1,low,0.1654,2
T-111491,2,high,0.1316,3
T-111492,0,low,0.0,3
T-111493,0,mid,0.0,3
T-111494,4,none,0.1176,2
T-111495,0,mid,0.0833,2
T-111496,0,mid,0.1538,3
T-111497,0,mid,0.0667,3
T-111498,1,low,0.1654,1
T-111499,12,low,0.338,3
T-111500,0,none,0.0435,3
T-111501,0,high,0.0526,3
T-111502,0,none,0.1277,1
T-111503,0,mid,0.0,3
T-111504,1,mid,0.1277,1
T-111505,6,mid,0.1611,3
T-111506,0,mid,0.1667,3
T-111507,3,mid,0.0773,3
T-111508,0,low,0.0714,2
T-111509,1,mid,0.1978,2
T-111510,0,low,0.0,3
T-111511,1,low,0.0455,3
T-111512,0,mid,0.0,2
T-111513,1,high,0.1818,3
T-111514,1,mid,0.375,3
T-111515,2,mid,0.3061,2
T-111516,0,mid,0.0541,3
T-111517,1,mid,0.1978,3
T-111518,0,mid,0.1852,3
T-111519,0,high,0.125,3
T-111520,3,mid,0.0773,2
T-111521,6,none,0.213,3
T-111522,1,low,0.0476,3
T-111523,5,mid,0.3333,1
T-111524,0,high,0.1,1
T-111525,1,low,0.0659,3
T-111526,3,mid,0.1299,3
T-111527,2,mid,0.15,2
T-111528,0,mid,,1
T-111529,2,mid,0.2128,3
T-111530,0,low,0.1429,1
T-111531,1,low,0.2059,1
T-111532,1,high,0.1015,3
T-111533,2,high,0.1216,3
T-111534,2,mid,0.25,3
T-111535,0,mid,0.0385,2
T-111536,0,high,0.1771,3
T-111537,0,low,0.0833,2
T-111538,0,low,0.0769,1
T-111539,0,mid,0.1429,2
T-111540,2,mid,0.2857,3
T-111541,1,low,0.0723,3
T-111542,0,low,0.0,2
T-111543,1,none,0.3077,2
T-111544,0,low,0.0526,3
T-111545,2,mid,0.1316,3
T-111546,0,mid,0.375,3
T-111547,1,high,0.1011,1
T-111548,1,mid,0.3125,3
T-111549,1,high,0.0759,1
T-111550,3,mid,0.0773,1
T-111551,0,none,0.0339,2
T-111552,1,mid,0.1015,3
T-111553,0,low,0.1081,3
T-111554,0,low,0.25,1
T-111555,1,mid,0.1417,3
T-111556,4,mid,0.1074,2
T-111557,11,low,0.338,1
T-111558,4,none,0.1176,3
T-111559,0,mid,0.1169,3
T-111560,0,none,0.0294,2
T-111561,0,none,0.125,3
T-111562,0,high,0.0403,2
T-111563,1,low,0.0769,2
T-111564,0,high,0.0435,1
T-111565,2,low,0.1364,2
T-111566,0,mid,0.05,1
T-111567,0,none,0.0784,2
T-111568,0,mid,0.0893,2
T-111569,1,mid,0.3125,3
T-111570,0,low,0.0,3
T-111571,2,mid,0.0938,2
T-111572,0,none,0.037,3
T-111573,0,mid,0.0667,3
T-111574,1,low,0.1,1
T-111575,0,low,0.0,1
T-111576,0,none,0.0,2
T-111577,4,low,0.1074,1
T-111578,0,high,0.0541,3
T-111579,2,none,0.0759,1
T-111580,3,low,0.1176,3
T-111581,4,mid,0.1074,2
T-111582,0,low,0.0,3
T-111583,0,low,0.0,3
T-111584,0,high,0.3636,3
T-111585,1,mid,0.1778,2
T-111586,1,mid,0.1015,1
T-111587,0,mid,0.0526,1
T-111588,0,mid,0.0256,3
T-111589,4,low,0.163,1
T-111590,0,high,0.1429,1
T-111591,2,high,0.0938,3
T-111592,0,none,0.0938,3
T-111593,0,low,0.0909,2
T-111594,0,mid,,3
T-111595,0,mid,0.1667,2
T-111596,0,low,0.0625,2
T-111597,1,mid,0.0625,3
T-111598,2,mid,0.2208,3
T-111599,0,mid,0.0403,3
T-111600,0,none,0.0,2
T-111601,2,mid,0.2,1
T-111602,0,low,0.0,3
T-111603,1,mid,0.25,3
T-111604,1,mid,0.0935,2
T-111605,0,mid,0.2,1
T-111606,0,none,0.0,3
T-111607,1,mid,0.0345,2
T-111608,0,high,0.1978,2
T-111609,0,mid,0.1538,1
T-111610,4,mid,0.163,3
T-111611,0,mid,0.2963,2
T-111612,0,high,0.08,3
T-111613,0,mid,0.1429,2
T-111614,6,none,0.213,3
T-111615,0,none,0.1978,2
T-111616,6,none,0.1472,3
T-111617,1,low,0.0588,3
T-111618,0,mid,0.1333,1
T-111619,1,mid,0.2667,3
T-111620,0,low,0.0,1
T-111621,0,mid,0.0,3
T-111622,12,mid,0.338,3
T-111623,0,mid,0.12,1
T-111624,5,mid,0.1074,3
T-111625,0,mid,0.1667,3
T-111626,0,low,0.1429,1
T-111627,1,mid,0.1417,1
T-111628,0,low,0.3333,3
T-111629,0,mid,0.0345,3
T-111630,1,mid,0.0659,3
T-111631,10,low,0.2372,1
T-111632,1,high,0.0943,1
T-111633,5,mid,0.1074,3
T-111634,0,none,0.0,3
T-111635,0,high,0.1196,3
T-111636,0,mid,0.125,3
T-111637,2,mid,0.0759,3
T-111638,0,mid,0.0345,2
T-111639,0,low,0.0519,2
T-111640,11,mid,0.2372,3
T-111641,1,none,0.0723,1
T-111642,1,mid,0.0588,3
T-111643,0,mid,0.0,2
T-111644,0,none,0.0385,3
T-111645,6,high,0.1611,1
T-111646,3,high,0.3401,2
T-111647,1,high,0.0526,1
T-111648,0,low,0.0435,3
T-111649,0,low,0.0263,3
T-111650,0,low,0.0714,2
T-111651,2,mid,0.1111,2
T-111652,1,high,0.1765,1
T-111653,6,mid,0.1611,3
T-111654,0,none,0.1333,2
T-111655,0,low,0.1905,1
T-111656,11,mid,0.338,1
T-111657,1,mid,0.0645,3
T-111658,0,none,0.3333,3
T-111659,0,low,0.4,2
T-111660,5,none,0.3333,1
T-111661,3,high,0.1355,3
T-111662,1,mid,0.0659,2
T-111663,1,low,0.1111,1
T-111664,0,high,0.1333,2
T-111665,1,none,0.0935,3
T-111666,2,mid,0.1923,1
T-111667,1,low,0.1778,1
T-111668,4,low,0.3881,3
T-111669,0,low,0.3333,2
T-111670,1,mid,0.0659,1
T-111671,1,mid,0.25,3
T-111672,0,mid,0.1579,2
T-111673,2,low,0.1849,1
T-111674,0,mid,0.2963,1
T-111675,0,none,1.0,1
T-111676,0,high,0.0256,2
T-111677,0,mid,0.0,3
T-111678,0,mid,0.0,3
T-111679,2,none,0.2128,1
T-111680,0,mid,0.0357,3
T-111681,2,mid,0.2093,1
T-111682,5,none,0.3333,1
T-111683,0,low,0.0471,2
T-111684,0,low,0.0385,2
T-111685,11,low,0.2372,2
T-111686,0,mid,0.0471,3
T-111687,0,high,0.02,3
T-111688,1,mid,0.0723,2
T-111689,5,mid,0.1074,2
T-111690,0,low,0.0333,2
T-111691,0,none,0.0,2
T-111692,1,low,0.0959,3
T-111693,7,low,0.1611,3
T-111694,0,low,0.0,1
T-111695,0,low,0.1053,2
T-111696,6,mid,0.213,3
T-111697,2,mid,0.3061,3
T-111698,0,mid,0.0606,3
T-111699,0,mid,0.6667,1
T-111700,1,mid,0.0759,3
T-111701,2,none,0.1654,2
T-111702,0,low,0.1053,3
T-111703,0,mid,0.2174,2
T-111704,0,high,0.087,2
T-111705,0,high,0.0,3
T-111706,0,mid,0.087,3
T-111707,0,high,0.2308,3
T-111708,0,high,0.0417,2
T-111709,0,low,0.0556,2
T-111710,1,high,0.0345,2
T-111711,0,high,0.0333,2
T-111712,2,none,0.1176,2
T-111713,3,high,0.1355,2
T-111714,1,mid,0.1277,3
T-111715,0,none,0.0,3
T-111716,0,low,0.1538,1
T-111717,0,mid,0.4,2
T-111718,0,mid,0.1978,3
T-111719,0,low,0.1333,3
T-111720,0,low,0.0,3
T-111721,12,mid,0.338,3
T-111722,1,low,0.1538,2
T-111723,0,low,0.1429,3
T-111724,3,high,0.1355,3
T-111725,0,none,0.1667,1
T-111726,0,low,0.0,1
T-111727,0,high,0.0222,2
T-111728,0,high,0.0781,3
T-111729,11,mid,0.2372,3
T-111730,0,mid,0.0,3
T-111731,0,mid,0.1978,3
T-111732,4,high,0.163,2
T-111733,0,mid,0.1538,3
T-111734,0,mid,0.0789,3
T-111735,0,mid,0.0588,2
T-111736,4,high,0.163,1
T-111737,3,high,0.1355,2
T-111738,0,mid,0.0392,3
T-111739,0,low,0.025,1
T-111740,1,low,0.0755,3
T-111741,0,mid,0.0392,3
T-111742,0,none,0.0625,3
T-111743,1,low,0.0345,3
T-111744,3,mid,0.0773,3
T-111745,0,mid,0.0,2
T-111746,1,mid,0.0741,2
T-111747,0,mid,0.0714,2
T-111748,0,mid,0.0333,3
T-111749,2,mid,0.0773,2
T-111750,2,mid,0.1176,1
T-111751,1,mid,0.1,3
T-111752,0,mid,0.0909,2
T-111753,1,mid,0.1015,1
T-111754,0,none,0.3125,2
T-111755,0,none,0.0784,3
T-111756,0,none,0.0,2
T-111757,0,low,0.069,3
T-111758,0,none,0.0303,2
T-111759,2,mid,0.1746,1
T-111760,0,mid,0.0385,3
T-111761,1,mid,0.1127,2
T-111762,1,none,0.1277,2
T-111763,0,mid,0.1196,3
T-111764,0,mid,0.2,2
T-111765,0,high,0.0714,3
T-111766,0,mid,0.0,2
T-111767,3,none,0.1039,3
T-111768,0,mid,0.0784,2
T-111769,0,low,0.0526,2
T-111770,0,high,0.0588,2
T-111771,0,low,0.0,2
T-111772,1,mid,0.0759,3
T-111773,0,mid,0.0,2
T-111774,0,mid,0.1667,2
T-111775,2,high,0.1654,1
T-111776,0,none,0.0263,2
T-111777,0,none,0.0222,3
T-111778,0,mid,0.0541,3
T-111779,2,mid,0.0773,2
T-111780,1,mid,0.0659,2
T-111781,2,mid,0.2671,2
T-111782,1,mid,0.1216,2
T-111783,1,high,0.6667,1
T-111784,1,low,0.2963,1
T-111785,6,high,0.3333,1
T-111786,0,none,0.0,3
T-111787,6,none,0.1472,2
T-111788,2,low,0.3578,1
T-111789,1,low,0.1011,1
T-111790,1,high,0.1011,2
T-111791,2,mid,0.1355,2
T-111792,5,mid,0.213,3
T-111793,3,mid,0.1299,1
T-111794,1,mid,0.0959,2
T-111795,2,mid,0.1778,1
T-111796,0,low,0.0,2
T-111797,1,mid,0.0588,2
T-111798,0,mid,0.0783,3
T-111799,5,mid,0.213,3
T-111800,0,low,0.04,2
T-111801,0,mid,0.0909,2
T-111802,1,mid,0.1015,3
T-111803,5,low,0.163,1
T-111804,2,high,0.0773,3
T-111805,2,high,0.1176,2
T-111806,1,high,0.0645,1
T-111807,1,mid,0.1011,3
T-111808,0,low,0.0,1
T-111809,0,mid,0.3333,3
T-111810,2,mid,0.2778,3
T-111811,1,low,0.1,3
T-111812,0,mid,,2
T-111813,5,mid,0.163,2
T-111814,9,high,0.338,3
T-111815,2,mid,0.0526,2
T-111816,1,none,0.1081,3
T-111817,2,mid,0.6667,1
T-111818,0,mid,0.2195,1
T-111819,0,mid,0.0337,3
T-111820,8,low,0.2372,2
T-111821,5,low,0.1074,3
T-111822,0,none,0.0,2
T-111823,0,mid,0.0,1
T-111824,1,mid,0.1667,3
T-111825,0,mid,0.0625,3
T-111826,1,mid,0.3,1
T-111827,1,mid,0.0659,2
T-111828,0,mid,0.0,3
T-111829,2,high,0.1159,2
T-111830,1,mid,0.3125,2
T-111831,0,mid,0.0222,3
T-111832,0,none,0.1333,1
T-111833,0,mid,0.0,2
T-111834,0,mid,0.1429,2
T-111835,0,none,,3
T-111836,0,none,0.02,3
T-111837,0,low,0.0,3
T-111838,0,high,0.0333,2
T-111839,0,low,0.0,3
T-111840,2,high,0.0526,3
T-111841,0,low,0.0588,2
T-111842,0,mid,0.0256,3
T-111843,3,low,0.2,3
T-111844,5,high,0.1074,2
T-111845,1,low,0.1429,3
T-111846,1,high,0.1011,3
T-111847,0,high,0.0,3
T-111848,0,none,0.0759,3
T-111849,0,low,0.08,3
T-111850,0,mid,0.0,3
T-111851,2,high,0.3896,1
T-111852,0,none,0.0488,3
T-111853,0,mid,0.0,2
T-111854,0,mid,0.0698,2
T-111855,2,high,0.1316,1
T-111856,0,mid,0.0,3
T-111857,0,none,0.0476,2
T-111858,0,mid,0.0333,2
T-111859,0,none,0.0976,3
T-111860,0,low,0.125,2
T-111861,0,mid,0.1053,3
T-111862,0,mid,0.0,3
T-111863,0,mid,0.0,2
T-111864,0,low,0.0,3
T-111865,0,none,0.0783,2
T-111866,0,low,0.125,3
T-111867,0,high,0.0256,2
T-111868,0,mid,0.0783,1
T-111869,0,none,0.0222,3
T-111870,0,low,,2
T-111871,0,mid,0.0784,3
T-111872,1,high,0.0659,2
T-111873,0,mid,0.3333,1
T-111874,0,low,0.0,1
T-111875,0,mid,0.0606,3
T-111876,0,mid,0.04,2
T-111877,3,high,0.3401,3
T-111878,0,mid,0.0,2
T-111879,0,mid,0.2857,3
T-111880,0,high,0.1515,1
T-111881,0,high,0.1818,3
T-111882,0,none,0.0,1
T-111883,0,low,0.5,1
T-111884,3,none,0.1849,3
T-111885,0,high,0.0541,2
T-111886,0,mid,0.0959,1
T-111887,0,low,0.125,3
T-111888,0,none,0.0789,2
T-111889,0,low,0.0741,3
T-111890,1,high,0.1216,2
T-111891,0,none,0.0781,3
T-111892,0,low,0.0471,3
T-111893,0,low,0.0476,2
T-111894,0,mid,0.037,3
T-111895,0,mid,0.0,2
T-111896,0,mid,0.2222,3
T-111897,1,mid,0.0455,2
T-111898,0,mid,0.0337,1
T-111899,6,mid,0.1611,3
T-111900,2,high,0.0833,1
T-111901,0,mid,0.0476,2
T-111902,0,mid,0.0385,2
T-111903,2,mid,0.1417,1
T-111904,6,mid,0.1611,2
T-111905,0,mid,0.0357,2
T-111906,0,mid,0.0,3
T-111907,1,high,0.1277,3
T-111908,0,low,0.0417,3
T-111909,0,high,0.0403,3
T-111910,1,mid,0.2899,1
T-111911,0,low,0.0,3
T-111912,2,mid,0.0773,3
T-111913,1,high,0.1429,1
T-111914,1,mid,0.1081,3
T-111915,0,none,0.0588,3
T-111916,0,high,0.0781,3
T-111917,3,none,0.1417,3
T-111918,0,mid,0.0526,1
T-111919,1,mid,0.0411,3
T-111920,4,mid,0.1472,3
T-111921,1,none,0.1538,2
T-111922,0,none,0.0,3
T-111923,0,none,0.1064,3
T-111924,0,mid,0.0392,3
T-111925,0,low,0.0,2
T-111926,3,none,0.3896,1
T-111927,1,low,0.2671,1
T-111928,0,low,0.3636,2
T-111929,0,mid,0.0222,2
T-111930,1,mid,0.1127,3
T-111931,0,none,0.0519,1
T-111932,0,low,,1
T-111933,0,none,0.2273,2
T-111934,0,high,0.0337,3
T-111935,0,mid,0.0625,1
T-111936,0,high,0.0588,3
T-111937,1,low,0.1,3
T-111938,0,mid,0.1515,3
T-111939,0,high,0.1915,2
T-111940,0,mid,0.2273,3
T-111941,0,high,0.0,1
T-111942,1,low,0.1034,2
T-111943,0,mid,0.0,2
T-111944,0,low,0.0,2
T-111945,0,none,0.0741,2
T-111946,1,high,0.3125,2
T-111947,0,mid,0.1429,3
T-111948,0,low,0.0769,3
T-111949,0,high,0.1429,3
T-111950,0,low,0.0588,2
T-111951,0,none,0.0588,3
T-111952,0,mid,0.0345,2
T-111953,0,mid,0.0566,1
T-111954,0,mid,0.0455,2
T-111955,0,mid,0.0357,3
T-111956,0,none,0.0,3
T-111957,0,high,0.129,2
T-111958,0,mid,0.08,1
T-111959,0,low,0.0222,3
T-111960,0,mid,0.0833,1
T-111961,0,mid,0.0893,3
T-111962,0,none,0.0,2
T-111963,1,mid,0.1515,3
T-111964,0,low,0.125,3
T-111965,2,high,0.1412,2
T-111966,1,mid,0.1277,3
T-111967,7,mid,0.2372,2
T-111968,2,none,0.1111,3
T-111969,0,mid,0.0698,1
T-111970,1,mid,0.3684,2
T-111971,0,low,0.1429,1
T-111972,4,low,0.3896,1
T-111973,3,high,0.1654,1
T-111974,5,mid,0.213,3
T-111975,7,high,0.2372,1
T-111976,0,mid,0.1923,1
T-111977,0,none,0.1,2
T-111978,0,none,0.1667,3
T-111979,0,mid,0.1915,1
T-111980,0,mid,0.0222,1
T-111981,0,high,0.2381,1
T-111982,9,mid,0.338,2
T-111983,0,low,0.1818,1
T-111984,2,none,0.0759,2
T-111985,1,high,0.1765,3
T-111986,4,mid,0.1472,3
T-111987,3,high,0.0833,2
T-111988,4,mid,0.1472,1
T-111989,2,high,0.2671,3
T-111990,5,none,0.213,3
T-111991,0,low,0.0714,3
T-111992,0,none,0.1196,3
T-111993,1,mid,0.0909,2
T-111994,1,low,0.2027,1
T-111995,4,mid,0.1654,1
T-111996,2,mid,0.1316,3
T-111997,0,none,0.0256,2
T-111998,7,mid,0.3333,2
T-111999,0,high,0.1818,3
T-112000,2,mid,0.0759,2
T-112001,2,mid,0.1429,3
T-112002,0,low,0.1,2
T-112003,0,mid,0.0,2
T-112004,1,high,0.1429,1
T-112005,0,mid,0.0893,3
T-112006,1,mid,0.1515,1
T-112007,4,mid,0.1074,3
T-112008,0,low,0.0,2
T-112009,1,none,0.1143,3
T-112010,2,high,0.1429,3
T-112011,1,none,0.1111,2
T-112012,0,mid,0.0333,2
T-112013,0,low,0.1481,3
T-112014,0,mid,0.2,3
T-112015,0,mid,0.1667,3
T-112016,0,low,0.0222,3
T-112017,0,mid,0.0,2
T-112018,9,mid,0.338,3
T-112019,1,mid,0.1143,2
T-112020,1,low,0.1667,3
T-112021,0,none,0.0959,1
T-112022,0,low,0.1429,1
T-112023,0,mid,0.1304,2
T-112024,0,none,0.0,3
T-112025,4,none,0.3881,1
T-112026,0,high,0.4211,3
T-112027,0,low,0.0909,1
T-112028,0,low,0.1429,3
T-112029,1,low,0.0723,2
T-112030,0,mid,0.0,3
T-112031,1,low,0.1,2
T-112032,0,none,0.02,3
T-112033,2,high,0.0759,1
T-112034,2,none,0.3578,3
T-112035,3,none,0.1299,1
T-112036,1,mid,0.2381,3
T-112037,0,mid,0.1538,1
T-112038,2,mid,0.0759,2
T-112039,0,high,0.1515,3
T-112040,1,low,0.1277,2
T-112041,0,mid,0.1481,1
T-112042,0,low,0.0588,1
T-112043,0,low,0.037,2
T-112044,0,mid,0.0938,3
T-112045,1,mid,0.0588,3
T-112046,6,low,0.2372,3
T-112047,0,mid,0.0333,2
T-112048,4,high,0.1074,2
T-112049,0,none,0.0769,3
T-112050,0,none,0.1333,3
T-112051,0,low,0.0667,3
T-112052,0,mid,0.0759,3
T-112053,0,none,0.0,2
T-112054,1,mid,0.0435,1
T-112055,1,mid,0.1,2
T-112056,0,mid,0.0,3
T-112057,0,mid,0.02,3
T-112058,1,high,0.1778,3
T-112059,0,high,0.0222,3
T-112060,0,mid,0.0909,1
T-112061,2,mid,0.1746,3
T-112062,2,high,0.1429,3
T-112063,0,low,0.2,3
T-112064,4,mid,0.1472,2
T-112065,0,high,0.125,2
T-112066,0,low,0.15,3
T-112067,0,mid,0.125,1
T-112068,0,none,0.0,3
T-112069,2,none,0.3061,3
T-112070,0,high,0.0,3
T-112071,1,mid,0.0541,3
T-112072,5,high,0.213,3
T-112073,1,mid,0.0741,1
T-112074,8,mid,0.338,3
T-112075,3,mid,0.3401,1
T-112076,2,mid,0.3578,2
T-112077,1,high,0.0411,3
T-112078,3,mid,0.1417,2
T-112079,0,low,0.0,2
T-112080,2,mid,0.0943,3
T-112081,0,mid,0.1667,2
T-112082,0,mid,0.0741,3
T-112083,1,low,0.125,3
T-112084,0,mid,0.1333,2
T-112085,1,mid,0.1447,2
T-112086,0,high,0.0392,2
T-112087,0,mid,0.0,3
T-112088,0,mid,0.0,1
T-112089,1,none,0.1447,2
T-112090,0,none,0.0403,1
T-112091,4,mid,0.3401,3
T-112092,0,mid,0.0,2
T-112093,0,mid,0.0,3
T-112094,1,low,0.1355,2
T-112095,2,none,0.1015,1
T-112096,0,mid,0.0403,3
T-112097,0,low,0.02,2
T-112098,1,mid,0.0723,3
T-112099,0,low,0.0,3
T-112100,2,none,0.1429,2
T-112101,0,mid,0.0959,3
T-112102,0,low,0.0541,3
T-112103,3,mid,0.163,3
T-112104,0,high,0.0333,3
T-112105,0,none,0.0,1
T-112106,0,mid,0.0,3
T-112107,7,high,0.338,3
T-112108,1,mid,0.0659,3
T-112109,2,mid,0.3578,1
T-112110,0,mid,0.1818,1
T-112111,0,low,0.0,3
T-112112,5,low,0.213,3
T-112113,2,high,0.1176,3
T-112114,0,high,0.069,3
T-112115,0,low,0.0455,2
T-112116,0,mid,0.1429,2
T-112117,0,none,0.1364,3
T-112118,0,none,0.0392,2
T-112119,3,none,0.6667,3
T-112120,2,mid,0.1015,2
T-112121,1,high,0.1176,2
T-112122,5,high,0.213,1
T-112123,0,high,0.1081,1
T-112124,4,low,0.1472,3
T-112125,1,high,0.0659,3
T-112126,1,mid,0.0783,3
T-112127,3,mid,0.3578,1
T-112128,2,mid,0.1015,3
T-112129,0,none,0.0455,3
T-112130,2,low,0.2671,3
T-112131,0,low,0.1667,3
T-112132,1,high,0.0345,3
T-112133,0,mid,0.1667,2
T-112134,0,mid,0.1667,1
T-112135,0,mid,0.0,3
T-112136,0,low,0.0,3
T-112137,0,mid,0.1852,2
T-112138,1,mid,0.2208,3
T-112139,0,mid,0.0667,1
T-112140,0,none,0.25,3
T-112141,1,low,0.3846,1
T-112142,0,mid,0.0471,3
T-112143,0,mid,0.1071,2
T-112144,0,high,0.0,3
T-112145,2,none,0.0773,2
T-112146,0,mid,0.0909,2
T-112147,0,low,0.0,3
T-112148,0,low,0.0,3
T-112149,0,low,0.0,1
T-112150,0,low,0.0,2
T-112151,1,none,0.1034,3
T-112152,0,mid,0.1739,2
T-112153,0,high,0.0345,3
T-112154,0,mid,0.2,3
T-112155,0,none,,2
T-112156,1,none,0.2381,3
T-112157,1,none,0.1429,3
T-112158,0,mid,0.0222,3
T-112159,2,high,0.2671,3
T-112160,1,low,0.0411,1
T-112161,0,high,0.1429,3
T-112162,0,mid,0.0,2
T-112163,6,high,0.2372,3
T-112164,0,mid,0.0,3
T-112165,2,high,0.1429,1
T-112166,2,mid,0.1429,3
T-112167,0,mid,0.1667,1
T-112168,1,mid,0.1915,3
T-112169,0,high,0.0256,3
T-112170,0,none,0.2308,3
T-112171,0,high,0.2,2
T-112172,2,mid,0.0773,2
T-112173,0,high,0.1277,3
T-112174,3,none,0.0833,3
T-112175,0,mid,0.0,2
T-112176,0,mid,0.0392,2
T-112177,0,mid,0.125,1
T-112178,0,low,0.1034,2
T-112179,1,none,0.0638,1
T-112180,1,none,0.3684,2
T-112181,0,none,0.0392,3
T-112182,4,high,0.1611,2
T-112183,0,mid,0.0659,3
T-112184,5,high,0.3896,1
T-112185,1,mid,0.1778,2
T-112186,2,high,0.2671,1
T-112187,2,mid,0.1039,3
T-112188,2,mid,0.163,2
T-112189,0,low,0.0,3
T-112190,0,low,0.0357,1
T-112191,0,mid,0.0714,3
T-112192,0,low,0.2857,1
T-112193,0,high,0.0588,3
T-112194,0,low,0.0323,3
T-112195,0,mid,0.0,3
T-112196,4,mid,0.1472,3
T-112197,6,mid,0.213,2
T-112198,0,high,0.0789,2
T-112199,1,mid,0.1915,2
T-112200,1,high,0.0645,2
T-112201,0,high,0.0909,1
T-112202,0,none,0.0714,2
T-112203,1,high,0.125,3
T-112204,4,mid,0.3881,1
T-112205,1,none,0.0566,3
T-112206,0,none,0.1333,2
T-112207,0,mid,0.0938,1
T-112208,1,low,0.375,1
T-112209,0,mid,0.0222,3
T-112210,0,mid,0.3333,3
T-112211,1,low,0.2208,2
T-112212,1,low,0.1053,3
T-112213,0,none,0.4,3
T-112214,1,none,0.1447,3
T-112215,0,low,0.3333,3
T-112216,0,mid,0.0222,2
T-112217,0,none,0.0,3
T-112218,0,mid,0.0,3
T-112219,0,mid,0.0403,3
T-112220,6,low,0.2372,1
T-112221,1,high,0.3125,1
T-112222,0,low,0.0,1
T-112223,0,mid,0.0333,3
T-112224,0,low,0.0714,3
T-112225,0,mid,0.0556,3
T-112226,0,mid,0.1818,1
T-112227,0,low,0.1429,2
T-112228,0,mid,0.0659,3
T-112229,6,mid,0.2372,1
T-112230,1,none,0.0625,3
T-112231,0,mid,0.0784,3
T-112232,2,mid,0.1015,2
T-112233,3,mid,0.2671,3
T-112234,2,high,0.1429,2
T-112235,2,high,0.1039,2
T-112236,0,mid,0.0,2
T-112237,0,high,0.0,3
T-112238,1,mid,0.0935,3
T-112239,0,mid,0.0337,2
T-112240,0,mid,0.1818,3
T-112241,0,low,0.0323,2
T-112242,0,none,0.0,2
T-112243,0,mid,0.0222,3
T-112244,1,low,0.0526,2
T-112245,4,mid,0.3401,1
T-112246,0,mid,0.0323,3
T-112247,0,mid,0.12,1
T-112248,0,low,0.0519,3
T-112249,0,mid,0.0294,3
T-112250,1,low,0.1034,3
T-112251,1,none,0.1216,2
T-112252,3,mid,0.0759,2
T-112253,0,high,0.16,2
T-112254,0,low,0.0893,2
T-112255,0,mid,0.0645,3
T-112256,0,mid,0.0222,2
T-112257,2,high,0.0943,3
T-112258,0,low,0.0,2
T-112259,0,mid,0.2174,2
T-112260,0,high,0.1818,1
T-112261,0,mid,0.0339,3
T-112262,1,low,0.1111,3
T-112263,1,mid,0.125,1
T-112264,3,mid,0.0759,3
T-112265,2,high,0.3061,1
T-112266,0,low,0.0,3
T-112267,0,mid,0.1667,1
T-112268,1,mid,0.0625,2
T-112269,2,mid,0.0943,3
T-112270,0,low,0.0,3
T-112271,0,mid,0.1064,2
T-112272,6,mid,0.213,3
T-112273,1,mid,0.0541,2
T-112274,4,high,0.1472,3
T-112275,0,mid,0.0,2
T-112276,0,mid,0.0417,2
T-112277,0,high,0.0,2
T-112278,1,mid,0.1316,3
T-112279,0,low,0.0,2
T-112280,6,low,0.338,1
T-112281,0,mid,0.1538,3
T-112282,0,none,0.1429,1
T-112283,0,low,0.5,1
T-112284,0,low,0.0,3
T-112285,0,mid,0.1667,3
T-112286,0,mid,0.0909,2
T-112287,4,high,0.1074,3
T-112288,1,high,0.2899,3
T-112289,0,none,0.0,3
T-112290,1,high,0.25,3
T-112291,0,mid,0.0357,2
T-112292,0,mid,0.1364,3
T-112293,0,low,0.1538,2
T-112294,0,mid,0.0519,2
T-112295,0,mid,0.0571,3
T-112296,0,low,0.0392,3
T-112297,1,low,0.1515,3
T-112298,1,high,0.1778,3
T-112299,0,mid,0.0339,2
T-112300,1,none,0.25,3
T-112301,0,none,0.0,3
T-112302,1,high,0.1277,2
T-112303,0,mid,0.0303,3
T-112304,4,none,0.1472,2
T-112305,2,mid,0.1176,2
T-112306,0,low,0.0,3
T-112307,0,none,0.3125,3
T-112308,1,mid,0.0783,3
T-112309,2,mid,0.0645,2
T-112310,3,mid,0.1417,3
T-112311,0,none,0.0588,2
T-112312,4,mid,0.1074,3
T-112313,0,mid,0.0488,3
T-112314,0,mid,0.0926,3
T-112315,0,low,0.0333,2
T-112316,0,high,0.2222,2
T-112317,0,high,0.0263,2
T-112318,0,mid,0.0417,3
T-112319,0,low,0.0392,2
T-112320,4,mid,0.3578,1
T-112321,0,mid,0.25,3
T-112322,0,high,0.0909,2
T-112323,0,low,0.1429,1
T-112324,5,low,0.3401,1
T-112325,0,mid,0.1333,1
T-112326,0,mid,0.0625,3
T-112327,0,mid,0.0,2
T-112328,0,mid,0.0588,3
T-112329,0,mid,0.1771,2
T-112330,1,none,0.1923,2
T-112331,0,low,0.0294,2
T-112332,0,low,0.04,3
T-112333,0,low,0.0455,3
T-112334,1,mid,0.0935,3
T-112335,0,low,0.1538,3
T-112336,0,mid,0.3333,3
T-112337,0,low,0.0417,3
T-112338,5,mid,0.1654,1
T-112339,1,low,0.2899,1
T-112340,1,high,0.1389,1
T-112341,0,none,0.16,3
T-112342,0,none,0.1771,3
T-112343,3,mid,0.1417,2
T-112344,0,low,0.1714,3
T-112345,0,mid,0.0759,3
T-112346,1,mid,0.1316,3
T-112347,0,mid,0.1,1
T-112348,0,high,0.1379,1
T-112349,2,high,0.0773,3
T-112350,6,mid,0.338,3
T-112351,0,high,0.0,3
T-112352,0,mid,0.125,3
T-112353,0,mid,0.0403,1
T-112354,0,high,0.0,2
T-112355,1,mid,0.0851,3
T-112356,0,mid,0.1739,2
T-112357,1,low,0.1778,1
T-112358,2,mid,0.1176,2
T-112359,0,mid,0.0,3
T-112360,2,mid,0.2027,1
T-112361,0,mid,0.4,2
T-112362,0,mid,0.0,2
T-112363,0,mid,0.2,1
T-112364,0,low,0.1429,2
T-112365,0,mid,0.0769,1
T-112366,3,high,0.2671,3
T-112367,4,high,0.2372,3
T-112368,0,none,0.025,1
T-112369,0,mid,0.0,2
T-112370,1,mid,0.1429,2
T-112371,6,high,0.3333,3
T-112372,2,mid,0.3125,3
T-112373,0,low,0.0,1
T-112374,1,mid,0.0645,2
T-112375,1,mid,0.1316,2
T-112376,1,none,0.1447,3
T-112377,0,mid,0.0526,2
T-112378,0,mid,0.0222,2
T-112379,0,high,0.1311,2
T-112380,4,mid,0.3881,1
T-112381,2,low,0.1849,2
T-112382,0,none,0.0357,3
T-112383,0,low,0.1739,3
T-112384,2,high,0.1111,1
T-112385,0,low,0.02,3
T-112386,2,mid,0.0773,3
T-112387,0,mid,0.0476,1
T-112388,0,low,0.0723,3
T-112389,2,mid,0.1849,2
T-112390,0,high,0.0,2
T-112391,0,none,0.0,2
T-112392,1,low,0.1034,3
T-112393,0,low,0.0345,3
T-112394,3,high,0.0833,2
T-112395,4,mid,0.1074,3
T-112396,0,mid,0.0476,1
T-112397,0,none,0.04,2
T-112398,0,mid,,2
T-112399,1,mid,0.1111,3
T-112400,0,high,0.0588,3
T-112401,0,mid,0.0,2
T-112402,0,high,0.1978,1
T-112403,4,none,0.1074,2
T-112404,0,high,0.0455,2
T-112405,0,mid,0.2941,1
T-112406,0,low,0.0,3
T-112407,0,high,0.0455,2
T-112408,1,high,0.2121,1
T-112409,1,mid,0.1176,3
T-112410,0,mid,0.25,3
T-112411,3,mid,0.0759,3
T-112412,0,mid,0.1196,1
T-112413,0,low,0.25,1
T-112414,0,mid,0.2174,3
T-112415,0,mid,0.0909,3
T-112416,1,none,0.1538,3
T-112417,1,none,0.1429,3
T-112418,2,high,0.163,1
T-112419,1,low,0.1447,3
T-112420,1,mid,0.3478,3
T-112421,0,mid,,3
T-112422,0,high,0.0263,2
T-112423,0,high,0.0345,2
T-112424,0,high,0.12,2
T-112425,0,high,0.0588,3
T-112426,1,low,0.0833,2
T-112427,0,mid,0.0392,2
T-112428,4,none,0.1074,2
T-112429,0,mid,0.0625,1
T-112430,0,mid,0.1429,2
T-112431,1,high,0.0526,3
T-112432,0,mid,0.1579,2
T-112433,1,low,0.1111,3
T-112434,0,mid,0.05,1
T-112435,1,low,0.1127,3
T-112436,3,none,0.163,2
T-112437,0,low,,3
T-112438,0,mid,0.125,2
T-112439,0,low,0.1771,1
T-112440,1,high,0.0935,2
T-112441,0,low,0.0625,1
T-112442,0,mid,0.1515,2
T-112443,0,none,0.0,3
T-112444,0,mid,0.1311,2
T-112445,0,mid,0.0588,2
T-112446,1,mid,0.2667,3
T-112447,1,mid,0.1,3
T-112448,0,high,0.1311,3
T-112449,0,low,0.0541,2
T-112450,4,high,0.2372,1
T-112451,0,mid,0.0526,1
T-112452,0,high,0.0909,3
T-112453,1,high,0.15,3
T-112454,3,mid,0.6667,3
T-112455,0,none,0.0588,3
T-112456,1,low,0.0952,1
T-112457,1,mid,0.0526,2
T-112458,1,low,0.0769,2
T-112459,0,low,0.2174,2
T-112460,3,mid,0.1417,2
T-112461,0,low,0.069,2
T-112462,1,none,0.1538,3
T-112463,1,high,0.15,2
T-112464,0,low,0.0417,3
T-112465,1,low,0.0773,1
T-112466,1,none,0.1481,3
T-112467,2,high,0.1039,1
T-112468,0,low,0.3077,1
T-112469,3,none,0.1472,3
T-112470,0,mid,0.0,2
T-112471,0,mid,0.0,2
T-112472,0,mid,0.1351,3
T-112473,0,mid,0.0,3
T-112474,0,low,0.1429,3
T-112475,1,low,0.0952,1
T-112476,1,low,0.1429,1
T-112477,4,mid,0.1074,1
T-112478,0,low,0.0476,3
T-112479,3,mid,0.1923,3
T-112480,0,mid,0.0976,3
T-112481,1,mid,0.0851,3
T-112482,2,none,0.1429,3
T-112483,0,mid,0.1064,2
T-112484,0,none,0.0,3
T-112485,2,low,0.0943,1
T-112486,0,low,0.0,3
T-112487,0,low,0.0,3
T-112488,0,mid,0.0909,3
T-112489,1,mid,0.1081,3
T-112490,0,low,0.0385,2
T-112491,0,low,0.0476,2
T-112492,0,low,0.0723,2
T-112493,0,mid,0.0938,2
T-112494,0,mid,0.069,1
T-112495,5,none,0.213,2
T-112496,1,high,0.0935,3
T-112497,0,mid,0.2195,2
T-112498,1,mid,0.0638,3
T-112499,0,low,0.0385,3
T-112500,0,low,0.0403,3
T-112501,0,none,0.0222,1
T-112502,0,none,0.1333,3
T-112503,0,high,0.0769,1
T-112504,0,high,0.0333,3
T-112505,0,high,0.0938,3
T-112506,2,mid,0.0773,3
T-112507,0,mid,0.0588,2
T-112508,4,mid,0.1611,1
T-112509,0,none,0.0,2
T-112510,3,low,0.1923,1
T-112511,0,high,,1
T-112512,0,none,0.2174,2
T-112513,1,mid,0.1355,2
T-112514,2,mid,0.0773,2
T-112515,2,mid,0.2857,3
T-112516,0,low,0.0,2
T-112517,0,high,0.0588,1
T-112518,3,mid,0.1472,1
T-112519,0,mid,0.125,3
T-112520,1,mid,0.1481,1
T-112521,1,mid,0.1176,1
T-112522,1,high,0.1127,3
T-112523,0,low,0.0256,3
T-112524,1,mid,0.0935,3
T-112525,1,high,0.0783,1
T-112526,0,mid,0.0,3
T-112527,0,low,0.0,2
T-112528,0,mid,0.0,3
T-112529,1,low,0.1111,3
T-112530,0,low,0.0222,2
T-112531,1,mid,0.1978,2
T-112532,7,mid,0.338,2
T-112533,5,low,0.3881,1
T-112534,2,none,0.0773,3
T-112535,0,high,0.2222,3
T-112536,0,high,0.0,2
T-112537,1,high,0.0851,2
T-112538,0,high,0.1064,2
T-112539,3,low,0.2671,3
T-112540,1,mid,0.1765,1
T-112541,0,mid,0.0,3
T-112542,0,mid,0.0435,3
T-112543,0,mid,0.04,1
T-112544,0,high,0.0645,3
T-112545,4,high,0.2372,3
T-112546,4,none,0.1472,1
T-112547,7,low,0.338,2
T-112548,1,none,0.0411,2
T-112549,1,mid,0.1196,1
T-112550,0,mid,0.0333,2
T-112551,1,none,0.0755,3
T-112552,0,mid,0.0714,2
T-112553,0,mid,0.1667,3
T-112554,1,high,0.1412,2
T-112555,0,none,0.0,3
T-112556,0,none,0.0588,2
T-112557,0,none,0.0588,2
T-112558,0,high,0.0403,3
T-112559,0,mid,0.0667,3
T-112560,0,low,0.0,3
T-112561,3,high,0.1417,2
T-112562,1,none,0.1905,2
T-112563,1,low,0.0566,3
T-112564,0,mid,0.1771,3
T-112565,2,mid,0.2121,3
T-112566,0,none,0.0784,2
T-112567,0,mid,0.0588,2
T-112568,0,high,0.0,3
T-112569,0,mid,0.0556,3
T-112570,0,high,0.3125,3
T-112571,0,low,0.1538,1
T-112572,0,low,0.0,2
T-112573,0,high,0.0893,3
T-112574,2,mid,0.0645,2
T-112575,0,low,0.1429,2
T-112576,3,mid,0.0759,1
T-112577,0,mid,0.1515,2
T-112578,0,low,0.0417,2
T-112579,0,mid,0.0,1
T-112580,4,mid,0.1472,3
T-112581,1,mid,0.1216,2
T-112582,0,none,0.25,3
T-112583,1,none,0.1316,3
T-112584,0,low,,2
T-112585,0,none,0.0659,2
T-112586,2,mid,0.2093,3
T-112587,3,low,0.1429,1
T-112588,2,mid,0.1849,3
T-112589,2,low,0.1015,2
T-112590,1,high,0.15,1
T-112591,0,mid,0.1071,3
T-112592,3,low,0.2671,3
T-112593,0,none,0.0222,3
T-112594,2,low,0.125,3
T-112595,1,low,0.2059,1
T-112596,2,low,0.0783,2
T-112597,0,mid,0.0337,3
T-112598,1,low,0.1333,1
T-112599,0,high,0.125,3
T-112600,6,high,0.1654,3
T-112601,0,mid,0.0833,1
T-112602,4,mid,0.0759,3
T-112603,6,low,0.1654,3
T-112604,0,low,0.0588,2
T-112605,0,low,0.125,3
T-112606,1,none,0.1216,2
T-112607,0,low,0.0893,3
T-112608,1,low,0.2899,1
T-112609,0,mid,0.0303,2
T-112610,6,mid,0.1654,3
T-112611,0,mid,0.1818,3
T-112612,0,mid,0.0638,3
T-112613,5,none,0.3333,1
T-112614,0,low,0.0741,2
T-112615,0,low,0.0723,3
T-112616,0,none,0.0337,3
T-112617,0,mid,0.0337,2
T-112618,0,mid,0.1714,3
T-112619,1,low,0.1515,2
T-112620,0,low,0.0667,3
T-112621,2,mid,0.1299,2
T-112622,0,mid,0.0403,1
T-112623,2,low,0.1429,2
T-112624,2,mid,0.1111,3
T-112625,1,mid,0.1216,3
T-112626,1,high,0.1111,1
T-112627,4,low,0.1923,3
T-112628,0,mid,0.0625,2
T-112629,1,high,0.1915,1
T-112630,7,mid,0.338,1
T-112631,1,mid,0.1111,3
T-112632,0,high,0.0294,3
T-112633,0,mid,0.1429,1
T-112634,0,mid,0.0698,3
T-112635,0,low,0.1481,3
T-112636,4,mid,0.0759,2
T-112637,0,mid,0.0333,3
T-112638,1,mid,0.1905,2
T-112639,0,high,0.0938,3
T-112640,1,none,0.1355,3
T-112641,3,mid,0.2671,1
T-112642,0,mid,0.0,3
T-112643,0,low,0.0526,3
T-112644,0,mid,0.0,2
T-112645,0,low,0.0,2
T-112646,0,mid,,2
T-112647,1,none,0.0959,2
T-112648,4,mid,0.1472,1
T-112649,1,low,0.1176,2
T-112650,4,none,0.3578,3
T-112651,0,mid,0.0337,3
T-112652,0,mid,0.0,3
T-112653,4,none,0.2372,2
T-112654,0,low,0.0,3
T-112655,2,low,0.125,1
T-112656,0,mid,0.0588,2
T-112657,2,mid,0.1765,2
T-112658,0,mid,0.0,3
T-112659,4,mid,0.1074,2
T-112660,0,mid,0.1277,3
T-112661,4,low,0.0759,2
T-112662,0,mid,0.1064,2
T-112663,0,low,0.1053,3
T-112664,4,mid,0.0759,2
T-112665,1,low,0.0625,1
T-112666,0,low,0.0345,3
T-112667,1,mid,0.2059,2
T-112668,0,none,0.0385,3
T-112669,0,mid,0.0,3
T-112670,2,mid,0.1015,3
T-112671,0,low,0.1538,2
T-112672,2,high,0.1849,1
T-112673,0,low,0.2941,3
T-112674,0,mid,0.0645,3
T-112675,0,mid,0.0519,2
T-112676,0,mid,0.0,2
T-112677,0,mid,0.0588,1
T-112678,0,low,0.0,1
T-112679,5,mid,0.3401,3
T-112680,0,low,0.125,3
T-112681,2,mid,0.0783,2
T-112682,0,mid,0.0759,2
T-112683,2,mid,0.0943,1
T-112684,4,low,0.1074,3
T-112685,0,mid,0.1064,3
T-112686,1,mid,0.1355,2
T-112687,0,low,0.0938,3
T-112688,1,low,0.0403,1
T-112689,1,high,0.1818,3
T-112690,0,low,0.0,3
T-112691,0,mid,0.1351,2
T-112692,4,none,0.1429,2
T-112693,0,mid,0.0909,3
T-112694,0,mid,0.0938,2
T-112695,0,mid,0.0,3
T-112696,0,low,0.0741,1
T-112697,1,high,0.4,1
T-112698,0,high,0.0909,3
T-112699,1,low,0.1429,2
T-112700,0,low,0.0488,3
T-112701,1,mid,0.1,2
T-112702,0,none,0.0926,3
T-112703,8,mid,0.338,1
T-112704,1,low,0.1923,1
T-112705,0,none,0.125,1
T-112706,2,none,0.0773,3
T-112707,0,mid,0.0893,3
T-112708,0,low,0.0625,3
T-112709,0,mid,,3
T-112710,3,high,0.1849,1
T-112711,0,low,0.3333,3
T-112712,0,mid,0.1667,3
T-112713,0,mid,0.0556,3
T-112714,0,mid,0.1111,2
T-112715,1,mid,0.0403,3
T-112716,0,low,0.0741,2
T-112717,0,mid,0.0476,3
T-112718,0,low,0.0909,3
T-112719,0,mid,0.0519,2
T-112720,4,low,0.2372,3
T-112721,2,mid,0.0645,1
T-112722,0,high,0.0339,1
T-112723,0,mid,0.0222,3
T-112724,0,mid,0.0455,2
T-112725,0,low,0.0476,3
T-112726,0,mid,0.1667,3
T-112727,5,mid,0.1611,2
T-112728,0,low,0.129,1
T-112729,1,low,0.3846,2
T-112730,0,mid,0.0,3
T-112731,0,mid,0.0222,2
T-112732,5,none,0.213,3
T-112733,0,none,0.2,2
T-112734,2,mid,0.1196,2
T-112735,0,none,0.2727,1
T-112736,0,high,0.1818,1
T-112737,1,low,0.1667,2
T-112738,2,mid,0.15,1
T-112739,0,low,0.0,2
T-112740,0,mid,0.0,2
T-112741,0,mid,0.1176,1
T-112742,3,high,0.1849,1
T-112743,0,mid,0.0588,3
T-112744,0,mid,,2
T-112745,0,mid,0.0588,3
T-112746,0,low,0.0,2
T-112747,1,mid,0.1818,3
T-112748,0,low,0.0,3
T-112749,0,mid,0.0759,1
T-112750,0,low,0.02,2
T-112751,0,low,0.02,1
T-112752,0,low,0.0,1
T-112753,4,none,0.2372,2
T-112754,0,mid,0.0,3
T-112755,2,high,0.1299,2
T-112756,1,high,0.1,3
T-112757,0,low,0.1481,3
T-112758,1,mid,0.1778,2
T-112759,0,low,0.0784,2
T-112760,5,mid,0.3401,1
T-112761,2,none,0.0943,2
T-112762,0,mid,0.1667,1
T-112763,4,mid,0.1074,2
T-112764,2,mid,0.0773,3
T-112765,0,low,0.0667,2
T-112766,4,mid,0.1472,3
T-112767,4,low,0.1923,3
T-112768,0,low,0.0588,2
T-112769,2,high,0.0783,3
T-112770,0,mid,0.0222,3
T-112771,0,low,0.0638,1
T-112772,0,mid,0.1667,2
T-112773,0,low,0.0526,2
T-112774,1,none,0.0759,2
T-112775,0,mid,0.1852,2
T-112776,4,mid,0.1074,2
T-112777,0,mid,0.0,2
T-112778,2,mid,0.0773,3
T-112779,1,high,0.0759,3
T-112780,0,mid,0.0,3
T-112781,6,none,0.1654,2
T-112782,8,mid,0.338,3
T-112783,2,none,0.2963,3
T-112784,1,none,0.1316,3
T-112785,1,high,0.1447,1
T-112786,8,mid,0.338,1
T-112787,1,mid,0.0385,3
T-112788,0,mid,0.0,3
T-112789,0,mid,0.04,1
T-112790,1,mid,0.1176,3
T-112791,2,mid,0.1196,3
T-112792,0,mid,0.0222,3
T-112793,1,low,0.0959,2
T-112794,0,mid,0.0345,3
T-112795,0,mid,0.0,3
T-112796,0,low,0.0303,3
T-112797,0,mid,0.1064,3
T-112798,4,mid,0.0759,1
T-112799,0,high,0.0,3
T-112800,0,mid,0.0222,1
T-112801,1,mid,0.1538,1
T-112802,0,high,0.1169,3
T-112803,0,mid,0.0571,1
T-112804,0,mid,0.0,3
T-112805,0,low,0.1159,3
T-112806,0,low,0.0526,2
T-112807,0,mid,0.0,1
T-112808,5,high,0.213,3
T-112809,0,none,0.0893,3
T-112810,0,mid,0.0938,2
T-112811,4,mid,0.1849,2
T-112812,1,mid,0.1277,2
T-112813,0,low,0.0476,2
T-112814,2,mid,0.1429,3
T-112815,1,mid,0.0339,2
T-112816,0,low,0.2,3
T-112817,1,mid,0.0755,3
T-112818,3,none,0.6667,2
T-112819,1,none,0.2128,1
T-112820,1,mid,0.1176,1
T-112821,2,low,0.1417,3
T-112822,1,mid,0.0411,3
T-112823,4,low,0.2372,3
T-112824,1,low,0.4286,1
T-112825,0,mid,0.0,3
T-112826,0,low,0.0,2
T-112827,4,mid,0.2372,3
T-112828,5,high,0.3401,1
T-112829,1,mid,0.1746,1
T-112830,0,mid,0.129,2
T-112831,0,low,0.0,1
T-112832,0,mid,0.0,2
T-112833,2,none,0.1923,2
T-112834,0,mid,0.0333,1
T-112835,8,mid,0.338,3
T-112836,0,mid,0.3125,3
T-112837,1,mid,0.069,1
T-112838,0,mid,,1
T-112839,0,mid,0.0471,3
T-112840,0,mid,0.0,3
T-112841,0,none,0.0345,3
T-112842,4,low,0.2671,1
T-112843,0,mid,0.0556,1
T-112844,0,high,0.0256,2
T-112845,1,high,0.0566,1
T-112846,1,none,0.1355,3
T-112847,0,high,0.0625,1
T-112848,1,high,0.1316,3
T-112849,1,mid,0.2128,1
T-112850,2,mid,0.0833,2
T-112851,2,high,0.2899,3
T-112852,0,high,0.0,2
T-112853,0,low,0.2,1
T-112854,1,low,0.1216,3
T-112855,0,low,0.0488,1
T-112856,1,none,0.1818,2
T-112857,4,none,0.0759,1
T-112858,2,mid,0.1417,1
T-112859,0,none,0.0256,3
T-112860,0,low,0.0,2
T-112861,0,high,0.0667,3
T-112862,0,mid,0.0,3
T-112863,0,high,0.0893,1
T-112864,0,mid,0.0,1
T-112865,0,mid,0.25,2
T-112866,0,high,0.0,3
T-112867,1,high,0.0773,1
T-112868,0,high,0.3684,1
T-112869,0,high,0.3333,2
T-112870,0,low,0.0,2
T-112871,2,high,0.2093,3
T-112872,5,mid,0.3881,1
T-112873,0,mid,0.0526,2
T-112874,0,low,0.0659,3
T-112875,1,mid,0.0526,2
T-112876,1,mid,0.1011,2
T-112877,0,mid,0.0455,1
T-112878,0,high,0.0588,3
T-112879,2,mid,0.1778,3
T-112880,0,none,0.1064,3
T-112881,2,low,0.1111,1
T-112882,2,mid,0.1447,2
T-112883,0,mid,0.0,3
T-112884,0,mid,0.0,3
T-112885,0,mid,0.1429,2
T-112886,0,high,0.0222,3
T-112887,0,mid,0.0526,1
T-112888,0,mid,0.0222,2
T-112889,1,high,0.3684,1
T-112890,1,low,0.1053,3
T-112891,0,mid,,1
T-112892,4,mid,0.1074,3
T-112893,0,mid,0.0337,3
T-112894,0,mid,0.0,1
T-112895,0,low,0.0455,1
T-112896,0,mid,0.1538,2
T-112897,0,mid,0.2208,2
T-112898,2,mid,0.2093,2
T-112899,2,none,0.1429,2
T-112900,1,none,0.0943,3
T-112901,0,low,0.0659,3
T-112902,0,none,0.1111,2
T-112903,0,mid,0.0476,1
T-112904,0,mid,0.0714,3
T-112905,0,low,0.1304,2
T-112906,2,none,0.1915,3
T-112907,0,low,0.0741,2
T-112908,0,none,0.1064,3
T-112909,0,mid,0.04,3
T-112910,1,mid,0.1746,3
T-112911,6,mid,0.338,1
T-112912,1,mid,0.08,3
T-112913,0,mid,0.0,3
T-112914,1,mid,0.1515,3
T-112915,0,low,0.0714,3
T-112916,1,low,0.1379,1
T-112917,3,mid,0.163,3
T-112918,0,mid,0.0541,3
T-112919,0,low,0.0,1
T-112920,0,low,0.0,3
T-112921,0,high,0.0667,3
T-112922,0,mid,0.0541,2
T-112923,1,mid,0.1429,3
T-112924,0,none,0.0,1
T-112925,0,mid,0.0,2
T-112926,1,mid,0.0773,3
T-112927,0,low,0.0,1
T-112928,0,low,0.1429,3
T-112929,0,low,0.0,3
T-112930,1,high,0.1355,2
T-112931,1,mid,0.1216,3
T-112932,1,none,0.1905,2
T-112933,1,low,0.0959,2
T-112934,0,mid,0.2,2
T-112935,0,mid,0.125,3
T-112936,2,low,0.0566,2
T-112937,0,mid,0.375,3
T-112938,4,high,0.3333,1
T-112939,5,high,0.2671,3
T-112940,0,low,0.0541,2
T-112941,0,none,0.0,1
T-112942,4,mid,0.1074,3
T-112943,0,mid,0.0222,3
T-112944,2,mid,0.15,3
T-112945,0,mid,0.0781,1
T-112946,0,low,0.1579,3
T-112947,0,mid,0.25,3
T-112948,0,mid,0.0385,2
T-112949,0,mid,0.0,3
T-112950,0,low,0.1429,3
T-112951,3,mid,0.1074,1
T-112952,0,high,0.25,2
T-112953,1,mid,0.1778,3
T-112954,2,mid,0.1015,3
T-112955,4,mid,0.1429,1
T-112956,0,low,0.0,3
T-112957,0,mid,0.0,1
T-112958,0,none,0.1127,3
T-112959,5,mid,0.1849,3
T-112960,0,none,0.0,1
T-112961,2,none,0.2121,1
T-112962,0,mid,0.125,3
T-112963,1,none,0.0773,3
T-112964,0,mid,0.0,3
T-112965,0,none,0.1169,2
T-112966,0,low,0.0714,1
T-112967,1,high,0.0773,3
T-112968,0,mid,0.0,2
T-112969,7,none,0.338,3
T-112970,0,low,0.0,1
T-112971,0,mid,0.0789,1
T-112972,6,mid,0.1654,3
T-112973,2,mid,0.1915,3
T-112974,1,mid,0.1355,1
T-112975,0,high,0.0222,2
T-112976,0,mid,0.0392,2
T-112977,0,low,0.0588,3
T-112978,0,mid,0.0,3
T-112979,0,mid,0.0303,2
T-112980,4,mid,0.0759,2
T-112981,1,mid,0.2381,1
T-112982,0,mid,0.1333,1
T-112983,0,none,0.4,3
T-112984,0,none,0.0,1
T-112985,2,mid,0.1015,3
T-112986,2,mid,0.3125,1
T-112987,0,low,0.0,3
T-112988,5,low,0.3896,3
T-112989,0,low,0.0,2
T-112990,0,mid,0.0,3
T-112991,0,high,0.0667,2
T-112992,0,mid,0.2,2
T-112993,0,mid,0.0,2
T-112994,0,mid,0.0333,3
T-112995,0,mid,0.1169,3
T-112996,1,none,0.1818,2
T-112997,0,low,0.0526,3
T-112998,7,mid,0.338,1
T-112999,6,none,0.3401,3
T-113000,0,low,0.0,3
T-113001,0,mid,0.0222,2
T-113002,0,mid,0.0667,3
T-113003,2,mid,0.0566,3
T-113004,4,none,0.1923,2
T-113005,0,low,0.0,1
T-113006,0,mid,0.2941,3
T-113007,1,none,0.1111,2
T-113008,0,none,0.15,3
T-113009,0,mid,0.1667,1
T-113010,0,none,0.0541,3
T-113011,0,mid,0.12,1
T-113012,0,high,0.1127,3
T-113013,0,low,0.1,1
T-113014,0,low,0.0,3
T-113015,1,mid,0.0714,2
T-113016,0,none,0.0,2
T-113017,1,mid,0.08,3
T-113018,2,mid,0.1015,1
T-113019,0,mid,0.0345,2
T-113020,2,mid,0.0783,3
T-113021,0,mid,0.0976,1
T-113022,1,mid,0.3333,2
T-113023,0,mid,0.0337,1
T-113024,0,high,0.0417,3
T-113025,1,mid,0.0571,2
T-113026,0,mid,0.0926,2
T-113027,1,high,0.0789,3
T-113028,3,mid,0.6667,1
T-113029,0,none,0.0,2
T-113030,2,mid,0.1915,2
T-113031,1,low,0.0773,2
T-113032,0,none,0.0,3
T-113033,0,low,0.0323,1
T-113034,1,high,0.1216,1
T-113035,1,mid,0.1277,1
T-113036,0,mid,0.0,1
T-113037,0,none,0.0,3
T-113038,0,low,0.0,1
T-113039,0,mid,0.0256,2
T-113040,0,mid,0.12,2
T-113041,1,high,0.1667,1
T-113042,0,mid,0.1111,1
T-113043,0,mid,0.0455,2
T-113044,1,high,0.1412,3
T-113045,1,mid,0.3478,3
T-113046,1,mid,0.125,3
T-113047,1,mid,0.0938,3
T-113048,1,mid,0.3333,3
T-113049,4,mid,0.2372,3
T-113050,0,none,0.0303,2
T-113051,1,low,0.1039,1
T-113052,2,mid,0.2899,3
T-113053,0,mid,0.0,3
T-113054,1,mid,0.1355,2
T-113055,1,high,0.2,2
T-113056,5,mid,0.1849,2
T-113057,6,mid,0.1654,2
T-113058,2,high,0.1447,2
T-113059,0,mid,0.0938,1
T-113060,1,low,0.125,2
T-113061,0,mid,0.1277,3
T-113062,0,high,0.1429,1
T-113063,1,mid,0.0755,2
T-113064,0,mid,0.0,3
T-113065,0,mid,0.0,3
T-113066,0,mid,0.125,2
T-113067,5,low,0.213,2
T-113068,1,mid,0.0851,3
T-113069,0,low,0.15,3
T-113070,0,mid,0.0625,2
T-113071,0,none,0.0,3
T-113072,0,mid,0.3077,3
T-113073,0,none,0.0,3
T-113074,0,mid,0.0588,3
T-113075,2,mid,0.1923,3
T-113076,0,low,0.1333,2
T-113077,0,mid,,2
T-113078,0,high,0.0645,3
T-113079,1,mid,0.0769,3
T-113080,6,low,0.3401,3
T-113081,4,mid,0.2372,1
T-113082,0,mid,0.1667,2
T-113083,1,mid,0.0759,2
T-113084,1,mid,0.0789,3
T-113085,2,none,0.1176,1
T-113086,0,mid,0.1852,1
T-113087,0,mid,0.0455,3
T-113088,3,low,0.1611,1
T-113089,0,mid,0.0625,3
T-113090,0,mid,0.1852,3
T-113091,0,mid,0.1333,2
T-113092,3,low,0.0645,2
T-113093,1,mid,0.1355,3
T-113094,0,low,0.1081,3
T-113095,0,low,0.0833,1
T-113096,0,mid,0.0222,3
T-113097,2,none,0.1111,1
T-113098,2,mid,0.0783,2
T-113099,0,low,0.0659,3
T-113100,0,low,0.0667,1
T-113101,5,mid,0.213,1
T-113102,0,mid,0.0723,3
T-113103,2,mid,0.2027,3
T-113104,0,mid,0.0926,1
T-113105,1,mid,0.125,1
T-113106,1,mid,0.1011,3
T-113107,1,high,0.0403,1
T-113108,0,mid,0.0417,3
T-113109,5,mid,0.1429,3
T-113110,0,mid,0.0,3
T-113111,1,mid,0.3846,3
T-113112,0,high,0.0909,3
T-113113,6,mid,0.3401,3
T-113114,1,mid,0.1978,3
T-113115,1,low,0.1111,1
T-113116,2,high,0.1196,2
T-113117,0,mid,0.0714,3
T-113118,0,mid,0.0417,3
T-113119,2,low,0.2027,2
T-113120,1,none,0.0755,3
T-113121,2,mid,0.2027,2
T-113122,9,mid,0.338,3
T-113123,0,high,0.1667,2
T-113124,5,mid,0.1429,2
T-113125,0,high,0.0541,1
T-113126,0,mid,0.0,1
T-113127,0,none,0.0357,2
T-113128,0,mid,0.05,3
T-113129,3,none,0.1611,3
T-113130,1,high,0.1429,3
T-113131,3,none,0.1074,3
T-113132,0,low,0.0625,1
T-113133,2,high,0.1447,3
T-113134,0,mid,0.0909,1
T-113135,2,mid,0.1277,2
T-113136,2,mid,0.2899,1
T-113137,1,low,0.2,3
T-113138,0,mid,0.3333,2
T-113139,1,high,0.1355,3
T-113140,1,high,0.0773,2
T-113141,2,high,0.1417,1
T-113142,0,low,0.129,1
T-113143,2,low,0.1277,3
T-113144,5,mid,0.1654,3
T-113145,0,low,0.0959,3
T-113146,2,mid,0.1015,3
T-113147,0,mid,0.1081,1
T-113148,0,high,0.0345,2
T-113149,0,mid,0.0256,1
T-113150,8,mid,0.338,1
T-113151,0,mid,0.0,3
T-113152,0,low,0.1111,1
T-113153,0,low,0.2208,2
T-113154,0,mid,0.0698,3
T-113155,4,mid,0.6667,1
T-113156,0,mid,0.3333,3
T-113157,1,none,0.1667,3
T-113158,2,low,0.1429,2
T-113159,5,mid,0.1429,3
T-113160,3,high,0.0645,2
T-113161,0,mid,0.1765,3
T-113162,5,mid,0.2372,1
T-113163,1,mid,0.1111,3
T-113164,2,mid,0.1447,1
T-113165,0,low,0.0,2
T-113166,1,none,0.1515,2
T-113167,1,mid,0.1081,1
T-113168,1,low,0.1905,2
T-113169,0,low,0.0588,3
T-113170,5,low,0.6667,1
T-113171,0,low,0.1739,2
T-113172,0,none,0.1333,2
T-113173,8,none,0.338,3
T-113174,0,low,0.0,3
T-113175,2,mid,0.3684,3
T-113176,8,none,0.338,2
T-113177,2,none,0.1216,1
T-113178,4,mid,0.1849,2
T-113179,5,mid,0.2372,3
T-113180,0,mid,0.0526,3
T-113181,0,none,0.1,3
T-113182,0,high,0.2857,2
T-113183,0,mid,0.1429,3
T-113184,0,mid,0.1159,2
T-113185,0,high,0.1159,3
T-113186,0,none,0.25,3
T-113187,0,mid,0.1333,3
T-113188,2,low,0.1778,1
T-113189,3,high,0.1417,1
T-113190,0,low,0.0588,2
T-113191,1,mid,0.3478,3
T-113192,2,low,0.1447,1
T-113193,0,low,0.0417,2
T-113194,0,none,0.1311,1
T-113195,0,high,0.25,1
T-113196,2,low,0.1015,2
T-113197,1,low,0.1778,3
T-113198,0,high,0.1429,1
T-113199,0,none,0.125,1
T-113200,0,low,0.0417,1
T-113201,1,mid,0.1818,2
T-113202,6,mid,0.3401,3
T-113203,3,high,0.1074,3
T-113204,8,mid,0.338,1
T-113205,0,none,0.1304,3
T-113206,0,mid,0.1333,2
T-113207,1,mid,0.1538,3
T-113208,0,low,0.125,1
T-113209,1,none,0.1515,3
T-113210,0,low,0.0,1
T-113211,1,low,0.1481,3
T-113212,3,mid,0.1447,2
T-113213,2,mid,0.1667,1
T-113214,0,low,0.1429,3
T-113215,1,mid,0.1011,2
T-113216,1,mid,0.1355,3
T-113217,0,mid,0.0,2
T-113218,0,low,0.1304,3
T-113219,0,mid,0.0541,2
T-113220,1,mid,0.1,1
T-113221,4,low,0.1923,1
T-113222,3,mid,0.163,3
T-113223,3,none,0.1074,3
T-113224,1,mid,0.1481,1
T-113225,0,low,0.0,2
T-113226,0,mid,0.3333,3
T-113227,0,mid,0.0455,3
T-113228,3,none,0.163,2
T-113229,1,none,0.1355,3
T-113230,1,low,0.1429,3
T-113231,5,low,0.213,1
T-113232,0,mid,0.3333,3
T-113233,0,mid,0.1304,2
T-113234,0,mid,0.0,1
T-113235,8,high,0.338,1
T-113236,1,mid,0.1176,3
T-113237,0,low,0.1818,1
T-113238,2,mid,0.1277,1
T-113239,0,mid,0.0909,1
T-113240,0,mid,0.2222,3
T-113241,0,mid,0.0222,3
T-113242,3,none,0.1447,1
T-113243,0,low,0.0,2
T-113244,3,mid,0.3125,2
T-113245,0,low,0.1053,3
T-113246,1,mid,0.125,3
T-113247,0,none,0.0357,3
T-113248,3,mid,0.1667,2
T-113249,0,none,0.0,2
T-113250,1,high,0.0893,3
T-113251,2,low,0.3684,3
T-113252,3,mid,0.1111,3
T-113253,0,low,0.0,1
T-113254,0,high,0.1127,3
T-113255,0,mid,0.0,2
T-113256,0,mid,0.5,3
T-113257,0,mid,0.125,1
T-113258,1,high,0.0926,3
T-113259,0,mid,0.0,3
T-113260,0,mid,0.0455,2
T-113261,0,mid,0.1159,3
T-113262,5,mid,0.1923,2
T-113263,0,low,0.25,1
T-113264,1,high,0.0773,3
T-113265,1,mid,0.1039,2
T-113266,0,none,0.2857,1
T-113267,1,high,0.0959,3
T-113268,0,mid,0.0625,2
T-113269,0,high,0.0833,3
T-113270,2,low,0.1196,3
T-113271,0,mid,0.1481,1
T-113272,0,low,0.25,1
T-113273,0,mid,0.25,2
T-113274,5,mid,0.1429,3
T-113275,1,mid,0.1746,3
T-113276,4,mid,0.1417,2
T-113277,0,mid,0.25,3
T-113278,0,mid,0.0,3
T-113279,1,high,0.1143,2
T-113280,3,high,0.1611,2
T-113281,0,high,0.1765,2
T-113282,0,none,0.0638,2
T-113283,0,none,0.0667,3
T-113284,0,low,0.04,3
T-113285,0,mid,0.1176,1
T-113286,0,mid,0.1304,3
T-113287,1,mid,0.1,2
T-113288,0,high,0.1127,3
T-113289,1,high,0.12,1
T-113290,3,mid,0.163,3
T-113291,0,high,0.0,2
T-113292,0,mid,0.0833,3
T-113293,0,mid,0.0519,3
T-113294,1,mid,0.0526,1
T-113295,3,mid,0.1447,3
T-113296,1,mid,0.0769,2
T-113297,2,high,0.2027,3
T-113298,6,high,0.3401,1
T-113299,0,mid,0.1429,1
T-113300,1,low,0.0714,1
T-113301,9,mid,0.338,1
T-113302,4,mid,0.3578,1
T-113303,0,mid,0.129,3
T-113304,1,low,0.0403,2
T-113305,5,mid,0.3881,2
T-113306,0,mid,0.0,3
T-113307,0,mid,0.02,1
T-113308,0,high,0.0645,1
T-113309,0,low,0.1355,3
T-113310,0,mid,0.0,2
T-113311,2,mid,0.0783,3
T-113312,0,low,0.0435,3
T-113313,1,mid,0.1746,3
T-113314,0,low,0.0,3
T-113315,5,mid,0.1429,1
T-113316,0,mid,0.0345,1
T-113317,6,mid,0.2372,1
T-113318,0,none,0.0,1
T-113319,6,mid,0.2372,1
T-113320,1,mid,0.02,2
T-113321,0,mid,0.1765,1
T-113322,0,low,0.0667,3
T-113323,1,mid,0.0403,2
T-113324,2,low,0.1015,1
T-113325,0,low,0.0,1
T-113326,0,none,0.1355,3
T-113327,5,mid,0.213,3
T-113328,0,high,0.1071,1
T-113329,1,high,0.1778,2
T-113330,0,none,0.0,3
T-113331,0,mid,0.0435,2
T-113332,2,mid,0.1915,2
T-113333,3,mid,0.0759,3
T-113334,8,none,0.2372,3
T-113335,0,mid,0.0723,2
T-113336,0,low,0.3333,3
T-113337,0,low,0.0659,3
T-113338,8,mid,0.2372,1
T-113339,0,mid,0.0,2
T-113340,3,none,0.163,3
T-113341,0,mid,0.0,1
T-113342,1,high,0.0755,3
T-113343,5,mid,0.2671,3
T-113344,1,low,0.3333,1
T-113345,5,low,0.2671,3
T-113346,1,mid,0.25,3
T-113347,0,mid,0.1818,3
T-113348,1,low,0.1316,3
T-113349,2,high,0.1765,2
T-113350,0,mid,0.0,2
T-113351,0,mid,0.0667,3
T-113352,0,high,0.0784,3
T-113353,1,high,0.0773,3
T-113354,1,high,0.1778,1
T-113355,0,mid,0.125,2
T-113356,0,mid,0.0455,2
T-113357,3,none,0.3125,1
T-113358,1,mid,0.25,2
T-113359,0,mid,0.0,1
T-113360,0,mid,0.0256,2
T-113361,0,mid,0.2,3
T-113362,1,mid,0.02,3
T-113363,0,mid,0.0337,3
T-113364,0,mid,0.0938,3
T-113365,0,low,0.2308,3
T-113366,1,mid,0.0959,3
T-113367,0,mid,0.0345,2
T-113368,0,mid,0.0323,3
T-113369,0,high,0.0345,3
T-113370,0,none,0.0,2
T-113371,1,mid,0.1778,2
T-113372,0,low,0.0294,2
T-113373,0,low,,3
T-113374,1,mid,0.1538,3
T-113375,1,low,0.0403,1
T-113376,0,mid,0.1818,3
T-113377,0,high,0.0606,3
T-113378,5,low,0.1654,3
T-113379,0,mid,0.0294,3
T-113380,0,mid,0.0,3
T-113381,0,high,0.0222,1
T-113382,0,low,0.1111,3
T-113383,5,mid,0.2671,3
T-113384,0,mid,0.0741,2
T-113385,8,mid,0.2372,1
T-113386,0,mid,0.0526,3
T-113387,0,low,0.0,3
T-113388,4,mid,0.1849,3
T-113389,0,mid,0.1159,3
T-113390,3,mid,0.1074,3
T-113391,0,high,0.0,3
T-113392,1,mid,0.0926,1
T-113393,0,low,0.1667,1
T-113394,0,mid,0.0337,2
T-113395,0,mid,0.0909,2
T-113396,0,none,0.0909,3
T-113397,3,high,0.1074,3
T-113398,0,low,0.0,3
T-113399,0,low,0.1333,3
T-113400,1,mid,0.1,3
T-113401,2,high,0.1429,1
T-113402,10,high,0.338,1
T-113403,2,mid,0.12,1
T-113404,0,low,0.1538,3
T-113405,1,mid,0.0476,3
T-113406,1,none,0.0476,3
T-113407,0,low,0.0519,3
T-113408,3,high,0.1074,1
T-113409,1,high,0.1316,1
T-113410,2,low,0.2963,1
T-113411,1,mid,0.1538,1
T-113412,0,low,0.0,3
T-113413,0,mid,0.1127,3
T-113414,5,mid,0.3881,3
T-113415,0,mid,0.2308,1
T-113416,0,mid,0.0588,3
T-113417,2,mid,0.1481,3
T-113418,0,mid,0.1333,3
T-113419,0,low,0.0588,3
T-113420,0,low,0.0,2
T-113421,0,mid,0.0,2
T-113422,0,mid,0.1111,1
T-113423,0,low,0.1159,2
T-113424,11,none,0.338,3
T-113425,2,high,0.125,1
T-113426,1,mid,0.0403,3
T-113427,0,mid,0.0952,3
T-113428,0,mid,0.0,1
T-113429,0,low,0.0723,1
T-113430,1,high,0.0759,3
T-113431,0,none,0.1667,1
T-113432,0,low,0.0,3
T-113433,0,low,0.1333,2
T-113434,0,mid,0.0833,3
T-113435,0,low,0.0417,2
T-113436,2,low,0.0566,3
T-113437,0,low,0.2857,3
T-113438,3,mid,0.1074,2
T-113439,0,mid,0.0333,2
T-113440,0,mid,0.1538,1
T-113441,2,high,0.1429,1
T-113442,11,none,0.338,2
T-113443,1,mid,0.1429,2
T-113444,0,mid,0.0471,3
T-113445,2,high,0.1778,3
T-113446,3,mid,0.1015,3
T-113447,0,high,0.0,3
T-113448,0,mid,0.2308,1
T-113449,0,mid,0.0,3
T-113450,1,high,0.0943,1
T-113451,0,low,0.1818,1
T-113452,0,low,0.0,3
T-113453,0,mid,0.1667,2
T-113454,0,low,0.125,3
T-113455,0,none,,2
T-113456,1,high,0.2128,2
T-113457,0,mid,0.0,3
T-113458,0,mid,0.0833,3
T-113459,0,low,0.0471,2
T-113460,0,high,0.3846,3
T-113461,2,low,0.1765,3
T-113462,0,low,0.0625,3
T-113463,3,mid,0.1472,2
T-113464,0,mid,0.0333,1
T-113465,1,high,0.1429,1
T-113466,0,high,0.0345,3
T-113467,0,none,0.0909,2
T-113468,0,low,0.0833,3
T-113469,0,low,0.087,2
T-113470,0,mid,0.1771,3
T-113471,1,none,0.0759,1
T-113472,0,mid,,1
T-113473,0,low,0.0,2
T-113474,1,mid,0.1429,2
T-113475,2,high,0.12,2
T-113476,1,high,0.1515,3
T-113477,0,mid,0.0,3
T-113478,7,none,0.3401,3
T-113479,1,none,0.125,3
T-113480,0,low,0.0385,2
T-113481,1,low,0.1429,3
T-113482,6,mid,0.1429,3
T-113483,0,mid,0.0,2
T-113484,0,mid,0.25,2
T-113485,0,mid,0.1159,3
T-113486,0,mid,0.0333,1
T-113487,0,mid,0.0,3
T-113488,3,high,0.1277,1
T-113489,0,low,0.2195,1
T-113490,0,low,0.0,2
T-113491,3,low,0.1111,1
T-113492,0,low,0.1039,3
T-113493,0,high,0.0357,3
T-113494,0,mid,0.1176,3
T-113495,3,mid,0.1015,1
T-113496,0,low,0.0784,3
T-113497,1,mid,0.0935,2
T-113498,0,none,0.3,3
T-113499,0,mid,0.0625,2
T-113500,0,high,0.0,3
T-113501,0,mid,0.0,2
T-113502,0,mid,0.0,3
T-113503,4,high,0.1015,3
T-113504,1,low,0.0571,2
T-113505,4,mid,0.2671,3
T-113506,0,low,0.0222,3
T-113507,4,mid,0.2671,2
T-113508,1,low,0.0,2
T-113509,0,mid,0.0,2
T-113510,0,mid,0.0488,2
T-113511,11,mid,0.338,1
T-113512,0,low,0.0,1
T-113513,1,mid,0.1818,2
T-113514,0,mid,0.0,1
T-113515,0,high,0.0345,2
T-113516,0,mid,0.1053,3
T-113517,0,low,0.0,3
T-113518,0,low,0.0,2
T-113519,3,low,0.1111,2
T-113520,0,low,0.1333,2
T-113521,1,high,0.1389,3
T-113522,0,low,0.0417,3
T-113523,0,high,0.1333,3
T-113524,12,high,0.338,1
T-113525,2,none,0.2027,3
T-113526,1,mid,0.25,2
T-113527,0,high,0.2208,1
T-113528,0,mid,0.0385,3
T-113529,1,none,0.02,1
T-113530,4,none,0.1417,2
T-113531,1,mid,0.1011,3
T-113532,1,low,0.0403,2
T-113533,1,low,0.1011,3
T-113534,0,mid,0.3333,1
T-113535,0,mid,0.0,2
T-113536,0,mid,0.0411,3
T-113537,0,mid,0.0588,2
T-113538,0,high,0.0741,3
T-113539,3,low,0.1667,3
T-113540,0,low,0.1667,1
T-113541,2,mid,0.1196,1
T-113542,1,mid,0.0851,2
T-113543,0,none,0.1355,3
T-113544,1,low,0.2,2
T-113545,0,mid,0.0625,1
T-113546,2,mid,0.12,3
T-113547,0,none,0.0526,3
T-113548,0,high,0.0,3
T-113549,0,low,0.0784,1
T-113550,3,high,0.163,2
T-113551,1,mid,0.1412,2
T-113552,0,low,0.0588,3
T-113553,0,high,0.0,2
T-113554,0,mid,0.1667,3
T-113555,0,low,0.0588,2
T-113556,2,mid,0.2093,3
T-113557,0,low,0.0222,2
T-113558,0,mid,0.1333,3
T-113559,1,mid,0.129,3
T-113560,2,mid,0.0714,3
T-113561,0,mid,0.16,1
T-113562,1,mid,0.1515,1
T-113563,1,mid,0.2121,3
T-113564,0,mid,0.0714,1
T-113565,0,low,0.0,3
T-113566,0,mid,0.05,2
T-113567,0,mid,0.0909,2
T-113568,4,high,0.1849,1
T-113569,0,mid,0.1515,1
T-113570,1,low,0.02,3
T-113571,0,mid,0.0588,3
T-113572,1,mid,0.25,2
T-113573,0,mid,0.0333,3
T-113574,4,none,0.1074,3
T-113575,0,mid,0.08,3
T-113576,1,low,0.1,3
T-113577,4,mid,0.1277,1
T-113578,1,mid,0.0645,3
T-113579,1,high,0.15,3
T-113580,2,mid,0.1429,2
T-113581,0,low,0.0,3
T-113582,0,high,0.0,3
T-113583,2,mid,0.1176,3
T-113584,2,mid,0.1081,1
T-113585,2,none,0.1299,2
T-113586,1,mid,0.1389,2
T-113587,2,mid,0.2027,2
T-113588,0,none,0.0667,3
T-113589,5,low,0.1849,1
T-113590,0,low,,2
T-113591,3,mid,0.1015,3
T-113592,0,mid,0.0,1
T-113593,0,low,0.0417,2
T-113594,0,mid,0.0,2
T-113595,0,mid,0.0659,3
T-113596,1,high,0.0403,3
T-113597,1,mid,0.0403,1
T-113598,1,mid,0.1818,1
T-113599,0,low,0.0,3
T-113600,0,low,0.3,2
T-113601,0,none,0.0357,3
T-113602,2,high,0.1611,2
T-113603,7,mid,0.3401,3
T-113604,2,mid,0.1778,3
T-113605,7,low,0.3401,1
T-113606,0,low,0.0345,2
T-113607,3,none,0.1472,3
T-113608,0,mid,0.0,3
T-113609,0,mid,,1
T-113610,5,mid,0.3881,1
T-113611,0,mid,0.1176,2
T-113612,0,high,0.1355,3
T-113613,5,none,0.3578,3
T-113614,0,low,0.0645,3
T-113615,1,high,0.1818,3
T-113616,0,none,0.0,1
T-113617,0,mid,0.0,1
T-113618,1,high,0.1515,3
T-113619,7,mid,0.3401,3
T-113620,0,mid,0.0,1
T-113621,0,low,0.2,1
T-113622,3,mid,0.1667,3
T-113623,0,mid,0.1538,3
T-113624,0,mid,0.0392,3
T-113625,0,mid,0.0519,3
T-113626,0,none,,2
T-113627,0,low,0.0588,2
T-113628,3,mid,0.163,3
T-113629,0,mid,0.0769,3
T-113630,0,mid,0.2,2
T-113631,1,mid,0.3478,2
T-113632,0,low,0.1127,3
T-113633,1,mid,0.4,2
T-113634,2,mid,0.1379,3
T-113635,0,low,0.0526,3
T-113636,2,high,0.2381,2
T-113637,0,none,0.0385,3
T-113638,0,none,0.1355,3
T-113639,0,mid,0.1064,2
T-113640,3,high,0.2899,1
T-113641,1,mid,0.0893,1
T-113642,0,mid,0.0,3
T-113643,0,mid,0.1429,3
T-113644,3,mid,0.163,1
T-113645,0,low,0.1039,3
T-113646,0,none,0.0,2
T-113647,2,high,0.2093,1
T-113648,8,low,0.3401,2
T-113649,0,mid,0.0698,1
T-113650,1,mid,0.0,3
T-113651,10,low,0.2372,1
T-113652,3,mid,0.0759,3
T-113653,0,low,0.1,2
T-113654,0,mid,0.0,2
T-113655,0,mid,0.1064,1
T-113656,1,high,0.1667,2
T-113657,4,mid,0.2671,1
T-113658,1,mid,0.1818,1
T-113659,0,mid,0.0,2
T-113660,0,low,0.0,3
T-113661,1,none,0.1667,1
T-113662,4,none,0.1417,1
T-113663,1,mid,0.0,3
T-113664,0,mid,0.0,3
T-113665,4,mid,0.1447,1
T-113666,0,low,0.0638,1
T-113667,6,low,0.3881,1
T-113668,1,mid,0.1905,1
T-113669,1,mid,0.0769,3
T-113670,0,mid,0.0,2
T-113671,4,low,0.2671,3
T-113672,0,mid,0.2,3
T-113673,0,low,0.0519,3
T-113674,0,high,0.0,3
T-113675,0,mid,0.0,2
T-113676,2,mid,0.1316,1
T-113677,5,high,0.1654,1
T-113678,0,mid,0.1739,2
T-113679,0,mid,0.0659,3
T-113680,2,mid,0.1316,2
T-113681,0,none,0.0519,3
T-113682,0,mid,0.0,1
T-113683,0,mid,,3
T-113684,6,mid,0.1654,1
T-113685,0,none,0.1538,3
T-113686,2,low,0.0714,3
T-113687,0,low,0.1,1
T-113688,2,mid,0.1923,2
T-113689,1,none,0.2121,1
T-113690,0,mid,0.0625,2
T-113691,0,mid,0.0392,3
T-113692,3,mid,0.1196,2
T-113693,0,mid,0.0222,3
T-113694,0,mid,0.0,2
T-113695,0,mid,0.2,3
T-113696,1,low,0.0698,2
T-113697,0,low,0.0833,3
T-113698,5,high,0.3896,1
T-113699,0,mid,0.0303,1
T-113700,2,high,0.0943,3
T-113701,0,mid,0.0385,1
T-113702,0,mid,0.0345,3
T-113703,0,mid,0.0769,1
T-113704,7,mid,0.3401,2
T-113705,0,low,0.1667,3
T-113706,0,mid,0.0588,3
T-113707,0,mid,0.0976,3
T-113708,1,mid,0.1011,3
T-113709,0,mid,0.0,3
T-113710,10,high,0.2372,3
T-113711,0,high,0.0909,2
T-113712,3,low,0.0759,3
T-113713,0,mid,0.3333,2
T-113714,0,mid,0.0959,1
T-113715,1,high,0.125,3
T-113716,0,mid,0.0723,2
T-113717,0,low,0.0,3
T-113718,1,low,0.1429,3
T-113719,2,mid,0.1429,3
T-113720,1,high,0.2128,3
T-113721,0,mid,0.0667,3
T-113722,2,high,0.1611,3
T-113723,2,none,0.1472,1
T-113724,0,low,,3
T-113725,1,low,0.0,2
T-113726,1,mid,0.1111,2
T-113727,0,mid,0.087,2
T-113728,3,high,0.1472,2
T-113729,1,high,0.0,2
T-113730,0,mid,0.1515,1
T-113731,0,high,0.0,1
T-113732,0,mid,0.2222,3
T-113733,1,mid,0.0773,2
T-113734,0,mid,0.0714,3
T-113735,0,high,0.1667,3
T-113736,3,high,0.1015,3
T-113737,2,none,0.1611,3
T-113738,1,mid,0.1,2
T-113739,0,mid,0.0,3
T-113740,0,mid,0.0,3
T-113741,0,mid,0.1304,3
T-113742,0,none,0.0,1
T-113743,13,mid,0.338,1
T-113744,2,high,0.0783,1
T-113745,4,none,0.1417,2
T-113746,0,low,0.1364,3
T-113747,0,mid,0.0,3
T-113748,0,mid,0.0,2
T-113749,0,mid,0.0,2
T-113750,3,high,0.1196,2
T-113751,0,none,0.0,3
T-113752,0,high,0.0,2
T-113753,0,mid,0.0,2
T-113754,5,low,0.3333,3
T-113755,0,mid,0.25,3
T-113756,0,mid,0.0,2
T-113757,1,low,0.15,1
T-113758,0,mid,0.1311,2
T-113759,0,mid,0.0,3
T-113760,0,low,0.25,1
T-113761,0,mid,0.0,3
T-113762,0,none,0.1053,1
T-113763,0,mid,0.0769,2
T-113764,1,low,0.2059,1
T-113765,1,low,0.1011,3
T-113766,2,none,0.0943,3
T-113767,0,mid,0.0333,2
T-113768,1,high,0.0403,3
T-113769,1,mid,0.1667,1
T-113770,0,high,0.1429,1
T-113771,2,high,0.2027,1
T-113772,3,mid,0.1074,2
T-113773,0,low,0.0,3
T-113774,0,mid,0.2273,2
T-113775,0,mid,0.0385,1
T-113776,0,low,0.1739,3
T-113777,0,mid,0.0,3
T-113778,0,none,0.0667,3
T-113779,0,mid,0.2174,3
T-113780,0,mid,0.0294,2
T-113781,0,mid,0.1333,3
T-113782,0,high,0.0625,3
T-113783,0,mid,0.1429,3
T-113784,0,none,0.1127,2
T-113785,0,mid,0.0938,3
T-113786,0,mid,0.0222,3
T-113787,0,mid,0.1667,1
T-113788,5,mid,0.1447,3
T-113789,0,low,0.025,1
T-113790,0,none,0.0,3
T-113791,1,mid,0.0784,1
T-113792,0,mid,0.0,3
T-113793,0,low,0.0,3
T-113794,0,mid,0.0455,3
T-113795,0,mid,0.0303,2
T-113796,1,low,0.1064,3
T-113797,2,low,0.0784,3
T-113798,2,mid,0.0943,2
T-113799,0,mid,0.0256,3
T-113800,0,mid,0.0471,2
T-113801,2,mid,0.1778,2
T-113802,1,mid,0.1667,1
T-113803,0,mid,0.25,2
T-113804,0,mid,0.0,3
T-113805,0,low,0.0,3
T-113806,0,none,0.1333,3
T-113807,0,low,0.0606,1
T-113808,10,high,0.2372,3
T-113809,1,mid,0.0759,2
T-113810,0,high,0.0333,2
T-113811,1,low,0.1746,1
T-113812,0,low,0.125,2
T-113813,1,low,0.1,2
T-113814,2,mid,0.0943,2
T-113815,0,mid,0.0435,3
T-113816,3,mid,0.1074,1
T-113817,0,mid,0.1176,1
T-113818,0,low,0.0345,3
T-113819,0,none,,2
T-113820,0,none,0.0645,2
T-113821,0,mid,0.0714,1
T-113822,0,mid,0.1818,1
T-113823,14,mid,0.338,2
T-113824,0,none,0.1333,1
T-113825,0,high,0.1667,3
T-113826,0,mid,0.1429,3
T-113827,0,none,0.0833,2
T-113828,14,low,0.338,2
T-113829,14,mid,0.338,1
T-113830,0,mid,0.0741,3
T-113831,0,low,0.0,3
T-113832,1,mid,0.1515,2
T-113833,0,mid,0.0659,3
T-113834,0,low,0.0,3
T-113835,1,low,0.15,2
T-113836,0,mid,0.0,3
T-113837,0,low,0.0,3
T-113838,0,none,0.0,3
T-113839,3,mid,0.1015,3
T-113840,0,high,0.1169,3
T-113841,1,mid,0.0339,3
T-113842,0,low,0.0411,1
T-113843,2,low,0.1667,3
T-113844,1,none,0.0571,1
T-113845,0,none,0.1875,3
T-113846,2,none,0.1081,2
T-113847,0,mid,0.0625,1
T-113848,0,low,0.0,3
T-113849,0,low,0.125,3
T-113850,0,low,0.1127,3
T-113851,0,high,0.0,2
T-113852,0,low,0.0,3
T-113853,0,low,0.0659,2
T-113854,1,none,0.0526,3
T-113855,1,mid,0.1,2
T-113856,1,high,0.3061,1
T-113857,0,mid,0.0,3
T-113858,0,low,,3
T-113859,4,none,0.1447,1
T-113860,1,none,0.0851,3
T-113861,1,none,0.1515,3
T-113862,0,mid,0.0,2
T-113863,0,high,0.0588,2
T-113864,0,high,0.0471,2
T-113865,0,none,0.0645,2
T-113866,1,none,0.0403,3
T-113867,2,mid,0.0943,3
T-113868,0,mid,0.0357,3
T-113869,0,mid,0.1169,1
T-113870,3,low,0.1196,3
T-113871,1,none,0.02,2
T-113872,0,mid,0.0256,3
T-113873,0,high,0.1039,2
T-113874,1,mid,0.1412,1
T-113875,6,low,0.1654,3
T-113876,0,mid,0.1143,3
T-113877,1,mid,0.1515,1
T-113878,1,low,0.0476,3
T-113879,1,mid,0.1978,2
T-113880,0,low,0.3,2
T-113881,0,low,0.0455,3
T-113882,0,low,0.0345,3
T-113883,1,mid,0.0476,1
T-113884,0,low,0.0,3
T-113885,3,low,0.1015,3
T-113886,0,mid,0.0,3
T-113887,0,mid,0.3333,2
T-113888,0,low,0.0,3
T-113889,2,low,0.1818,3
T-113890,1,mid,0.0541,3
T-113891,0,low,0.0851,3
T-113892,2,mid,0.1176,2
T-113893,6,mid,0.6667,1
T-113894,0,low,1.0,1
T-113895,10,none,0.2372,1
T-113896,2,mid,0.0645,3
T-113897,1,high,0.0773,3
T-113898,2,mid,0.2381,1
T-113899,0,mid,0.0,2
T-113900,0,none,0.0,2
T-113901,5,high,0.3333,1
T-113902,0,mid,0.0345,3
T-113903,3,low,0.1429,2
T-113904,1,low,0.2128,1
T-113905,0,mid,0.1039,3
T-113906,2,none,0.0893,3
T-113907,0,mid,0.1304,1
T-113908,0,mid,0.1818,1
T-113909,0,none,0.0714,2
T-113910,1,low,0.1746,2
T-113911,6,high,0.1849,1
T-113912,0,none,0.1039,1
T-113913,0,none,0.1159,3
T-113914,2,mid,0.2128,3
T-113915,1,mid,0.0833,3
T-113916,1,none,0.2121,1
T-113917,1,mid,0.2208,2
T-113918,0,mid,0.05,1
T-113919,3,mid,0.2963,1
T-113920,4,mid,0.2899,1
T-113921,1,mid,0.1515,1
T-113922,2,low,0.1818,2
T-113923,3,mid,0.1015,3
T-113924,0,high,0.0,3
T-113925,0,low,0.0333,3
T-113926,0,mid,0.0392,3
T-113927,0,none,0.0411,3
T-113928,2,low,0.12,1
T-113929,0,low,0.0909,2
T-113930,0,mid,0.0392,3
T-113931,2,mid,0.1818,3
T-113932,0,none,0.0,3
T-113933,15,none,0.338,3
T-113934,0,high,0.1311,1
T-113935,1,mid,0.2857,3
T-113936,1,mid,0.1818,3
T-113937,0,high,0.1143,3
T-113938,0,none,0.2,1
T-113939,1,low,0.1333,3
T-113940,2,high,0.1429,2
T-113941,1,mid,0.0781,2
T-113942,3,mid,0.1196,1
T-113943,0,mid,0.2174,1
T-113944,0,none,0.1429,2
T-113945,2,mid,0.1818,2
T-113946,6,low,0.1429,3
T-113947,0,mid,0.2,3
T-113948,2,none,0.1905,3
T-113949,0,none,0.0909,1
T-113950,0,mid,0.0606,3
T-113951,1,mid,0.1169,2
T-113952,2,mid,0.1818,1
T-113953,0,mid,0.0411,2
T-113954,0,low,0.1429,3
T-113955,0,low,0.1429,1
T-113956,0,mid,0.0,3
T-113957,3,mid,0.1074,3
T-113958,2,mid,0.1176,3
T-113959,0,mid,0.0,3
T-113960,0,mid,0.25,3
T-113961,0,low,0.0,3
T-113962,1,high,0.1011,3
T-113963,0,none,0.1053,3
T-113964,1,none,0.1746,2
T-113965,0,high,0.0659,1
T-113966,4,mid,0.1196,3
T-113967,0,mid,0.0,3
T-113968,1,mid,0.1746,2
T-113969,0,none,0.0256,2
T-113970,1,mid,0.1667,3
T-113971,0,mid,0.0833,3
T-113972,0,low,0.0,1
T-113973,5,low,0.3578,3
T-113974,1,mid,0.0,1
T-113975,0,mid,0.5455,2
T-113976,1,mid,0.08,1
T-113977,0,low,0.1429,3
T-113978,0,mid,0.0,1
T-113979,0,high,0.3125,1
T-113980,0,mid,0.3333,1
T-113981,1,none,0.0926,2
T-113982,1,high,0.0403,3
T-113983,3,mid,0.1429,3
T-113984,0,mid,0.0667,2
T-113985,0,mid,0.0,2
T-113986,0,none,0.0345,3
T-113987,0,low,0.0588,3
T-113988,3,low,0.1818,3
T-113989,0,low,0.0357,3
T-113990,3,high,0.1015,2
T-113991,3,low,0.1015,1
T-113992,2,mid,0.0943,1
T-113993,1,low,0.1081,3
T-113994,0,mid,0.0769,1
T-113995,0,high,0.0222,3
T-113996,0,none,0.1667,2
T-113997,0,mid,0.0392,3
T-113998,0,mid,0.0435,3
T-113999,4,low,0.1277,3
T-114000,7,mid,0.3401,1
T-114001,0,low,0.2667,1
T-114002,0,mid,0.2667,3
T-114003,1,high,0.0773,3
T-114004,0,none,0.3333,2
T-114005,1,mid,0.1299,2
T-114006,0,high,0.0357,3
T-114007,1,mid,0.08,3
T-114008,0,low,0.0588,1
T-114009,0,high,0.1039,2
T-114010,0,mid,0.0,2
T-114011,2,mid,0.1778,1
T-114012,0,mid,0.0435,2
T-114013,1,none,0.1667,3
T-114014,3,high,0.1074,2
T-114015,4,mid,0.1277,3
T-114016,0,low,0.1667,2
T-114017,3,high,0.1818,3
T-114018,1,mid,0.1515,3
T-114019,0,low,0.0,3
T-114020,1,low,0.1412,1
T-114021,0,mid,0.0,3
T-114022,1,mid,0.25,3
T-114023,0,mid,0.1,2
T-114024,1,mid,0.0714,3
T-114025,1,mid,0.1667,2
T-114026,0,high,0.1852,2
T-114027,0,mid,0.0909,3
T-114028,0,mid,0.1556,2
T-114029,1,low,0.2,1
T-114030,0,mid,0.4,1
T-114031,2,high,0.0714,1
T-114032,0,high,0.0769,3
T-114033,0,mid,0.04,3
T-114034,2,mid,0.0893,3
T-114035,14,mid,0.338,2
T-114036,1,mid,0.16,1
T-114037,2,mid,0.1412,1
T-114038,0,high,0.1333,2
T-114039,0,mid,0.0357,1
T-114040,1,mid,0.1667,2
T-114041,1,mid,0.1333,3
T-114042,1,mid,0.1538,3
T-114043,1,none,0.1111,3
T-114044,0,high,0.0,2
T-114045,5,mid,0.2671,3
T-114046,2,mid,0.213,1
T-114047,2,mid,0.0943,3
T-114048,0,low,0.5,1
T-114049,3,mid,0.1818,1
T-114050,1,mid,0.1746,3
T-114051,0,none,0.0645,1
T-114052,0,low,0.1053,3
T-114053,0,mid,0.0959,1
T-114054,0,mid,0.1304,3
T-114055,1,mid,0.2195,2
T-114056,8,high,0.3401,1
T-114057,0,mid,0.0,3
T-114058,0,none,0.0,3
T-114059,2,high,0.2027,3
T-114060,0,high,0.0417,3
T-114061,0,low,0.25,1
T-114062,1,mid,0.0403,3
T-114063,0,mid,0.0588,3
T-114064,0,none,0.2778,2
T-114065,0,mid,0.1039,3
T-114066,3,low,0.1417,3
T-114067,1,low,0.1429,2
T-114068,0,none,0.0833,3
T-114069,2,mid,0.1429,3
T-114070,1,mid,0.1515,3
T-114071,2,mid,0.163,3
T-114072,2,high,0.0759,2
T-114073,0,low,0.0714,2
T-114074,0,low,0.04,2
T-114075,0,low,0.3125,2
T-114076,0,mid,0.1011,3
T-114077,1,mid,0.0773,3
T-114078,0,mid,0.0588,3
T-114079,1,mid,0.0773,3
T-114080,0,low,0.0417,3
T-114081,3,none,0.1818,3
T-114082,1,low,0.1429,3
T-114083,1,mid,0.1216,1
T-114084,0,mid,0.0,2
T-114085,0,low,0.0,3
T-114086,1,low,0.125,3
T-114087,0,mid,0.25,3
T-114088,0,high,0.0337,3
T-114089,2,mid,0.1074,2
T-114090,0,mid,0.1818,1
T-114091,0,mid,0.0263,1
T-114092,2,mid,0.1216,2
T-114093,5,high,0.3333,1
T-114094,2,mid,0.0759,3
T-114095,2,high,0.16,2
T-114096,0,none,0.0,3
T-114097,0,mid,0.0222,3
T-114098,0,low,0.0,1
T-114099,0,low,,2
T-114100,0,mid,0.1667,1
T-114101,2,high,0.2027,3
T-114102,0,mid,0.0,1
T-114103,5,mid,0.2899,2
T-114104,1,low,0.0926,2
T-114105,1,low,0.125,2
T-114106,0,mid,0.0,3
T-114107,1,low,0.1,3
T-114108,9,high,0.3401,1
T-114109,0,mid,0.3125,1
T-114110,0,mid,0.0,2
T-114111,1,high,0.1111,3
T-114112,0,high,0.0,3
T-114113,0,low,0.0588,1
T-114114,0,mid,0.0541,2
T-114115,5,low,0.1429,3
T-114116,1,high,0.2208,1
T-114117,0,mid,0.4,1
T-114118,2,high,0.0714,3
T-114119,1,high,0.0781,1
T-114120,1,mid,0.1111,3
T-114121,0,none,0.0556,2
T-114122,1,high,0.1667,2
T-114123,1,low,0.0,3
T-114124,2,low,0.2027,3
T-114125,13,mid,0.338,2
T-114126,3,mid,0.1417,3
T-114127,1,mid,0.069,3
T-114128,4,mid,0.1277,2
T-114129,0,mid,0.5455,1
T-114130,0,none,0.0938,2
T-114131,2,mid,0.2027,1
T-114132,13,mid,0.338,3
T-114133,0,mid,0.1,3
T-114134,2,mid,0.163,2
T-114135,0,low,0.0455,2
T-114136,6,mid,0.3881,3
T-114137,0,none,0.1176,2
T-114138,1,mid,0.1611,3
T-114139,3,mid,0.0783,3
T-114140,0,mid,0.0,2
T-114141,0,low,0.1538,3
T-114142,0,none,0.1579,2
T-114143,0,mid,0.25,3
T-114144,5,mid,0.3896,1
T-114145,0,mid,0.0959,3
T-114146,1,none,0.4,1
T-114147,0,low,0.1111,3
T-114148,0,mid,0.0723,3
T-114149,2,mid,0.12,1
T-114150,1,none,0.2059,2
T-114151,9,none,0.3401,3
T-114152,0,low,0.1579,1
T-114153,2,mid,0.1074,3
T-114154,1,mid,0.1429,3
T-114155,0,mid,0.0294,3
T-114156,0,mid,0.25,1
T-114157,13,mid,0.338,1
T-114158,5,high,0.1429,3
T-114159,1,low,0.0526,3
T-114160,0,none,0.1034,2
T-114161,2,none,0.2027,3
T-114162,0,mid,0.1039,3
T-114163,0,low,0.2083,3
T-114164,1,high,0.0403,2
T-114165,0,mid,0.1852,2
T-114166,1,mid,0.0339,1
T-114167,0,mid,0.0,3
T-114168,1,mid,0.0773,2
T-114169,0,mid,0.0606,3
T-114170,2,high,0.4,3
T-114171,0,low,0.0,2
T-114172,0,mid,0.2,1
T-114173,0,none,0.3,3
T-114174,1,low,0.1818,3
T-114175,0,mid,0.0935,3
T-114176,0,low,0.0,2
T-114177,0,mid,0.0455,3
T-114178,0,none,0.0,1
T-114179,0,mid,0.0,3
T-114180,0,mid,0.0256,2
T-114181,0,mid,0.0,1
T-114182,5,high,0.1447,1
T-114183,0,mid,0.08,3
T-114184,2,mid,0.2,2
T-114185,0,low,0.0,2
T-114186,0,none,0.1127,2
T-114187,0,mid,0.0303,3
T-114188,0,high,0.2,2
T-114189,9,mid,0.2372,3
T-114190,0,low,0.0,2
T-114191,0,low,0.0256,3
T-114192,1,low,0.0476,1
T-114193,0,mid,0.2083,3
T-114194,0,mid,0.0256,1
T-114195,0,mid,0.0769,2
T-114196,0,low,0.0588,3
T-114197,0,low,0.0,3
T-114198,1,mid,0.3125,1
T-114199,0,low,0.0,3
T-114200,5,high,0.2671,3
T-114201,2,mid,0.1429,2
T-114202,9,high,0.3401,1
T-114203,0,none,0.0,3
T-114204,0,mid,0.0,3
T-114205,0,mid,0.1771,1
T-114206,5,high,0.3333,3
T-114207,1,mid,0.0659,2
T-114208,0,low,0.1304,1
T-114209,6,high,0.1849,3
T-114210,2,mid,0.1074,3
T-114211,4,mid,0.1654,1
T-114212,0,none,0.2308,3
T-114213,2,mid,0.0781,2
T-114214,0,mid,0.0,3
T-114215,6,mid,0.3881,2
T-114216,0,low,0.1333,3
T-114217,1,low,0.1111,1
T-114218,1,low,0.1111,1
T-114219,0,mid,0.0,3
T-114220,0,low,0.0,2
T-114221,1,low,0.1389,3
T-114222,0,mid,0.0417,3
T-114223,4,mid,0.3578,3
T-114224,2,high,0.1379,3
T-114225,1,mid,0.1771,2
T-114226,9,mid,0.2372,2
T-114227,0,low,0.0519,1
T-114228,0,none,0.0345,2
T-114229,1,mid,0.0476,3
T-114230,3,low,0.1667,2
T-114231,0,mid,0.1538,1
T-114232,0,mid,0.0588,2
T-114233,2,high,0.1472,1
T-114234,10,mid,0.3401,3
T-114235,0,low,0.037,1
T-114236,0,low,0.0769,1
T-114237,3,low,0.1667,1
T-114238,1,mid,0.0645,3
T-114239,6,high,0.1849,3
T-114240,0,none,0.0337,1
T-114241,2,none,0.1481,1
T-114242,1,none,0.1169,3
T-114243,0,none,0.0541,2
T-114244,0,mid,0.0333,2
T-114245,3,high,0.0783,3
T-114246,2,low,0.1429,3
T-114247,0,mid,0.0625,3
T-114248,5,mid,0.2671,1
T-114249,0,mid,,3
T-114250,0,mid,0.0909,3
T-114251,0,mid,0.0435,1
T-114252,0,mid,0.0935,2
T-114253,1,mid,0.1611,1
T-114254,0,none,0.1064,1
T-114255,0,mid,0.0,2
T-114256,0,mid,0.3333,1
T-114257,0,mid,0.0256,2
T-114258,0,none,,2
T-114259,0,mid,0.0526,1
T-114260,2,mid,0.1915,3
T-114261,0,mid,,3
T-114262,14,mid,0.338,3
T-114263,0,none,0.1,1
T-114264,0,mid,0.0,3
T-114265,0,low,0.1765,1
T-114266,2,mid,0.1611,3
T-114267,1,mid,0.0959,3
T-114268,14,mid,0.338,3
T-114269,0,low,0.0,3
T-114270,6,high,0.3881,2
T-114271,0,low,0.1538,3
T-114272,6,none,0.1447,1
T-114273,1,low,0.2059,2
T-114274,0,mid,0.0714,3
T-114275,0,mid,0.0,3
T-114276,1,mid,0.1818,3
T-114277,2,none,0.1176,3
T-114278,1,mid,0.0659,3
T-114279,0,low,0.0333,3
T-114280,0,high,0.1351,1
T-114281,2,high,0.1429,1
T-114282,0,none,0.04,1
T-114283,1,mid,0.1389,2
T-114284,7,mid,0.1447,2
T-114285,0,high,0.0,3
T-114286,0,low,0.04,3
T-114287,1,none,0.3846,2
T-114288,0,high,0.1127,1
T-114289,0,mid,0.0333,3
T-114290,1,mid,0.0476,3
T-114291,1,high,0.1538,3
T-114292,1,mid,0.0759,2
T-114293,0,mid,0.125,2
T-114294,5,mid,0.1429,3
T-114295,1,high,0.0789,2
T-114296,0,low,0.0385,3
T-114297,0,low,0.0935,3
T-114298,0,none,0.0,3
T-114299,1,low,0.0541,2
T-114300,0,mid,0.1143,3
T-114301,1,mid,0.1771,1
T-114302,0,low,0.1111,2
T-114303,0,low,0.2812,3
T-114304,3,mid,0.1667,2
T-114305,4,mid,0.1277,3
T-114306,0,low,0.0,3
T-114307,6,mid,0.1849,1
T-114308,0,none,0.037,3
T-114309,3,high,0.1412,1
T-114310,0,mid,0.0541,3
T-114311,1,high,0.0337,3
T-114312,10,none,0.3401,3
T-114313,2,mid,0.0784,3
T-114314,2,none,0.1081,1
T-114315,2,none,0.1481,2
T-114316,3,high,0.1412,3
T-114317,0,mid,0.0323,3
T-114318,2,high,0.1611,2
T-114319,14,none,0.338,3
T-114320,2,mid,0.2027,1
T-114321,1,none,0.1667,1
T-114322,0,mid,0.0,3
T-114323,0,low,0.0959,3
T-114324,2,mid,0.16,3
T-114325,0,low,0.0,2
T-114326,5,none,0.3896,1
T-114327,2,mid,0.12,2
T-114328,0,low,0.0769,1
T-114329,9,mid,0.2372,1
T-114330,0,mid,0.1667,3
T-114331,9,mid,0.2372,3
T-114332,0,low,0.3,3
T-114333,0,mid,0.0,3
T-114334,1,low,0.2059,1
T-114335,1,low,0.0541,2
T-114336,0,mid,0.2,3
T-114337,3,mid,0.1015,2
T-114338,0,low,0.1034,1
T-114339,0,low,0.0526,1
T-114340,0,low,0.0345,1
T-114341,0,high,0.1579,1
T-114342,1,high,0.1389,2
T-114343,0,low,0.0,3
T-114344,0,high,0.0,2
T-114345,1,low,0.1316,1
T-114346,2,none,0.2121,1
T-114347,0,mid,0.0,2
T-114348,0,none,0.1714,2
T-114349,0,mid,0.0,2
T-114350,2,low,0.1111,2
T-114351,0,mid,0.0938,2
T-114352,0,low,0.0333,2
T-114353,5,mid,0.1654,3
T-114354,0,low,0.0256,3
T-114355,0,low,0.0,3
T-114356,1,low,0.0769,3
T-114357,14,high,0.338,3
T-114358,0,low,0.4,1
T-114359,1,mid,0.1311,3
T-114360,0,low,0.0,3
T-114361,0,none,0.025,2
T-114362,0,mid,0.0222,1
T-114363,0,high,0.0,1
T-114364,0,none,0.0455,3
T-114365,0,none,0.0,2
T-114366,0,mid,0.0392,2
T-114367,0,mid,0.0222,2
T-114368,2,mid,0.0714,1
T-114369,0,mid,0.0935,2
T-114370,10,none,0.2372,3
T-114371,2,mid,0.2059,2
T-114372,2,mid,0.0784,1
T-114373,1,mid,0.2093,2
T-114374,2,none,0.12,1
T-114375,14,low,0.338,3
T-114376,1,mid,0.0571,3
T-114377,0,low,0.0,1
T-114378,0,low,0.2812,3
T-114379,2,mid,0.0781,2
T-114380,0,low,0.3636,1
T-114381,6,mid,0.3881,1
T-114382,4,mid,0.1196,2
T-114383,0,mid,0.0,3
T-114384,7,none,0.1447,3
T-114385,2,mid,0.2027,2
T-114386,7,none,0.1447,3
T-114387,3,mid,0.213,3
T-114388,1,mid,0.2195,3
T-114389,1,mid,0.0403,1
T-114390,0,mid,0.0667,3
T-114391,0,mid,0.2174,1
T-114392,0,mid,0.0952,1
T-114393,0,high,0.1667,1
T-114394,0,none,0.2,2
T-114395,1,low,0.1081,1
T-114396,4,mid,0.1654,3
T-114397,4,none,0.2671,1
T-114398,1,none,0.0645,2
T-114399,0,high,,3
T-114400,0,low,0.0,3
T-114401,0,low,0.0,3
T-114402,1,mid,0.1818,3
T-114403,3,mid,0.213,3
T-114404,0,mid,0.0667,3
T-114405,1,low,0.0625,3
T-114406,0,mid,0.0,3
T-114407,2,none,0.1915,3
T-114408,9,high,0.2372,3
T-114409,2,high,0.3061,3
T-114410,1,mid,0.3077,3
T-114411,0,low,0.2857,3
T-114412,0,mid,0.1127,2
T-114413,0,low,0.0,2
T-114414,0,none,0.0,3
T-114415,0,low,0.1176,1
T-114416,1,mid,0.15,3
T-114417,4,high,0.3578,3
T-114418,0,mid,0.0,3
T-114419,0,mid,0.0323,3
T-114420,0,low,0.0,2
T-114421,1,mid,0.0943,3
T-114422,0,mid,0.375,1
T-114423,1,mid,0.1667,3
T-114424,0,mid,0.1429,2
T-114425,0,mid,0.1667,2
T-114426,0,low,0.1667,3
T-114427,0,mid,0.0588,3
T-114428,0,mid,0.0476,2
T-114429,2,low,0.2059,3
T-114430,0,low,0.0,1
T-114431,4,mid,0.1654,3
T-114432,0,mid,0.1304,1
T-114433,0,mid,0.0959,3
T-114434,1,low,0.0959,3
T-114435,3,mid,0.1412,2
T-114436,0,mid,0.1746,1
T-114437,1,mid,0.1818,1
T-114438,0,mid,0.1034,1
T-114439,4,mid,0.1277,3
T-114440,1,low,0.0526,2
T-114441,0,none,0.1429,2
T-114442,0,low,0.0,3
T-114443,0,mid,0.0625,3
T-114444,3,high,0.1015,3
T-114445,0,low,0.3077,2
T-114446,2,mid,0.1481,2
T-114447,4,high,0.1196,1
T-114448,0,none,0.0,2
T-114449,4,high,0.1429,3
T-114450,0,mid,0.2,1
T-114451,0,high,0.1429,2
T-114452,0,mid,0.0935,3
T-114453,1,high,0.1538,3
T-114454,2,low,0.1081,1
T-114455,0,mid,0.0488,3
T-114456,0,low,0.2273,1
T-114457,0,mid,0.1429,3
T-114458,0,mid,0.0526,3
T-114459,0,mid,0.0667,3
T-114460,0,mid,0.0935,2
T-114461,3,mid,0.1654,3
T-114462,2,low,0.1074,3
T-114463,6,mid,0.1849,3
T-114464,1,high,0.1169,1
T-114465,1,mid,0.0943,2
T-114466,0,none,0.0959,3
T-114467,1,mid,0.12,2
T-114468,0,mid,0.1333,1
T-114469,1,mid,0.0339,3
T-114470,14,none,0.338,2
T-114471,1,low,0.375,3
T-114472,0,mid,0.0,3
T-114473,0,low,0.1429,3
T-114474,3,high,0.213,2
T-114475,0,mid,0.0,2
T-114476,0,none,0.1429,3
T-114477,0,mid,0.0,2
T-114478,0,high,0.0,3
T-114479,2,mid,0.125,2
T-114480,1,low,0.0741,2
T-114481,1,none,0.1169,3
T-114482,0,low,0.0417,2
T-114483,0,low,0.0,3
T-114484,3,mid,0.213,1
T-114485,0,low,0.1667,2
T-114486,3,mid,0.1015,3
T-114487,0,none,0.1515,3
T-114488,0,mid,0.1277,3
T-114489,0,high,0.1538,2
T-114490,0,low,0.0,2
T-114491,0,low,0.1333,2
T-114492,0,mid,0.0,2
T-114493,0,high,0.0935,1
T-114494,1,low,0.163,3
T-114495,1,mid,0.1818,3
T-114496,1,low,0.0769,3
T-114497,0,high,0.0345,2
T-114498,1,mid,0.0759,3
T-114499,2,mid,0.2027,3
T-114500,5,high,0.2899,1
T-114501,1,mid,0.1429,3
T-114502,1,low,0.1429,2
T-114503,2,low,0.1176,3
T-114504,1,mid,0.1064,1
T-114505,2,low,0.1611,1
T-114506,0,mid,0.1159,2
T-114507,1,mid,0.0659,2
T-114508,0,low,0.1765,3
T-114509,0,low,0.0,3
T-114510,1,none,0.0926,3
T-114511,7,mid,0.1447,3
T-114512,0,mid,0.0,1
T-114513,0,low,0.0,3
T-114514,0,low,0.0,3
T-114515,1,none,0.1064,2
T-114516,5,low,0.1196,2
T-114517,1,high,0.1064,3
T-114518,0,mid,0.04,3
T-114519,3,low,0.1412,1
T-114520,0,mid,0.0741,3
T-114521,1,mid,0.0773,3
T-114522,0,mid,0.0,1
T-114523,1,low,0.1579,1
T-114524,0,mid,0.2,1
T-114525,3,none,0.2121,3
T-114526,1,mid,0.0256,3
T-114527,0,low,0.0385,1
T-114528,14,mid,0.338,1
T-114529,0,low,0.2,1
T-114530,1,mid,0.0526,3
T-114531,3,mid,0.1654,1
T-114532,0,low,0.0,3
T-114533,0,none,0.0,2
T-114534,0,mid,0.3077,1
T-114535,1,none,0.1667,1
T-114536,0,high,0.0526,3
T-114537,0,mid,0.0,3
T-114538,15,low,0.338,1
T-114539,0,mid,0.0455,1
T-114540,2,mid,0.0783,2
T-114541,0,high,0.0345,3
T-114542,3,mid,0.1015,3
T-114543,0,low,0.1429,3
T-114544,1,none,0.1429,3
T-114545,0,mid,0.1515,1
T-114546,1,low,0.1667,2
T-114547,0,high,0.129,1
T-114548,0,mid,0.0938,3
T-114549,1,mid,0.1978,1
T-114550,0,mid,0.1111,2
T-114551,0,mid,0.1714,3
T-114552,0,mid,0.0,1
T-114553,0,low,0.0,2
T-114554,0,low,0.125,3
T-114555,1,mid,0.1778,1
T-114556,1,mid,0.1169,1
T-114557,0,low,0.0,2
T-114558,0,mid,0.0471,1
T-114559,1,mid,0.1905,2
T-114560,1,mid,0.02,2
T-114561,0,high,0.0385,2
T-114562,0,mid,0.0,2
T-114563,1,mid,0.0571,2
T-114564,0,mid,0.0,2
T-114565,0,mid,0.0,3
T-114566,1,high,0.0926,3
T-114567,0,low,0.1,3
T-114568,1,low,0.1169,3
T-114569,1,none,0.02,2
T-114570,0,mid,0.0222,2
T-114571,3,mid,0.1654,2
T-114572,0,mid,0.0556,3
T-114573,1,high,0.1538,1
T-114574,0,none,0.0667,3
T-114575,0,mid,0.0851,3
T-114576,0,high,0.2667,1
T-114577,0,none,0.1818,2
T-114578,1,none,0.0773,3
T-114579,3,mid,0.1778,3
T-114580,2,mid,0.1074,1
T-114581,0,low,0.0,2
T-114582,0,high,0.025,3
T-114583,0,mid,0.0909,3
T-114584,1,high,0.0935,3
T-114585,2,mid,0.0783,3
T-114586,0,mid,0.0476,3
T-114587,0,mid,0.0741,2
T-114588,0,mid,0.25,1
T-114589,1,low,0.2128,2
T-114590,1,none,0.1515,3
T-114591,2,mid,0.0893,1
T-114592,0,mid,0.0833,3
T-114593,0,mid,0.0588,2
T-114594,1,mid,0.069,3
T-114595,0,mid,0.0959,3
T-114596,2,mid,0.1515,1
T-114597,3,high,0.1412,3
T-114598,0,mid,0.0526,2
T-114599,0,mid,0.08,2
T-114600,0,mid,0.0909,1
T-114601,0,mid,0.087,2
T-114602,0,mid,0.0,1
T-114603,2,mid,0.1611,1
T-114604,0,mid,0.1159,3
T-114605,2,high,0.1667,3
T-114606,2,low,0.1111,2
T-114607,2,high,0.2208,3
T-114608,1,none,0.02,2
T-114609,3,high,0.0784,3
T-114610,16,mid,0.338,3
T-114611,0,mid,0.0588,2
T-114612,0,high,0.0323,3
T-114613,0,none,0.0625,1
T-114614,0,low,0.0638,3
T-114615,1,none,0.1481,3
T-114616,2,high,0.0783,2
T-114617,1,mid,0.0339,3
T-114618,0,high,0.1538,3
T-114619,2,mid,0.3061,1
T-114620,1,mid,0.0659,1
T-114621,0,high,0.0,2
T-114622,1,mid,0.2128,1
T-114623,3,high,0.0784,2
T-114624,1,low,0.1316,1
T-114625,9,high,0.3401,3
T-114626,0,low,0.3,3
T-114627,0,low,0.1429,3
T-114628,1,none,0.163,2
T-114629,0,mid,0.0541,1
T-114630,0,none,0.0,1
T-114631,0,none,0.0,1
T-114632,0,low,0.0392,2
T-114633,1,low,0.3333,2
T-114634,0,mid,0.08,3
T-114635,0,none,0.1429,1
T-114636,0,high,0.1277,2
T-114637,1,high,0.1389,3
T-114638,0,low,0.0,2
T-114639,1,high,0.0471,3
T-114640,2,mid,0.1515,3
T-114641,0,mid,0.1333,2
T-114642,3,none,0.1074,3
T-114643,0,low,0.2,1
T-114644,2,mid,0.213,3
T-114645,4,mid,0.3333,3
T-114646,1,mid,0.1429,3
T-114647,0,mid,0.0,2
T-114648,16,mid,0.338,2
T-114649,0,mid,0.0222,3
T-114650,1,mid,0.0959,3
T-114651,0,mid,0.0851,1
T-114652,0,mid,0.0,3
T-114653,0,low,0.0,2
T-114654,0,mid,0.0455,1
T-114655,2,mid,0.1216,2
T-114656,1,low,0.0403,3
T-114657,2,high,0.2208,2
T-114658,0,mid,0.1,3
T-114659,1,mid,0.0403,2
T-114660,0,high,0.0,3
T-114661,0,low,0.2083,3
T-114662,0,high,0.0256,3
T-114663,4,high,0.3333,3
T-114664,0,mid,0.1,1
T-114665,0,mid,0.1159,3
T-114666,1,high,0.1176,3
T-114667,2,mid,0.1667,2
T-114668,0,low,0.2,2
T-114669,0,mid,0.1304,3
T-114670,3,mid,0.1472,3
T-114671,0,mid,0.0851,2
T-114672,0,low,0.0833,2
T-114673,1,low,0.0769,2
T-114674,2,none,0.16,3
T-114675,0,mid,0.0,3
T-114676,0,mid,0.3478,1
T-114677,0,mid,0.0222,2
T-114678,0,low,0.1,3
T-114679,0,low,0.0,2
T-114680,0,mid,0.1429,1
T-114681,0,low,0.025,3
T-114682,0,low,0.1667,2
T-114683,0,mid,0.0411,2
T-114684,1,mid,0.1515,2
T-114685,3,mid,0.1611,3
T-114686,0,mid,0.1667,3
T-114687,0,mid,0.125,3
T-114688,0,none,0.0,3
T-114689,0,mid,0.0476,2
T-114690,0,none,0.0263,3
T-114691,1,mid,0.0935,3
T-114692,0,mid,0.0909,3
T-114693,2,mid,0.3684,1
T-114694,1,mid,0.069,2
T-114695,0,mid,0.0625,2
T-114696,0,mid,0.25,3
T-114697,0,mid,0.0,3
T-114698,1,high,0.0959,1
T-114699,1,mid,0.0403,3
T-114700,3,mid,0.1015,1
T-114701,0,high,0.2308,1
T-114702,0,none,0.0333,3
T-114703,1,mid,0.0773,2
T-114704,7,high,0.1447,3
T-114705,1,mid,0.1778,3
T-114706,3,high,0.1015,2
T-114707,1,mid,0.0759,3
T-114708,1,low,0.1333,3
T-114709,0,low,0.0,2
T-114710,3,mid,0.0784,2
T-114711,0,low,0.1333,3
T-114712,0,mid,0.0,1
T-114713,0,mid,0.0938,3
T-114714,1,low,0.0403,3
T-114715,0,mid,0.1,2
T-114716,0,high,0.0588,3
T-114717,3,high,0.1667,1
T-114718,0,low,0.0417,3
T-114719,0,high,0.3333,3
T-114720,1,mid,0.0773,3
T-114721,1,mid,0.2963,1
T-114722,0,low,0.0,3
T-114723,1,low,0.0935,3
T-114724,1,low,0.1746,3
T-114725,1,high,0.0403,1
T-114726,0,none,0.0455,3
T-114727,0,high,0.0,3
T-114728,0,mid,0.0851,3
T-114729,0,high,0.0417,2
T-114730,0,low,0.0,3
T-114731,0,low,0.0909,3
T-114732,3,mid,0.0784,2
T-114733,1,mid,0.129,1
T-114734,3,none,0.1412,1
T-114735,0,low,0.3333,1
T-114736,0,low,0.0,3
T-114737,1,mid,0.1064,3
T-114738,3,mid,0.3896,1
T-114739,3,high,0.12,2
T-114740,0,mid,0.1556,1
T-114741,2,mid,0.16,1
T-114742,0,mid,0.0,2
T-114743,2,none,0.2208,3
T-114744,1,mid,0.3578,1
T-114745,1,low,0.1923,3
T-114746,1,low,0.1905,2
T-114747,3,low,0.12,3
T-114748,1,mid,0.0789,3
T-114749,1,high,0.0943,3
T-114750,16,mid,0.338,2
T-114751,0,mid,0.1355,2
T-114752,2,none,0.16,2
T-114753,1,mid,0.0759,1
T-114754,0,mid,0.1538,2
T-114755,0,high,0.0541,1
T-114756,4,high,0.3896,2
T-114757,0,none,0.2,3
T-114758,1,none,0.0714,3
T-114759,1,mid,0.0698,3
T-114760,1,mid,0.2727,3
T-114761,3,mid,0.3684,1
T-114762,1,mid,0.0759,3
T-114763,1,low,0.1176,3
T-114764,1,mid,0.1429,1
T-114765,0,mid,0.1333,2
T-114766,0,low,0.0,2
T-114767,0,high,0.1429,2
T-114768,0,mid,0.0851,3
T-114769,0,mid,0.2,1
T-114770,1,mid,0.0959,3
T-114771,2,mid,0.3578,2
T-114772,0,none,0.0526,2
T-114773,0,high,0.0345,3
T-114774,4,mid,0.6667,2
T-114775,0,low,0.1039,3
T-114776,0,mid,0.0333,3
T-114777,0,none,0.0,1
T-114778,0,mid,,1
T-114779,1,mid,0.1311,3
T-114780,7,none,0.3401,2
T-114781,0,mid,0.0,2
T-114782,0,none,0.0,2
T-114783,1,low,0.1333,3
T-114784,0,mid,0.0938,2
T-114785,0,mid,0.0,3
T-114786,1,low,0.0769,2
T-114787,3,none,0.1472,3
T-114788,1,low,0.0566,2
T-114789,1,none,0.0769,3
T-114790,1,mid,0.1064,3
T-114791,0,none,0.1765,2
T-114792,0,low,0.0,3
T-114793,0,mid,0.0,1
T-114794,0,low,0.0,1
T-114795,0,low,0.3333,3
T-114796,2,mid,0.213,3
T-114797,0,none,0.0,3
T-114798,0,mid,0.0488,3
T-114799,2,high,0.0893,1
T-114800,0,mid,0.0909,3
T-114801,0,none,0.2308,1
T-114802,2,high,0.2208,1
T-114803,3,low,0.0784,3
T-114804,0,low,0.0,2
T-114805,0,mid,0.4,1
T-114806,0,mid,0.0909,2
T-114807,0,mid,0.0333,3
T-114808,0,none,0.0,3
T-114809,0,none,0.0,3
T-114810,8,low,0.2372,2
T-114811,0,mid,0.2857,3
T-114812,3,mid,0.1015,1
T-114813,0,high,0.0,3
T-114814,2,mid,0.2121,3
T-114815,0,mid,0.1818,3
T-114816,0,none,0.1,3
T-114817,0,high,0.1538,3
T-114818,1,mid,0.1746,3
T-114819,0,mid,0.1714,3
T-114820,3,mid,0.1074,1
T-114821,6,mid,0.1849,2
T-114822,0,low,0.25,3
T-114823,3,none,0.1074,1
T-114824,1,mid,0.0471,1
T-114825,1,none,0.3636,2
T-114826,2,none,0.0781,3
T-114827,2,mid,0.1417,2
T-114828,0,none,0.1538,2
T-114829,0,mid,0.0625,3
T-114830,1,none,0.0952,3
T-114831,1,mid,0.1515,2
T-114832,4,high,0.1277,2
T-114833,1,low,0.3125,1
T-114834,0,none,0.1,2
T-114835,1,low,0.0935,3
T-114836,0,low,0.0385,3
T-114837,0,none,0.0392,2
T-114838,2,mid,0.3061,2
T-114839,1,mid,0.1556,3
T-114840,1,high,0.1071,2
T-114841,0,mid,0.0488,3
T-114842,1,low,0.25,1
T-114843,0,mid,0.25,2
T-114844,0,none,0.0667,2
T-114845,1,none,0.0339,2
T-114846,3,high,0.1429,1
T-114847,1,low,0.0476,3
T-114848,7,mid,0.2372,2
T-114849,0,none,0.1111,3
T-114850,1,high,0.2027,3
T-114851,2,mid,0.3061,1
T-114852,0,mid,0.0,3
T-114853,0,high,0.0435,3
T-114854,4,mid,0.1015,3
T-114855,1,mid,0.0759,2
T-114856,0,none,0.1818,3
T-114857,1,mid,0.0339,1
T-114858,0,none,0.0,2
T-114859,15,mid,0.338,3
T-114860,1,none,0.0943,2
T-114861,0,mid,0.1355,2
T-114862,0,none,0.1364,3
T-114863,1,mid,0.0759,3
T-114864,0,high,0.1333,1
T-114865,1,mid,0.1746,3
T-114866,0,low,0.0,3
T-114867,0,high,0.0323,3
T-114868,3,high,0.1081,1
T-114869,0,none,0.3846,2
T-114870,1,none,0.375,3
T-114871,0,mid,0.0,2
T-114872,1,mid,0.0471,3
T-114873,4,high,0.1015,1
T-114874,0,high,0.1299,1
T-114875,2,low,0.2963,3
T-114876,2,low,0.1111,3
T-114877,0,mid,0.0,3
T-114878,0,high,0.0,2
T-114879,1,mid,0.3077,3
T-114880,0,none,0.25,3
T-114881,3,mid,0.2208,3
T-114882,2,mid,0.1316,1
T-114883,0,mid,0.0,3
T-114884,0,low,0.1053,3
T-114885,4,mid,0.3881,1
T-114886,1,mid,0.0403,1
T-114887,1,mid,0.1379,3
T-114888,4,mid,0.1818,3
T-114889,0,low,0.0526,3
T-114890,0,mid,0.0,3
T-114891,7,high,0.3401,3
T-114892,0,none,0.0,2
T-114893,15,none,0.338,1
T-114894,2,mid,0.1176,2
T-114895,1,mid,0.1515,3
T-114896,1,mid,0.1746,3
T-114897,0,mid,0.04,3
T-114898,0,mid,0.0588,3
T-114899,1,mid,0.15,1
T-114900,7,high,0.2372,3
T-114901,1,high,0.0256,2
T-114902,1,high,0.1169,3
T-114903,2,mid,0.3125,1
T-114904,1,low,0.1515,1
T-114905,1,mid,0.0698,3
T-114906,0,low,0.1111,2
T-114907,1,mid,0.25,3
T-114908,0,low,0.0625,1
T-114909,0,low,0.1355,3
T-114910,0,low,0.0455,3
T-114911,0,mid,0.0938,3
T-114912,0,mid,0.1333,2
T-114913,0,mid,0.1667,3
T-114914,0,none,0.1333,2
T-114915,1,mid,0.1515,3
T-114916,1,low,0.1071,1
T-114917,0,low,0.1111,1
T-114918,0,low,0.0,1
T-114919,0,high,0.1765,3
T-114920,0,mid,0.2222,2
T-114921,4,high,0.3684,3
T-114922,0,mid,0.0,3
T-114923,4,mid,0.1277,2
T-114924,4,mid,0.1818,3
T-114925,0,mid,0.125,2
T-114926,0,low,0.0,3
T-114927,3,mid,0.2671,1
T-114928,0,low,0.0256,3
T-114929,0,high,0.0833,2
T-114930,2,low,0.1176,3
T-114931,1,low,0.1299,3
T-114932,1,low,0.0645,2
T-114933,4,none,0.3896,3
T-114934,0,mid,0.0345,3
T-114935,3,mid,0.1412,2
T-114936,0,mid,0.0759,3
T-114937,0,mid,0.1429,2
T-114938,0,mid,0.0392,3
T-114939,0,mid,0.0,3
T-114940,1,mid,0.2195,2
T-114941,1,mid,0.02,2
T-114942,0,mid,0.0,2
T-114943,0,low,0.125,3
T-114944,0,high,0.0,2
T-114945,1,low,0.0,2
T-114946,1,mid,0.1169,3
T-114947,1,none,0.4,3
T-114948,0,mid,0.0625,3
T-114949,1,mid,0.1556,1
T-114950,0,mid,0.0392,1
T-114951,1,mid,0.1771,2
T-114952,0,mid,0.0,2
T-114953,2,low,0.3578,3
T-114954,5,mid,0.3881,1
T-114955,0,low,0.0,3
T-114956,0,mid,0.0,3
T-114957,1,low,0.0952,1
T-114958,2,mid,0.1654,1
T-114959,1,mid,0.0337,2
T-114960,4,high,0.2899,3
T-114961,15,mid,0.338,1
T-114962,0,low,0.25,1
T-114963,0,low,0.3333,2
T-114964,3,mid,0.1196,1
T-114965,2,mid,0.0781,3
T-114966,4,mid,0.1818,2
T-114967,0,mid,0.1429,3
T-114968,0,high,0.125,2
T-114969,0,mid,0.1818,2
T-114970,0,none,0.0,3
T-114971,0,none,0.0333,3
T-114972,0,mid,0.4211,3
T-114973,1,mid,0.1818,3
T-114974,0,mid,0.0,3
T-114975,1,low,0.1429,2
T-114976,1,none,0.2093,3
T-114977,0,mid,0.0759,3
T-114978,0,low,0.1071,3
T-114979,1,high,0.1429,1
T-114980,0,none,0.6,1
T-114981,1,mid,0.1515,1
T-114982,0,none,0.0773,2
T-114983,0,mid,0.1053,2
T-114984,1,high,0.1169,2
T-114985,1,none,0.0659,1
T-114986,0,low,0.1011,2
T-114987,2,mid,0.1472,1
T-114988,0,mid,0.0411,3
T-114989,1,mid,0.2093,1
T-114990,1,none,0.2027,2
T-114991,2,none,0.1417,3
T-114992,0,low,0.0,2
T-114993,2,none,0.1216,3
T-114994,7,low,0.2372,3
T-114995,1,low,0.0541,1
T-114996,1,mid,0.0566,2
T-114997,3,none,0.0784,1
T-114998,0,low,0.0,3
T-114999,5,mid,0.1849,2
T-115000,1,mid,0.1923,3
T-115001,0,none,0.04,1
T-115002,0,low,0.25,1
T-115003,0,mid,0.0759,3
T-115004,0,mid,0.025,3
T-115005,2,mid,0.0781,1
T-115006,5,mid,0.1015,1
T-115007,1,mid,0.0,3
T-115008,1,low,0.0769,3
T-115009,0,mid,0.1429,1
T-115010,0,mid,0.1714,3
T-115011,0,mid,0.125,1
T-115012,0,low,0.0403,3
T-115013,3,mid,0.0893,2
T-115014,3,high,0.1412,3
T-115015,0,mid,0.0,2
T-115016,0,mid,0.0,2
T-115017,0,none,0.0,2
T-115018,3,mid,0.2208,2
T-115019,0,high,0.0759,2
T-115020,0,low,0.0,2
T-115021,0,high,0.1039,1
T-115022,0,mid,0.0,1
T-115023,0,mid,0.0333,3
T-115024,1,none,0.2857,3
T-115025,0,high,0.0741,1
T-115026,0,low,0.0,2
T-115027,2,mid,0.1429,3
T-115028,0,mid,0.0,3
T-115029,0,mid,0.1053,3
T-115030,3,mid,0.1654,3
T-115031,0,high,0.0667,3
T-115032,0,none,0.0759,3
T-115033,0,none,0.1333,2
T-115034,0,mid,0.0,3
T-115035,3,mid,0.2671,1
T-115036,5,mid,0.1015,3
T-115037,1,mid,0.1429,3
T-115038,1,high,0.1771,3
T-115039,3,high,0.0781,2
T-115040,0,mid,0.0476,2
T-115041,0,mid,0.0,3
T-115042,2,mid,0.1176,2
T-115043,0,none,0.0,2
T-115044,0,mid,0.0392,2
T-115045,1,mid,0.0571,3
T-115046,1,mid,0.1,2
T-115047,0,none,0.1355,1
T-115048,0,mid,0.0,2
T-115049,3,low,0.1654,2
T-115050,2,mid,0.1611,3
T-115051,0,mid,,3
T-115052,2,mid,0.3578,1
T-115053,0,mid,0.125,1
T-115054,0,mid,0.1,2
T-115055,0,low,0.0,2
T-115056,0,none,0.0,2
T-115057,3,mid,0.1654,2
T-115058,0,low,0.1765,3
T-115059,1,high,0.25,1
T-115060,1,none,0.0926,3
T-115061,1,none,0.1429,1
T-115062,4,high,0.1849,3
T-115063,0,low,0.2727,2
T-115064,0,none,0.0588,3
T-115065,0,low,0.0,2
T-115066,0,high,0.0519,1
T-115067,0,mid,0.3,3
T-115068,7,low,0.3401,3
T-115069,0,mid,0.0,3
T-115070,0,mid,0.1111,2
T-115071,0,none,0.0455,2
T-115072,0,mid,0.1159,3
T-115073,3,high,0.1667,1
T-115074,0,high,0.1739,3
T-115075,0,low,0.2,3
T-115076,1,low,0.129,2
T-115077,0,low,0.0773,3
T-115078,16,mid,0.338,1
T-115079,1,high,0.1429,3
T-115080,0,mid,0.0403,2
T-115081,1,mid,0.0476,3
T-115082,6,mid,0.3881,2
T-115083,2,none,0.2059,3
T-115084,0,mid,,1
T-115085,0,mid,0.163,3
T-115086,0,low,0.25,1
T-115087,0,low,0.1429,3
T-115088,0,low,0.0588,2
T-115089,0,mid,0.0,2
T-115090,2,mid,0.125,3
T-115091,0,low,0.2857,1
T-115092,5,high,0.1015,3
T-115093,0,high,0.0,3
T-115094,0,mid,0.0455,3
T-115095,0,low,0.1818,3
T-115096,1,none,0.2027,1
T-115097,1,mid,0.1064,2
T-115098,0,low,0.0,2
T-115099,2,mid,0.1417,3
T-115100,3,mid,0.1818,3
T-115101,3,low,0.1472,2
T-115102,2,low,0.1176,1
T-115103,0,high,0.0222,1
T-115104,0,low,0.0,2
T-115105,0,mid,0.0625,3
T-115106,0,mid,0.125,1
T-115107,0,mid,0.0333,2
T-115108,0,mid,0.3333,2
T-115109,3,low,0.1429,3
T-115110,0,low,0.1111,2
T-115111,0,mid,0.0345,3
T-115112,0,none,0.0,3
T-115113,2,mid,0.1316,3
T-115114,0,mid,0.1277,2
T-115115,0,none,0.1538,2
T-115116,0,low,0.0339,1
T-115117,0,mid,0.1053,3
T-115118,0,mid,0.1765,2
T-115119,1,none,0.2667,3
T-115120,0,none,0.2857,1
T-115121,0,low,0.0,3
T-115122,2,high,0.1074,2
T-115123,1,mid,0.1311,3
T-115124,0,low,0.0,1
T-115125,0,mid,0.1538,1
T-115126,0,mid,0.125,3
T-115127,1,low,0.3333,2
T-115128,2,mid,0.213,3
T-115129,1,low,0.3478,1
T-115130,1,mid,0.125,2
T-115131,0,mid,0.2,3
T-115132,3,low,0.1472,3
T-115133,0,mid,0.0345,3
T-115134,0,mid,0.2,3
T-115135,0,mid,0.0411,1
T-115136,1,none,0.1818,2
T-115137,1,none,0.1311,3
T-115138,0,mid,0.1355,2
T-115139,2,mid,0.25,3
T-115140,6,mid,0.3881,3
T-115141,2,high,0.1556,1
T-115142,1,mid,0.1333,2
T-115143,0,high,0.0588,3
T-115144,0,low,0.12,1
T-115145,1,mid,0.0943,1
T-115146,0,none,0.0,3
T-115147,1,none,0.0526,2
T-115148,0,mid,0.0909,3
T-115149,0,high,0.1429,1
T-115150,1,low,0.1429,3
T-115151,1,none,0.02,2
T-115152,0,mid,0.125,2
T-115153,1,mid,0.0789,3
T-115154,1,mid,0.4,1
T-115155,0,none,0.1,3
T-115156,0,mid,0.0526,2
T-115157,1,none,0.0625,3
T-115158,0,high,0.0667,1
T-115159,0,mid,,1
T-115160,0,high,0.0345,3
T-115161,2,mid,0.1611,2
T-115162,0,mid,0.0411,3
T-115163,1,none,0.125,3
T-115164,0,mid,0.0,3
T-115165,0,high,0.0588,3
T-115166,0,mid,0.1351,1
T-115167,5,mid,0.1015,3
T-115168,0,low,0.0392,3
T-115169,1,high,0.1481,2
T-115170,0,mid,0.0,3
T-115171,0,none,0.4,2
T-115172,1,mid,0.0959,1
T-115173,0,high,0.0339,1
T-115174,0,none,0.0222,2
T-115175,0,low,0.1071,1
T-115176,0,mid,0.0,2
T-115177,0,low,1.0,1
T-115178,3,mid,0.12,3
T-115179,0,mid,0.0,1
T-115180,0,low,0.1429,2
T-115181,0,none,0.0588,3
T-115182,0,mid,0.1355,2
T-115183,0,low,0.0723,3
T-115184,0,mid,0.3846,1
T-115185,0,none,0.2941,1
T-115186,0,mid,0.1765,1
T-115187,2,mid,0.1611,2
T-115188,0,mid,0.0333,2
T-115189,3,high,0.3061,1
T-115190,1,low,0.0519,2
T-115191,3,mid,0.1667,3
T-115192,2,mid,0.1216,1
T-115193,0,low,0.4,1
T-115194,1,none,0.1765,1
T-115195,0,low,0.0,1
T-115196,0,mid,0.0833,2
T-115197,0,low,0.1429,3
T-115198,1,high,0.2195,3
T-115199,2,high,0.1429,2
T-115200,3,high,0.0781,1
T-115201,0,low,0.2381,1
T-115202,0,mid,0.0256,2
T-115203,0,mid,0.1667,2
T-115204,4,mid,0.3896,1
T-115205,0,mid,0.0411,3
T-115206,0,mid,0.3125,3
T-115207,0,high,0.1333,1
T-115208,3,mid,0.2671,1
T-115209,3,none,0.1654,3
T-115210,1,none,0.1299,3
T-115211,1,mid,0.1978,1
T-115212,0,mid,0.375,3
T-115213,0,low,0.0455,1
T-115214,2,mid,0.3333,3
T-115215,0,low,0.0625,2
T-115216,16,mid,0.338,1
T-115217,0,mid,,1
T-115218,0,mid,0.0455,2
T-115219,0,mid,0.0,2
T-115220,1,none,0.1778,3
T-115221,0,none,0.0294,2
T-115222,0,mid,0.0,3
T-115223,0,mid,0.1429,2
T-115224,0,low,0.0385,3
T-115225,0,mid,0.0,3
T-115226,0,low,0.0952,1
T-115227,1,low,0.0625,3
T-115228,0,mid,0.1923,1
T-115229,1,mid,0.1771,3
T-115230,2,mid,0.1417,2
T-115231,0,high,0.3,3
T-115232,1,mid,0.1299,3
T-115233,2,high,0.1216,1
T-115234,0,mid,0.0,3
T-115235,0,mid,0.1355,3
T-115236,1,mid,0.2,3
T-115237,0,mid,0.3333,1
T-115238,0,none,0.125,1
T-115239,0,mid,0.1111,2
T-115240,2,mid,0.25,1
T-115241,0,mid,0.0526,3
T-115242,0,mid,0.0,3
T-115243,1,mid,0.0943,3
T-115244,0,low,0.3333,3
T-115245,1,low,0.0741,3
T-115246,1,high,0.1,3
T-115247,2,mid,0.1216,2
T-115248,1,none,0.0625,3
T-115249,0,mid,0.3125,1
T-115250,2,high,0.1611,1
T-115251,4,none,0.1277,3
T-115252,0,high,0.0,1
T-115253,0,mid,0.0303,3
T-115254,0,none,0.0625,3
T-115255,0,mid,0.0645,2
T-115256,1,mid,0.2941,1
T-115257,0,none,0.1111,2
T-115258,0,mid,0.0,1
T-115259,0,high,0.0588,2
T-115260,0,low,0.0938,3
T-115261,0,none,0.2727,3
T-115262,5,high,0.3401,2
T-115263,0,mid,0.1333,2
T-115264,0,low,0.0755,2
T-115265,0,mid,0.0,3
T-115266,0,low,0.163,1
T-115267,2,mid,0.25,2
T-115268,5,none,0.3896,2
T-115269,2,mid,0.0781,3
T-115270,0,mid,0.1,2
T-115271,0,mid,0.2381,1
T-115272,2,mid,0.1316,3
T-115273,0,mid,0.0,2
T-115274,0,mid,0.0606,2
T-115275,0,low,0.0556,3
T-115276,0,mid,0.4211,2
T-115277,0,low,0.0,2
T-115278,2,mid,0.1538,2
T-115279,0,mid,0.1818,3
T-115280,1,low,0.129,2
T-115281,0,low,0.04,3
T-115282,0,mid,0.0,2
T-115283,1,high,0.0698,1
T-115284,0,low,0.1355,1
T-115285,3,low,0.1818,3
T-115286,0,low,0.375,3
T-115287,0,low,0.2857,2
T-115288,0,none,0.3077,1
T-115289,2,mid,0.1667,3
T-115290,1,none,0.1064,2
T-115291,1,high,0.0,1
T-115292,1,low,0.1111,3
T-115293,0,mid,,1
T-115294,0,mid,0.0667,3
T-115295,1,mid,0.3125,1
T-115296,0,high,0.0759,3
T-115297,0,mid,0.1818,2
T-115298,0,mid,0.5,3
T-115299,0,high,0.0,1
T-115300,0,mid,0.0,1
T-115301,0,low,0.0741,2
T-115302,1,high,0.1978,3
T-115303,1,high,0.2308,1
T-115304,1,low,0.129,2
T-115305,0,low,0.1333,1
T-115306,2,mid,0.1074,3
T-115307,2,mid,0.1216,1
T-115308,3,low,0.0784,2
T-115309,0,mid,0.0,3
T-115310,0,high,0.0256,1
T-115311,0,none,0.1333,2
T-115312,0,low,0.0,3
T-115313,0,mid,0.25,2
T-115314,0,low,0.0541,3
T-115315,1,low,0.1064,3
T-115316,0,mid,0.2,3
T-115317,3,low,0.1472,2
T-115318,2,mid,0.12,2
T-115319,0,high,0.1159,1
T-115320,2,mid,0.0659,1
T-115321,0,low,0.0,2
T-115322,1,low,0.1667,3
T-115323,0,mid,0.0385,3
T-115324,0,mid,0.0,3
T-115325,1,mid,0.1978,1
T-115326,1,none,0.0471,3
T-115327,0,mid,0.0,3
T-115328,0,low,0.0417,3
T-115329,0,mid,0.0403,2
T-115330,1,mid,0.1429,3
T-115331,0,high,0.0,1
T-115332,4,none,0.2899,1
T-115333,0,none,0.0385,3
T-115334,1,mid,0.2128,2
T-115335,0,low,0.1579,3
T-115336,0,low,0.125,2
T-115337,0,low,0.0606,3
T-115338,1,low,0.1176,1
T-115339,0,mid,0.0759,1
T-115340,1,mid,0.1081,3
T-115341,1,mid,0.3125,1
T-115342,0,mid,0.0,2
T-115343,1,high,0.1299,3
T-115344,0,mid,0.0,2
T-115345,0,mid,0.0,3
T-115346,0,low,0.1,2
T-115347,1,mid,0.1081,2
T-115348,0,mid,0.0,2
T-115349,0,high,0.0,1
T-115350,0,mid,0.0833,3
T-115351,1,none,0.0256,2
T-115352,1,low,0.02,1
T-115353,1,low,0.1169,1
T-115354,0,mid,0.125,3
T-115355,0,none,0.0645,3
T-115356,0,low,0.0714,1
T-115357,1,low,0.1,3
T-115358,0,low,0.0,3
T-115359,2,mid,0.1778,3
T-115360,0,high,0.0773,2
T-115361,0,low,0.0435,3
T-115362,0,mid,0.25,2
T-115363,15,high,0.338,3
T-115364,0,high,0.0645,3
T-115365,0,high,0.0926,3
T-115366,0,mid,0.1011,3
T-115367,0,low,0.0,3
T-115368,0,mid,0.1714,1
T-115369,0,low,0.0,3
T-115370,3,mid,0.3578,3
T-115371,3,high,0.1412,3
T-115372,2,high,0.1429,1
T-115373,4,low,0.2671,1
T-115374,6,none,0.1447,3
T-115375,0,low,0.0541,2
T-115376,0,none,0.0,1
T-115377,0,low,0.0,3
T-115378,1,mid,0.2093,2
T-115379,1,mid,0.0714,3
T-115380,2,none,0.0943,3
T-115381,0,low,0.0714,2
T-115382,0,high,0.0909,3
T-115383,0,none,0.0,2
T-115384,0,mid,0.0263,2
T-115385,1,mid,0.02,3
T-115386,5,mid,0.1015,3
T-115387,0,low,0.1355,1
T-115388,0,low,0.0,2
T-115389,1,low,0.12,3
T-115390,1,high,0.1176,3
T-115391,2,mid,0.1515,1
T-115392,1,high,0.1333,1
T-115393,0,mid,0.0625,2
T-115394,0,mid,0.0,2
T-115395,0,mid,0.1538,3
T-115396,2,high,0.1071,2
T-115397,3,mid,0.1081,3
T-115398,0,mid,0.0,2
T-115399,0,mid,0.1538,3
T-115400,0,high,0.0625,3
T-115401,15,none,0.338,3
T-115402,2,none,0.213,1
T-115403,3,high,0.3578,1
T-115404,1,mid,0.1333,3
T-115405,2,none,0.1429,3
T-115406,2,high,0.1176,3
T-115407,0,none,0.0,3
T-115408,0,mid,0.125,1
T-115409,1,mid,0.0541,2
T-115410,0,low,0.0,1
T-115411,4,mid,0.1216,2
T-115412,1,mid,0.163,2
T-115413,6,mid,0.1447,3
T-115414,0,mid,0.0,3
T-115415,0,low,0.1379,3
T-115416,4,mid,0.1216,1
T-115417,0,low,0.0,2
T-115418,1,high,0.3478,3
T-115419,1,low,0.0645,3
T-115420,0,mid,0.0345,2
T-115421,1,mid,0.1064,2
T-115422,0,low,0.1818,2
T-115423,1,mid,0.0519,3
T-115424,2,low,0.2941,2
T-115425,2,high,0.0781,2
T-115426,0,mid,0.0759,3
T-115427,2,low,0.0959,3
T-115428,0,mid,0.0263,3
T-115429,0,mid,0.0,3
T-115430,0,none,0.0,2
T-115431,0,low,0.0,2
T-115432,1,high,0.1429,1
T-115433,0,low,0.1818,1
T-115434,0,none,0.0,3
T-115435,0,mid,0.1,3
T-115436,4,mid,0.3061,2
T-115437,0,mid,0.25,1
T-115438,2,mid,0.0959,2
T-115439,0,mid,0.0222,1
T-115440,1,mid,0.2128,1
T-115441,0,low,0.0,3
T-115442,0,low,0.0,2
T-115443,2,mid,0.0959,2
T-115444,2,mid,0.1515,1
T-115445,0,low,0.0,3
T-115446,0,none,0.0455,3
T-115447,0,low,0.0333,3
T-115448,0,mid,0.0556,3
T-115449,0,low,0.0,3
T-115450,0,mid,0.0403,3
T-115451,0,mid,0.069,1
T-115452,1,high,0.1714,2
T-115453,0,high,0.0345,2
T-115454,0,low,0.1333,1
T-115455,1,high,0.0783,2
T-115456,1,low,0.0935,1
T-115457,0,mid,0.0,2
T-115458,0,low,0.0588,2
T-115459,0,mid,0.0339,2
T-115460,0,mid,0.0,2
T-115461,0,mid,0.0741,3
T-115462,1,low,0.0541,2
T-115463,3,mid,0.0659,3
T-115464,2,none,0.0943,3
T-115465,1,none,0.1778,1
T-115466,3,high,0.1818,1
T-115467,0,mid,0.0222,2
T-115468,0,low,0.0,1
T-115469,1,mid,0.1515,1
T-115470,0,mid,0.0,2
T-115471,5,high,0.3401,1
T-115472,1,low,0.2174,3
T-115473,0,mid,0.0417,2
T-115474,0,low,0.0833,2
T-115475,0,none,0.0625,2
T-115476,1,none,0.2273,3
T-115477,0,low,0.0,2
T-115478,1,mid,0.1064,3
T-115479,1,none,0.0935,3
T-115480,0,low,0.1667,1
T-115481,0,mid,0.1915,2
T-115482,0,mid,0.0588,3
T-115483,5,mid,0.1015,2
T-115484,1,mid,0.2308,1
T-115485,0,mid,0.0588,1
T-115486,1,mid,0.2381,3
T-115487,2,high,0.3125,3
T-115488,1,mid,0.1299,3
T-115489,1,high,0.1299,1
T-115490,0,mid,0.0714,3
T-115491,2,high,0.1333,2
T-115492,2,mid,0.1277,3
T-115493,1,mid,0.2308,3
T-115494,0,high,0.3333,1
T-115495,0,low,0.0,2
T-115496,2,mid,0.25,3
T-115497,0,high,0.0263,3
T-115498,5,low,0.3881,1
T-115499,0,high,0.125,1
T-115500,0,low,0.0403,3
T-115501,0,low,0.0,3
T-115502,0,mid,0.2,2
T-115503,0,none,0.0759,3
T-115504,1,mid,0.163,2
T-115505,5,high,0.3896,2
T-115506,0,none,0.1071,3
T-115507,0,mid,0.0,3
T-115508,1,low,0.2174,2
T-115509,4,mid,0.3061,2
T-115510,1,high,0.15,2
T-115511,3,mid,0.1611,3
T-115512,1,none,0.1176,1
T-115513,0,mid,0.0773,1
T-115514,0,low,0.0,3
T-115515,5,mid,0.1447,2
T-115516,0,mid,0.0,2
T-115517,0,mid,0.0,3
T-115518,0,mid,0.0,3
T-115519,0,high,0.0417,2
T-115520,0,none,0.0,3
T-115521,2,high,0.213,3
T-115522,0,low,0.1176,1
T-115523,5,mid,0.3401,2
T-115524,1,low,0.1034,3
T-115525,2,low,0.1333,2
T-115526,0,mid,0.1481,3
T-115527,0,mid,0.1818,1
T-115528,0,none,0.0,3
T-115529,2,mid,0.1277,3
T-115530,1,mid,0.4,3
T-115531,0,mid,0.08,1
T-115532,0,mid,0.0741,3
T-115533,0,mid,0.1304,2
T-115534,12,mid,0.338,2
T-115535,0,mid,0.0,1
T-115536,0,low,0.0759,3
T-115537,12,low,0.338,1
T-115538,2,mid,0.1429,3
T-115539,1,low,0.0935,2
T-115540,1,high,0.1039,3
T-115541,0,low,0.1011,2
T-115542,3,none,0.1611,3
T-115543,1,low,0.1,2
T-115544,2,none,0.213,2
T-115545,0,low,0.02,2
T-115546,0,none,0.0,2
T-115547,0,high,0.2778,1
T-115548,1,mid,0.1311,3
T-115549,0,mid,0.2857,1
T-115550,0,low,0.1429,1
T-115551,0,low,0.0455,2
T-115552,2,none,0.1538,2
T-115553,2,mid,0.2121,1
T-115554,0,low,0.0,3
T-115555,3,mid,0.1849,1
T-115556,0,low,0.0455,3
T-115557,0,none,0.0488,3
T-115558,13,mid,0.338,1
T-115559,0,mid,0.0,3
T-115560,0,high,0.0588,3
T-115561,0,low,0.3,1
T-115562,2,low,0.1515,1
T-115563,0,mid,0.0638,2
T-115564,1,none,0.0,3
T-115565,4,low,0.1447,3
T-115566,0,mid,0.05,3
T-115567,0,low,0.0,3
T-115568,0,mid,0.0222,1
T-115569,0,none,0.1417,2
T-115570,2,mid,0.0943,3
T-115571,3,low,0.1196,2
T-115572,0,low,0.3333,3
T-115573,0,mid,0.0411,2
T-115574,0,mid,0.0625,3
T-115575,1,high,0.1818,1
T-115576,4,mid,0.2671,2
T-115577,1,mid,0.0769,3
T-115578,0,mid,0.0714,3
T-115579,0,mid,0.125,3
T-115580,1,mid,0.0337,2
T-115581,0,low,0.0,3
T-115582,0,low,0.1111,1
T-115583,2,high,0.3684,1
T-115584,0,none,0.125,1
T-115585,3,mid,0.1611,3
T-115586,3,mid,0.0659,2
T-115587,1,mid,0.1176,2
T-115588,1,mid,0.0935,2
T-115589,0,mid,0.2857,1
T-115590,0,mid,0.0,2
T-115591,0,none,0.0714,1
T-115592,0,mid,0.1667,3
T-115593,0,low,0.1481,3
T-115594,0,mid,0.1011,2
T-115595,3,low,0.0659,1
T-115596,0,mid,0.1915,2
T-115597,0,none,0.0,3
T-115598,3,high,0.2208,1
T-115599,1,mid,0.15,1
T-115600,2,mid,0.16,1
T-115601,0,mid,0.2778,3
T-115602,1,mid,0.0256,1
T-115603,0,mid,0.0435,2
T-115604,0,high,0.0526,2
T-115605,0,low,0.0,3
T-115606,0,low,0.0,1
T-115607,0,mid,0.0,2
T-115608,3,mid,0.1472,3
T-115609,1,mid,0.129,1
T-115610,4,mid,0.2671,1
T-115611,1,low,0.1771,3
T-115612,0,none,0.0,1
T-115613,12,mid,0.338,2
T-115614,5,mid,0.3401,2
T-115615,2,high,0.1538,3
T-115616,0,mid,0.0,2
T-115617,0,none,0.0833,2
T-115618,4,mid,0.1849,2
T-115619,0,high,0.1417,3
T-115620,0,high,0.0,2
T-115621,0,none,0.1417,2
T-115622,1,low,0.1778,1
T-115623,3,mid,0.1196,1
T-115624,0,mid,0.0323,3
T-115625,0,mid,0.1818,3
T-115626,1,mid,0.1176,3
T-115627,1,mid,0.2027,3
T-115628,2,none,0.0893,3
T-115629,3,none,0.1611,1
T-115630,0,mid,0.0588,1
T-115631,0,mid,0.2,2
T-115632,0,low,0.0,3
T-115633,0,mid,0.0,2
T-115634,0,none,0.1429,2
T-115635,0,mid,0.0417,2
T-115636,0,low,0.0959,1
T-115637,0,low,0.1111,3
T-115638,3,none,0.1472,3
T-115639,5,high,0.3896,1
T-115640,0,low,0.1538,2
T-115641,0,high,0.4545,1
T-115642,1,high,0.1746,1
T-115643,0,low,0.0,2
T-115644,0,mid,0.0,3
T-115645,2,mid,0.2059,2
T-115646,0,mid,0.2222,2
T-115647,5,none,0.2671,3
T-115648,3,none,0.3578,3
T-115649,1,mid,0.4,1
T-115650,0,none,0.25,3
T-115651,0,mid,0.1071,3
T-115652,0,low,0.02,1
T-115653,12,none,0.338,2
T-115654,1,low,0.2027,3
T-115655,1,mid,0.15,2
T-115656,4,mid,0.1196,2
T-115657,4,mid,0.1447,1
T-115658,2,high,0.1074,3
T-115659,3,low,0.0784,3
T-115660,5,mid,0.2671,3
T-115661,1,none,0.0714,3
T-115662,0,none,0.1818,3
T-115663,2,low,0.1746,3
T-115664,0,low,0.0,2
T-115665,4,low,0.1015,3
T-115666,0,mid,0.0926,3
T-115667,1,low,0.0773,3
T-115668,1,low,0.0959,2
T-115669,1,high,0.4545,1
T-115670,0,mid,0.1111,3
T-115671,0,low,0.0,3
T-115672,1,high,0.1355,2
T-115673,1,low,0.0698,1
T-115674,1,mid,0.1064,1
T-115675,1,none,0.1071,2
T-115676,1,mid,0.163,2
T-115677,1,mid,0.1176,3
T-115678,0,mid,0.0222,3
T-115679,1,mid,0.1039,1
T-115680,0,low,0.0,3
T-115681,1,mid,0.0714,1
T-115682,1,mid,0.1064,3
T-115683,0,high,0.1304,2
T-115684,0,mid,0.0303,3
T-115685,0,mid,0.0,2
T-115686,0,none,0.02,3
T-115687,0,mid,0.0403,3
T-115688,0,mid,0.02,1
T-115689,3,mid,0.1472,3
T-115690,2,low,0.4,1
T-115691,0,none,0.1071,3
T-115692,0,mid,0.0938,3
T-115693,0,none,0.0645,2
T-115694,2,mid,0.1746,1
T-115695,0,low,0.0769,2
T-115696,0,mid,0.0645,3
T-115697,1,mid,0.3333,3
T-115698,0,mid,0.0,3
T-115699,0,mid,0.1111,2
T-115700,1,high,0.15,3
T-115701,1,low,0.0769,1
T-115702,3,none,0.1611,2
T-115703,1,mid,0.0943,2
T-115704,0,low,,2
T-115705,2,high,0.0893,3
T-115706,0,low,0.0,3
T-115707,0,high,0.0,2
T-115708,0,mid,0.0,1
T-115709,0,high,0.0645,3
T-115710,1,mid,0.2174,1
T-115711,1,low,0.0769,1
T-115712,2,mid,0.1515,1
T-115713,0,none,0.0938,3
T-115714,0,high,0.0,2
T-115715,1,low,0.2195,2
T-115716,6,mid,0.3881,3
T-115717,0,none,0.1481,3
T-115718,0,mid,0.0667,2
T-115719,0,mid,0.0339,1
T-115720,1,low,0.0698,2
T-115721,1,mid,0.12,2
T-115722,0,high,0.1818,3
T-115723,0,mid,0.0909,2
T-115724,0,mid,0.2,3
T-115725,1,mid,0.1778,3
T-115726,3,low,0.1611,3
T-115727,1,low,0.0714,3
T-115728,0,mid,0.1667,3
T-115729,4,high,0.1818,3
T-115730,0,high,0.0,3
T-115731,2,mid,0.1515,1
T-115732,0,mid,0.0851,3
T-115733,4,high,0.1216,2
T-115734,0,mid,0.0,2
T-115735,0,low,0.1667,1
T-115736,2,low,0.1081,1
T-115737,2,mid,0.1074,3
T-115738,0,high,0.2195,3
T-115739,0,none,0.1389,2
T-115740,1,mid,0.1667,3
T-115741,1,low,0.1034,3
T-115742,2,mid,0.3125,2
T-115743,0,high,0.1,3
T-115744,2,high,0.1074,2
T-115745,0,mid,0.1538,1
T-115746,2,mid,0.3125,1
T-115747,1,mid,0.0773,2
T-115748,2,low,0.0781,3
T-115749,0,mid,0.1111,3
T-115750,0,mid,0.0,1
T-115751,3,none,0.1412,3
T-115752,4,mid,0.1818,3
T-115753,1,mid,0.1316,1
T-115754,3,high,0.3578,1
T-115755,0,mid,0.1429,3
T-115756,4,mid,0.3061,3
T-115757,0,low,0.0606,2
T-115758,0,low,0.0,2
T-115759,12,high,0.338,1
T-115760,0,low,0.0385,1
T-115761,2,none,0.1429,2
T-115762,1,low,0.0471,1
T-115763,1,high,0.1311,1
T-115764,2,low,0.0781,1
T-115765,0,mid,0.0,2
T-115766,4,mid,0.1818,2
T-115767,3,mid,0.1196,3
T-115768,1,high,0.1064,2
T-115769,3,mid,0.1611,3
T-115770,11,mid,0.338,1
T-115771,1,none,0.0935,3
T-115772,0,none,0.0455,2
T-115773,0,none,0.1127,2
T-115774,2,low,0.0784,1
T-115775,2,mid,0.1333,3
T-115776,0,high,0.0,2
T-115777,1,low,0.12,1
T-115778,4,low,0.1447,2
T-115779,1,none,0.2093,3
T-115780,1,low,0.0943,2
T-115781,1,none,0.15,2
T-115782,0,high,0.04,2
T-115783,0,none,0.0526,3
T-115784,1,low,0.2027,3
T-115785,0,low,0.0333,3
T-115786,0,mid,0.25,1
T-115787,3,none,0.0659,2
T-115788,0,mid,0.0938,1
T-115789,0,mid,0.125,3
T-115790,1,mid,0.25,3
T-115791,2,none,0.1515,2
T-115792,0,mid,0.1778,3
T-115793,0,high,0.0625,3
T-115794,12,none,0.338,1
T-115795,0,mid,0.0333,1
T-115796,5,mid,0.2671,1
T-115797,0,low,0.0588,2
T-115798,1,mid,0.1,3
T-115799,1,none,0.0337,1
T-115800,0,mid,0.3333,1
T-115801,3,mid,0.1654,3
T-115802,0,low,0.0,2
T-115803,3,high,0.1472,1
T-115804,0,mid,0.1538,1
T-115805,0,low,0.0,2
T-115806,0,low,0.1739,3
T-115807,0,mid,0.0323,3
T-115808,1,mid,0.1333,1
T-115809,1,high,0.15,2
T-115810,1,none,0.2,3
T-115811,4,high,0.1447,3
T-115812,0,mid,0.2727,2
T-115813,0,mid,0.0,3
T-115814,3,mid,0.0659,3
T-115815,1,high,0.1074,3
T-115816,1,mid,0.1176,1
T-115817,0,none,0.04,2
T-115818,0,none,0.1127,2
T-115819,1,low,0.2174,3
T-115820,0,high,0.0976,2
T-115821,0,mid,0.0759,2
T-115822,2,mid,0.1515,3
T-115823,3,none,0.1412,2
T-115824,0,low,0.1667,3
T-115825,1,none,0.2308,3
T-115826,1,mid,0.1667,3
T-115827,3,high,0.1849,3
T-115828,3,high,0.4,1
T-115829,0,low,0.0333,3
T-115830,0,mid,0.0909,2
T-115831,2,mid,0.3684,1
T-115832,0,high,0.0667,2
T-115833,0,mid,0.0,2
T-115834,2,mid,0.1333,1
T-115835,1,mid,0.0935,1
T-115836,0,low,0.0,3
T-115837,0,mid,0.1818,3
T-115838,4,mid,0.1447,3
T-115839,0,mid,0.0556,3
T-115840,0,mid,0.0,1
T-115841,4,high,0.3578,3
T-115842,0,mid,0.0,3
T-115843,0,low,0.0,2
T-115844,0,high,0.0,2
T-115845,1,high,0.1771,2
T-115846,1,mid,0.0714,3
T-115847,4,mid,0.1447,2
T-115848,1,none,0.1071,2
T-115849,0,mid,0.0,3
T-115850,4,mid,0.1447,1
T-115851,0,none,,3
T-115852,2,mid,0.213,1
T-115853,0,mid,0.1127,3
T-115854,3,low,0.3125,3
T-115855,1,mid,0.1355,2
T-115856,0,low,0.1333,1
T-115857,0,mid,0.1143,2
T-115858,0,mid,0.0,2
T-115859,0,mid,0.0,3
T-115860,2,high,0.3125,3
T-115861,2,mid,0.1169,2
T-115862,0,mid,0.0,2
T-115863,0,mid,0.1538,3
T-115864,6,low,0.3896,3
T-115865,0,mid,0.0,1
T-115866,2,none,0.1176,3
T-115867,0,low,0.0,2
T-115868,0,none,0.0333,1
T-115869,1,mid,0.1355,2
T-115870,3,mid,0.1654,2
T-115871,0,high,0.4211,1
T-115872,2,mid,0.3333,1
T-115873,0,low,0.1011,3
T-115874,1,low,0.2381,1
T-115875,2,mid,0.1515,1
T-115876,2,mid,0.4545,1
T-115877,0,mid,0.0,1
T-115878,0,mid,0.1277,1
T-115879,1,mid,0.0,1
T-115880,1,high,0.125,2
T-115881,0,mid,0.0,3
T-115882,0,none,0.0,3
T-115883,3,high,0.1472,3
T-115884,0,mid,0.125,2
T-115885,1,mid,0.3333,2
T-115886,1,low,0.0773,3
T-115887,0,mid,0.1429,3
T-115888,1,mid,0.1074,3
T-115889,0,low,0.1667,3
T-115890,1,mid,0.0943,1
T-115891,2,mid,0.0784,3
T-115892,0,mid,0.0,3
T-115893,2,low,0.1515,3
T-115894,0,mid,0.125,3
T-115895,0,mid,0.0385,1
T-115896,2,mid,0.2381,3
T-115897,0,mid,0.0,2
T-115898,0,mid,0.0417,2
T-115899,1,high,0.0337,3
T-115900,0,mid,0.25,2
T-115901,1,high,0.1074,2
T-115902,3,mid,0.213,3
T-115903,0,high,0.1778,3
T-115904,0,none,0.1667,2
T-115905,1,low,0.1176,3
T-115906,2,mid,0.1849,3
T-115907,0,mid,0.0833,3
T-115908,1,mid,0.1429,3
T-115909,2,none,0.1311,3
T-115910,0,mid,0.05,3
T-115911,0,mid,0.0,3
T-115912,0,low,0.0625,1
T-115913,0,none,0.1053,2
T-115914,0,mid,0.1429,1
T-115915,0,mid,0.0,3
T-115916,0,mid,0.0645,2
T-115917,2,low,0.1169,2
T-115918,6,low,0.3896,1
T-115919,3,mid,0.1818,3
T-115920,0,none,0.0345,2
T-115921,4,mid,0.3578,1
T-115922,2,mid,0.0784,2
T-115923,0,mid,0.0,3
T-115924,1,none,0.1074,2
T-115925,0,low,0.1538,1
T-115926,0,low,0.0,2
T-115927,3,none,0.1472,3
T-115928,0,mid,0.0411,3
T-115929,1,mid,0.163,1
T-115930,0,mid,0.125,2
T-115931,1,mid,0.2174,3
T-115932,4,none,0.3401,1
T-115933,0,mid,0.1852,3
T-115934,0,none,0.1071,3
T-115935,1,low,0.2,2
T-115936,3,high,0.0659,1
T-115937,3,mid,0.1015,2
T-115938,0,mid,0.0938,1
T-115939,0,high,0.1667,2
T-115940,1,none,0.0959,2
T-115941,0,high,0.0,3
T-115942,2,low,0.1176,3
T-115943,0,mid,0.129,3
T-115944,3,mid,0.1447,1
T-115945,0,high,0.0,2
T-115946,0,high,0.125,2
T-115947,0,none,0.0526,1
T-115948,1,mid,0.0256,2
T-115949,0,high,0.0222,3
T-115950,1,mid,0.2667,3
T-115951,0,mid,0.0,1
T-115952,3,mid,0.1515,2
T-115953,1,none,0.0337,2
T-115954,0,mid,0.1111,2
T-115955,1,mid,0.1538,3
T-115956,0,mid,0.1071,1
T-115957,3,mid,0.1447,1
T-115958,0,low,0.0,3
T-115959,0,mid,0.0,2
T-115960,0,low,0.0,3
T-115961,0,none,0.0833,2
T-115962,4,mid,0.3881,2
T-115963,4,mid,0.1216,2
T-115964,0,mid,0.129,1
T-115965,1,mid,0.2372,3
T-115966,1,none,0.0339,3
T-115967,0,mid,0.0417,3
T-115968,0,high,0.1417,3
T-115969,0,low,0.0455,2
T-115970,2,high,0.0943,1
T-115971,1,mid,0.1111,2
T-115972,0,low,0.2812,3
T-115973,2,high,0.0784,2
T-115974,0,mid,0.0,3
T-115975,0,none,0.0,3
T-115976,0,low,0.1429,2
T-115977,3,mid,0.1515,3
T-115978,0,mid,0.0222,3
T-115979,1,mid,0.12,2
T-115980,0,mid,0.0,2
T-115981,0,low,0.0833,3
T-115982,0,mid,0.3125,3
T-115983,0,mid,0.125,3
T-115984,1,high,0.1333,3
T-115985,1,mid,0.1429,3
T-115986,0,low,0.0625,3
T-115987,2,high,0.1849,2
T-115988,4,high,0.3061,3
T-115989,5,mid,0.3401,3
T-115990,2,none,0.0769,2
T-115991,2,low,0.0943,3
T-115992,0,mid,0.0,3
T-115993,0,mid,0.0,3
T-115994,2,low,0.3333,1
T-115995,2,mid,0.1472,3
T-115996,0,mid,0.0938,2
T-115997,2,mid,0.1472,1
T-115998,0,low,0.0,3
T-115999,0,mid,0.125,3
T-116000,0,low,,1
T-116001,2,none,0.1765,3
T-116002,0,mid,0.1111,2
T-116003,0,none,0.0333,2
T-116004,0,mid,0.0714,2
T-116005,2,mid,0.1169,3
T-116006,2,low,0.0784,3
T-116007,3,high,0.1447,2
T-116008,0,none,0.0,3
T-116009,3,high,0.1515,2
T-116010,0,mid,0.0303,3
T-116011,1,mid,0.0773,2
T-116012,1,low,0.2381,2
T-116013,1,mid,0.163,1
T-116014,0,mid,0.04,2
T-116015,1,mid,0.02,2
T-116016,1,mid,0.6,3
T-116017,0,low,0.0,3
T-116018,0,mid,0.0625,2
T-116019,0,mid,0.0,2
T-116020,3,mid,0.1472,1
T-116021,0,low,0.0759,2
T-116022,3,low,0.1472,3
T-116023,1,low,0.2174,3
T-116024,0,mid,0.0488,2
T-116025,0,mid,0.0759,1
T-116026,1,none,0.1355,1
T-116027,2,low,0.1849,3
T-116028,5,mid,0.3401,3
T-116029,0,mid,0.0,2
T-116030,0,low,0.1111,3
T-116031,0,low,0.4,3
T-116032,1,low,0.1333,2
T-116033,1,mid,0.1176,3
T-116034,2,mid,0.1746,3
T-116035,0,low,0.1429,2
T-116036,0,none,0.0294,2
T-116037,4,low,0.3061,3
T-116038,0,none,0.0,2
T-116039,0,mid,0.0759,3
T-116040,0,mid,0.0588,3
T-116041,3,mid,0.2208,3
T-116042,2,low,0.1316,1
T-116043,0,high,0.0,2
T-116044,2,high,0.1169,2
T-116045,2,mid,0.2121,2
T-116046,0,mid,0.25,3
T-116047,0,high,0.0,2
T-116048,0,mid,0.0,2
T-116049,0,low,0.025,3
T-116050,5,mid,0.3401,1
T-116051,0,mid,0.0976,1
T-116052,0,mid,0.0,3
T-116053,0,mid,0.1417,3
T-116054,0,none,0.0526,3
T-116055,2,none,0.1169,3
T-116056,0,none,0.2195,3
T-116057,0,none,0.0625,3
T-116058,1,mid,0.1714,2
T-116059,1,mid,0.1176,3
T-116060,0,low,0.0667,3
T-116061,0,high,0.0625,3
T-116062,1,mid,0.0935,2
T-116063,1,mid,0.1034,3
T-116064,3,none,0.213,3
T-116065,3,low,0.213,2
T-116066,1,none,0.0385,3
T-116067,1,none,0.0935,1
T-116068,0,low,0.1481,3
T-116069,5,mid,0.2671,2
T-116070,0,high,0.0,2
T-116071,0,none,0.129,3
T-116072,0,none,0.0714,3
T-116073,3,low,0.213,3
T-116074,1,mid,0.163,3
T-116075,0,mid,0.1538,3
T-116076,0,mid,0.1053,2
T-116077,3,high,0.1316,2
T-116078,0,mid,0.1852,1
T-116079,1,high,0.129,3
T-116080,1,high,0.1355,1
T-116081,1,low,0.2027,2
T-116082,5,mid,0.3578,2
T-116083,3,high,0.1611,3
T-116084,1,mid,0.2,3
T-116085,0,high,0.1818,3
T-116086,0,mid,0.0392,3
T-116087,1,low,0.25,2
T-116088,0,mid,0.1429,3
T-116089,0,low,0.069,2
T-116090,0,none,0.1818,3
T-116091,1,mid,0.1071,2
T-116092,1,none,0.0959,2
T-116093,1,high,0.1667,1
T-116094,3,mid,0.1196,3
T-116095,2,none,0.1311,2
T-116096,1,low,0.0959,2
T-116097,0,mid,0.1111,3
T-116098,1,mid,0.1667,2
T-116099,1,high,0.0256,2
T-116100,1,mid,0.1333,2
T-116101,3,mid,0.2208,2
T-116102,0,high,0.0417,3
T-116103,0,low,0.3333,1
T-116104,0,mid,0.0769,1
T-116105,0,low,0.0,3
T-116106,0,low,0.0,2
T-116107,0,mid,0.0714,2
T-116108,0,mid,0.0,3
T-116109,0,high,0.1481,2
T-116110,1,mid,0.1429,1
T-116111,0,none,0.0,3
T-116112,1,mid,0.0935,3
T-116113,0,low,0.0723,3
T-116114,1,mid,0.0935,2
T-116115,0,mid,,2
T-116116,3,high,0.3333,1
T-116117,0,high,0.0222,2
T-116118,0,low,0.0741,2
T-116119,2,high,0.1654,3
T-116120,1,none,0.0333,3
T-116121,0,high,0.0566,3
T-116122,3,low,0.1818,3
T-116123,5,mid,0.2671,2
T-116124,0,high,0.0,1
T-116125,1,mid,0.1071,2
T-116126,0,none,0.0714,1
T-116127,0,mid,,3
T-116128,0,mid,0.0783,3
T-116129,0,none,0.1379,3
T-116130,0,high,0.0,3
T-116131,0,mid,0.1,1
T-116132,0,none,0.0698,2
T-116133,1,mid,0.1538,2
T-116134,1,none,0.1429,3
T-116135,2,mid,0.1039,2
T-116136,0,low,0.125,1
T-116137,0,low,0.1667,1
T-116138,1,low,0.1429,3
T-116139,0,mid,0.0,2
T-116140,0,low,0.0256,3
T-116141,0,mid,0.0,3
T-116142,1,mid,0.2372,3
T-116143,0,low,0.0625,3
T-116144,3,low,0.213,3
T-116145,1,mid,0.125,1
T-116146,1,mid,0.15,3
T-116147,0,low,0.1364,2
T-116148,1,low,0.1064,2
T-116149,0,low,0.0,3
T-116150,3,none,0.1447,2
T-116151,0,low,0.2857,1
T-116152,0,mid,0.1429,3
T-116153,0,mid,0.0783,3
T-116154,0,low,0.0,3
T-116155,0,mid,0.0,3
T-116156,0,mid,0.0667,3
T-116157,0,high,0.1064,3
T-116158,2,high,0.0781,3
T-116159,0,low,0.0,3
T-116160,0,mid,0.3125,1
T-116161,2,none,0.1746,1
T-116162,0,mid,0.0488,1
T-116163,0,none,0.1111,3
T-116164,0,high,0.1034,3
T-116165,0,mid,0.125,2
T-116166,1,high,0.0541,3
T-116167,0,mid,0.0,3
T-116168,0,low,0.0417,3
T-116169,2,mid,0.3125,3
T-116170,0,mid,0.0714,2
T-116171,1,mid,0.2,3
T-116172,2,high,0.1515,1
T-116173,0,mid,0.0714,3
T-116174,2,mid,0.1849,2
T-116175,0,none,0.0,1
T-116176,1,high,0.1064,2
T-116177,0,low,,3
T-116178,0,mid,0.0,2
T-116179,0,mid,0.0,3
T-116180,0,mid,0.0783,2
T-116181,1,high,0.2027,2
T-116182,0,none,0.1304,3
T-116183,0,mid,0.0,3
T-116184,3,mid,0.1447,3
T-116185,2,none,0.1978,1
T-116186,0,mid,0.0,3
T-116187,1,mid,0.2308,3
T-116188,0,mid,0.1538,1
T-116189,2,mid,0.2121,3
T-116190,4,high,0.3881,1
T-116191,0,mid,0.1176,1
T-116192,1,high,0.2667,2
T-116193,0,mid,0.037,3
T-116194,3,mid,0.1015,3
T-116195,3,low,0.1611,2
T-116196,3,low,0.1611,2
T-116197,0,high,0.0256,3
T-116198,0,high,0.0759,1
T-116199,3,none,0.0943,3
T-116200,0,mid,,2
T-116201,3,high,0.1412,3
T-116202,12,high,0.338,2
T-116203,3,high,0.213,1
T-116204,2,low,0.1746,2
T-116205,0,high,0.0,2
T-116206,3,mid,0.1316,2
T-116207,0,mid,0.1915,1
T-116208,0,none,0.0,2
T-116209,2,mid,0.1311,2
T-116210,0,none,0.0,1
T-116211,0,mid,0.0,3
T-116212,0,mid,0.0,2
T-116213,0,low,0.1765,3
T-116214,1,low,0.0959,3
T-116215,1,low,0.6,1
T-116216,1,mid,0.0333,3
T-116217,0,low,0.0,3
T-116218,0,mid,0.1818,3
T-116219,2,low,0.2381,3
T-116220,0,none,0.1127,3
T-116221,0,none,0.0,3
T-116222,0,low,0.1818,3
T-116223,0,low,0.0,3
T-116224,0,mid,0.1429,2
T-116225,0,mid,0.1538,3
T-116226,0,low,0.0625,3
T-116227,0,none,0.0,2
T-116228,0,none,0.0,3
T-116229,0,none,0.0,2
T-116230,0,mid,0.2727,1
T-116231,3,mid,0.1472,2
T-116232,1,mid,0.0935,2
T-116233,1,none,0.1071,3
T-116234,0,mid,0.0,3
T-116235,0,none,0.2308,2
T-116236,0,low,0.0588,2
T-116237,0,mid,0.3846,3
T-116238,0,high,0.0556,2
T-116239,12,mid,0.338,1
T-116240,0,mid,0.0,3
T-116241,0,low,0.0411,3
T-116242,0,mid,0.0,3
T-116243,0,mid,0.1011,2
T-116244,0,low,0.0392,3
T-116245,0,low,0.0,2
T-116246,0,none,0.0,2
T-116247,1,mid,0.2372,1
T-116248,0,mid,,3
T-116249,2,none,0.1176,1
T-116250,0,mid,0.0455,1
T-116251,0,high,0.0411,2
T-116252,0,mid,0.1923,1
T-116253,0,mid,0.1818,2
T-116254,0,mid,0.0323,2
T-116255,0,low,0.125,2
T-116256,1,mid,0.2727,3
T-116257,1,mid,0.0959,2
T-116258,0,mid,0.0,1
T-116259,3,none,0.0659,2
T-116260,0,none,0.0392,2
T-116261,2,none,0.2381,2
T-116262,3,low,0.2208,2
T-116263,3,high,0.0659,3
T-116264,0,mid,0.125,2
T-116265,1,high,0.1771,2
T-116266,2,high,0.1176,1
T-116267,0,none,0.0,3
T-116268,0,mid,0.0256,2
T-116269,1,mid,0.0959,2
T-116270,0,mid,0.0,2
T-116271,1,mid,0.0471,3
T-116272,3,low,0.1081,1
T-116273,0,mid,0.1034,2
T-116274,0,mid,0.0222,2
T-116275,3,mid,0.2208,2
T-116276,13,high,0.338,1
T-116277,0,mid,0.0625,3
T-116278,0,high,0.0256,2
T-116279,0,mid,0.1481,3
T-116280,0,mid,0.0833,2
T-116281,1,low,0.1667,1
T-116282,2,high,0.1849,1
T-116283,0,high,0.0909,3
T-116284,5,low,0.2671,3
T-116285,0,none,0.1778,3
T-116286,0,mid,0.0,2
T-116287,0,mid,0.0,3
T-116288,0,high,0.0,3
T-116289,0,mid,0.1417,3
T-116290,0,low,0.0385,2
T-116291,1,mid,0.0339,3
T-116292,0,mid,0.0625,3
T-116293,2,mid,0.0781,1
T-116294,0,high,0.1667,3
T-116295,1,mid,0.1071,3
T-116296,2,mid,0.2381,2
T-116297,0,none,,3
T-116298,1,low,0.1333,2
T-116299,0,mid,0.0571,3
T-116300,0,low,0.25,2
T-116301,3,high,0.1316,1
T-116302,1,mid,0.0773,3
T-116303,0,mid,0.1417,3
T-116304,0,mid,0.0,3
T-116305,13,mid,0.338,1
T-116306,0,mid,0.0,2
T-116307,3,high,0.0659,2
T-116308,0,mid,0.0,2
T-116309,0,none,0.0588,1
T-116310,13,mid,0.338,1
T-116311,2,none,0.3125,3
T-116312,0,mid,0.0222,1
T-116313,0,mid,0.1127,1
T-116314,0,mid,0.1417,3
T-116315,0,none,0.0,2
T-116316,0,none,0.1053,1
T-116317,0,mid,0.1667,3
T-116318,0,none,0.125,3
T-116319,1,none,0.0471,3
T-116320,0,mid,0.0541,1
T-116321,2,high,0.3125,2
T-116322,0,high,0.0833,2
T-116323,0,mid,0.25,1
T-116324,0,mid,0.0,3
T-116325,3,mid,0.1316,3
T-116326,1,high,0.08,2
T-116327,0,low,0.0,2
T-116328,0,mid,0.1053,2
T-116329,0,low,0.6667,1
T-116330,0,mid,0.1778,3
T-116331,1,low,0.1429,3
T-116332,0,mid,0.1389,3
T-116333,1,none,0.1771,2
T-116334,1,mid,0.2174,2
T-116335,0,mid,0.069,3
T-116336,0,low,0.2381,3
T-116337,0,low,0.0,3
T-116338,0,low,0.0645,1
T-116339,2,none,0.6,3
T-116340,1,low,0.12,2
T-116341,0,high,0.0759,2
T-116342,1,mid,0.08,3
T-116343,0,mid,0.0,2
T-116344,0,mid,0.0,3
T-116345,0,mid,0.0,3
T-116346,0,mid,0.0435,3
T-116347,0,low,0.0909,3
T-116348,4,none,0.213,2
T-116349,0,mid,0.0566,1
T-116350,1,low,0.0,3
T-116351,3,mid,0.2208,2
T-116352,0,mid,0.0625,2
T-116353,1,high,0.1071,2
T-116354,0,mid,0.0667,3
T-116355,0,none,0.1417,3
T-116356,0,mid,0.0938,3
T-116357,1,mid,0.1771,1
T-116358,3,mid,0.1611,2
T-116359,0,mid,,3
T-116360,0,low,0.1364,1
T-116361,1,mid,0.0222,3
T-116362,1,low,0.0588,2
T-116363,0,none,0.0783,3
T-116364,0,mid,0.1667,2
T-116365,0,mid,0.1143,1
T-116366,0,low,0.0759,3
T-116367,3,low,0.1978,3
T-116368,0,none,0.0755,2
T-116369,0,mid,0.1667,3
T-116370,2,low,0.1654,1
T-116371,0,mid,0.0,3
T-116372,3,mid,0.1015,1
T-116373,2,mid,0.2372,1
T-116374,0,mid,0.0,1
T-116375,6,low,0.3896,2
T-116376,3,none,0.1316,3
T-116377,0,low,0.2,2
T-116378,0,mid,0.0263,3
T-116379,0,mid,0.1364,2
T-116380,3,low,0.1015,3
T-116381,1,low,0.0625,3
T-116382,0,low,0.0,3
T-116383,2,mid,0.125,1
T-116384,0,mid,0.0,3
T-116385,2,high,0.2372,2
T-116386,0,none,0.1429,2
T-116387,1,none,0.0471,1
T-116388,0,mid,0.0392,2
T-116389,1,none,0.1071,2
T-116390,0,low,0.1429,2
T-116391,4,high,0.3684,1
T-116392,0,mid,0.0645,3
T-116393,0,none,0.0833,3
T-116394,1,none,0.0773,3
T-116395,1,none,0.1429,3
T-116396,3,mid,0.1176,3
T-116397,3,low,0.1447,3
T-116398,4,mid,0.1015,2
T-116399,0,none,0.1417,2
T-116400,2,mid,0.1039,3
T-116401,3,mid,0.1316,3
T-116402,0,mid,0.0,3
T-116403,2,mid,0.0781,3
T-116404,0,mid,0.0625,3
T-116405,0,low,0.037,3
T-116406,0,low,0.0909,2
T-116407,1,mid,0.0759,3
T-116408,1,mid,0.1074,3
T-116409,0,high,0.0392,3
T-116410,0,high,0.0256,2
T-116411,0,mid,0.0,2
T-116412,0,low,0.0667,2
T-116413,5,high,0.3881,3
T-116414,0,low,0.0,1
T-116415,0,mid,0.1053,3
T-116416,0,low,0.0345,3
T-116417,15,mid,0.338,2
T-116418,0,mid,0.125,3
T-116419,0,mid,0.125,3
T-116420,0,mid,0.0,1
T-116421,0,none,0.1364,3
T-116422,0,low,0.0,3
T-116423,1,high,0.0541,2
T-116424,0,mid,0.0526,3
T-116425,0,mid,0.2,1
T-116426,1,mid,0.1429,1
T-116427,0,low,0.1429,3
T-116428,0,mid,0.0723,2
T-116429,1,high,0.1429,2
T-116430,4,mid,0.1015,3
T-116431,1,mid,0.0333,3
T-116432,1,high,0.0519,2
T-116433,0,mid,0.0,1
T-116434,0,mid,0.1429,3
T-116435,4,high,0.213,1
T-116436,0,low,0.1176,3
T-116437,0,low,0.0,3
T-116438,2,none,0.1746,2
T-116439,1,mid,0.1818,2
T-116440,0,mid,0.1064,1
T-116441,1,none,0.2121,3
T-116442,4,low,0.1015,2
T-116443,0,high,0.1364,1
T-116444,1,mid,0.1074,3
T-116445,0,mid,0.0526,1
T-116446,0,mid,0.2857,1
T-116447,2,mid,0.1355,2
T-116448,1,mid,0.6667,1
T-116449,1,mid,0.1311,3
T-116450,1,none,0.1074,3
T-116451,3,none,0.1472,2
T-116452,0,mid,0.0345,2
T-116453,1,mid,0.163,3
T-116454,0,mid,0.1667,1
T-116455,0,low,0.0,3
T-116456,0,mid,0.3125,1
T-116457,5,mid,0.3401,2
T-116458,1,none,0.0256,1
T-116459,1,low,0.25,1
T-116460,0,mid,0.2812,2
T-116461,0,mid,0.1538,1
T-116462,1,low,0.0471,2
T-116463,0,mid,0.25,3
T-116464,0,mid,0.0435,3
T-116465,1,mid,0.1771,3
T-116466,1,mid,0.1277,2
T-116467,0,low,0.1159,2
T-116468,0,low,0.0455,3
T-116469,0,mid,0.0,2
T-116470,2,mid,0.1818,1
T-116471,0,mid,0.1778,1
T-116472,3,none,0.1472,3
T-116473,3,mid,0.1447,3
T-116474,1,mid,0.0959,3
T-116475,0,low,0.0,1
T-116476,0,low,0.125,3
T-116477,0,high,0.1765,3
T-116478,0,low,0.0435,2
T-116479,0,none,0.1277,1
T-116480,0,mid,0.0,1
T-116481,0,high,0.0,3
T-116482,0,none,0.125,3
T-116483,5,mid,0.3401,2
T-116484,3,none,0.1515,1
T-116485,0,mid,0.0256,1
T-116486,1,mid,0.0893,3
T-116487,0,low,0.0,1
T-116488,0,mid,0.0411,3
T-116489,3,mid,0.1611,1
T-116490,2,mid,0.1355,1
T-116491,1,mid,0.1915,3
T-116492,1,mid,0.1074,1
T-116493,0,high,0.1081,3
T-116494,0,low,0.0645,2
T-116495,3,high,0.1355,2
T-116496,0,mid,0.0789,3
T-116497,1,mid,0.2027,3
T-116498,15,high,0.338,2
T-116499,0,low,0.0723,3
T-116500,0,high,0.0789,3
T-116501,0,low,,3
T-116502,0,mid,0.125,3
T-116503,0,none,0.1011,2
T-116504,2,mid,0.1074,3
T-116505,1,none,0.1064,1
T-116506,0,none,0.4286,2
T-116507,2,mid,0.0781,2
T-116508,0,none,,3
T-116509,1,low,0.0222,3
T-116510,1,mid,0.2174,1
T-116511,0,mid,0.2195,1
T-116512,0,low,0.0926,3
T-116513,0,mid,0.1417,3
T-116514,3,none,0.1978,1
T-116515,0,mid,0.1304,1
T-116516,1,none,0.1429,3
T-116517,0,mid,0.1412,2
T-116518,0,low,0.0411,2
T-116519,0,low,0.1818,3
T-116520,1,mid,0.2778,3
T-116521,0,none,0.1011,1
T-116522,1,none,0.163,3
T-116523,0,mid,0.0,2
T-116524,0,high,0.0476,3
T-116525,0,none,0.0323,3
T-116526,0,mid,0.0,3
T-116527,2,mid,0.1818,3
T-116528,0,mid,0.0,3
T-116529,0,mid,0.0294,3
T-116530,1,mid,0.1169,1
T-116531,0,low,0.0588,1
T-116532,1,none,0.0488,3
T-116533,0,mid,0.2381,3
T-116534,2,mid,0.1818,2
T-116535,5,mid,0.2671,3
T-116536,0,high,0.25,3
T-116537,1,mid,0.0488,2
T-116538,1,mid,0.0256,3
T-116539,1,low,0.0541,3
T-116540,0,none,0.0,3
T-116541,0,high,0.1429,2
T-116542,1,mid,0.163,3
T-116543,3,high,0.1316,2
T-116544,0,mid,0.1905,3
T-116545,1,mid,0.2195,2
T-116546,1,mid,0.0714,3
T-116547,0,none,0.0,3
T-116548,0,mid,0.0,1
T-116549,0,low,0.0435,1
T-116550,1,mid,0.0893,2
T-116551,3,mid,0.0943,1
T-116552,2,mid,0.2372,1
T-116553,0,mid,0.025,3
T-116554,1,none,0.0471,3
T-116555,1,mid,0.0385,3
T-116556,0,mid,0.0403,2
T-116557,0,low,0.025,3
T-116558,0,mid,0.0833,3
T-116559,1,none,0.0773,3
T-116560,0,mid,0.0541,2
T-116561,2,mid,0.3125,3
T-116562,0,mid,0.0,3
T-116563,0,mid,0.0,3
T-116564,0,mid,0.0,3
T-116565,1,high,0.0759,2
T-116566,2,high,0.1515,2
T-116567,0,low,0.0,3
T-116568,1,mid,0.0759,2
T-116569,0,high,0.0909,3
T-116570,0,low,0.0526,2
T-116571,15,mid,0.338,3
T-116572,2,mid,0.1746,2
T-116573,0,low,0.0,3
T-116574,1,mid,0.0759,3
T-116575,0,mid,0.1412,1
T-116576,0,mid,0.125,3
T-116577,2,mid,0.1429,2
T-116578,1,high,0.1277,3
T-116579,3,mid,0.1176,1
T-116580,1,none,0.1333,3
T-116581,0,low,0.0,2
T-116582,0,high,0.1778,1
T-116583,0,none,0.1417,2
T-116584,15,mid,0.338,2
T-116585,2,mid,0.1429,1
T-116586,1,high,0.0588,3
T-116587,0,mid,0.0,3
T-116588,0,low,0.0392,3
T-116589,0,mid,0.0833,3
T-116590,2,mid,0.1196,2
T-116591,0,high,0.1667,1
T-116592,0,low,0.0,2
T-116593,1,mid,0.4211,2
T-116594,0,high,0.0,3
T-116595,0,mid,0.0759,1
T-116596,0,low,0.2381,3
T-116597,0,mid,0.0,3
T-116598,0,mid,0.0783,2
T-116599,0,low,0.125,2
T-116600,2,high,0.1429,2
T-116601,0,none,0.0909,3
T-116602,1,mid,0.1714,3
T-116603,1,mid,0.0959,3
T-116604,1,mid,0.2027,1
T-116605,0,low,0.0,3
T-116606,0,high,0.0909,2
T-116607,0,low,0.069,3
T-116608,5,mid,0.213,3
T-116609,0,low,0.0938,2
T-116610,0,mid,0.0833,3
T-116611,0,mid,0.037,3
T-116612,1,mid,0.129,3
T-116613,0,mid,0.0759,2
T-116614,1,mid,0.1771,1
T-116615,0,mid,0.125,3
T-116616,1,mid,0.0959,3
T-116617,0,low,0.1,3
T-116618,1,mid,0.1311,3
T-116619,0,mid,0.0,3
T-116620,0,low,0.0638,2
T-116621,0,mid,0.0392,1
T-116622,1,none,0.2121,3
T-116623,2,high,0.1299,1
T-116624,0,none,0.0392,2
T-116625,0,mid,0.0403,3
T-116626,3,mid,0.0943,3
T-116627,1,low,0.1333,3
T-116628,1,low,0.1277,1
T-116629,1,mid,0.0773,3
T-116630,3,low,0.1447,3
T-116631,0,mid,0.0,2
T-116632,0,mid,0.0,3
T-116633,0,none,0.0698,2
T-116634,1,mid,0.1429,2
T-116635,1,high,0.2,1
T-116636,1,high,0.1143,3
T-116637,0,low,0.0435,3
T-116638,2,none,0.1765,3
T-116639,2,high,0.1746,2
T-116640,0,none,0.0,1
T-116641,2,mid,0.1667,3
T-116642,1,none,0.0959,2
T-116643,0,low,0.1667,1
T-116644,0,mid,0.0,3
T-116645,15,high,0.338,1
T-116646,3,mid,0.2372,2
T-116647,1,mid,0.1429,3
T-116648,2,mid,0.1667,2
T-116649,0,none,0.1111,1
T-116650,2,low,0.1818,3
T-116651,1,mid,0.1311,1
T-116652,1,none,0.0935,3
T-116653,0,mid,0.1379,3
T-116654,1,mid,0.1071,3
T-116655,2,low,0.1333,2
T-116656,0,low,0.0,1
T-116657,2,high,0.1818,1
T-116658,0,none,0.0,2
T-116659,3,high,0.1355,2
T-116660,0,low,0.0541,3
T-116661,3,mid,0.1355,3
T-116662,0,low,0.0,3
T-116663,0,mid,0.0,3
T-116664,4,mid,0.1611,1
T-116665,0,low,0.0,2
T-116666,0,low,0.0455,2
T-116667,0,mid,0.0,2
T-116668,15,high,0.338,3
T-116669,1,mid,0.2308,3
T-116670,0,low,0.1389,3
T-116671,0,low,0.0345,2
T-116672,0,mid,0.0,2
T-116673,0,low,0.1667,3
T-116674,3,mid,0.1355,2
T-116675,0,mid,0.0833,1
T-116676,0,mid,0.0333,2
T-116677,0,none,0.0417,3
T-116678,1,low,0.3077,3
T-116679,0,mid,0.1111,1
T-116680,0,mid,0.0,3
T-116681,0,low,0.1053,3
T-116682,2,mid,0.1429,3
T-116683,0,high,0.0851,2
T-116684,0,none,0.0,2
T-116685,0,mid,0.1667,1
T-116686,1,mid,0.02,2
T-116687,5,mid,0.3578,2
T-116688,0,low,0.0,3
T-116689,1,mid,0.0222,3
T-116690,0,none,0.0,1
T-116691,0,mid,0.0,3
T-116692,1,mid,0.1071,2
T-116693,1,high,0.2174,1
T-116694,0,mid,0.04,3
T-116695,15,low,0.338,1
T-116696,2,high,0.2208,3
T-116697,3,none,0.1515,2
T-116698,0,mid,0.2812,2
T-116699,0,mid,0.0,3
T-116700,0,mid,0.1417,1
T-116701,3,mid,0.3125,2
T-116702,0,mid,0.25,2
T-116703,2,none,0.1429,3
T-116704,3,high,0.0943,2
T-116705,1,low,0.2059,2
T-116706,1,mid,0.0784,2
T-116707,3,low,0.1355,3
T-116708,0,low,0.0,3
T-116709,1,mid,0.2121,1
T-116710,0,mid,0.0455,3
T-116711,1,mid,0.0488,2
T-116712,1,low,0.1277,3
T-116713,1,mid,0.2857,3
T-116714,1,mid,0.2778,3
T-116715,0,mid,0.0,3
T-116716,1,mid,0.2195,2
T-116717,0,mid,0.0417,2
T-116718,1,high,0.0588,3
T-116719,0,mid,0.0403,2
T-116720,0,mid,0.05,1
T-116721,1,mid,0.12,3
T-116722,5,mid,0.3881,3
T-116723,1,mid,0.1333,1
T-116724,4,low,0.213,3
T-116725,0,none,0.1765,2
T-116726,0,mid,0.0938,3
T-116727,1,mid,0.1818,1
T-116728,2,low,0.1849,2
T-116729,1,mid,0.0893,3
T-116730,0,high,0.0,1
T-116731,0,low,0.1667,1
T-116732,0,mid,0.1053,3
T-116733,0,low,0.0,3
T-116734,0,high,0.1818,2
T-116735,0,low,0.0,2
T-116736,1,none,0.1064,3
T-116737,0,high,0.0,2
T-116738,0,low,0.0,3
T-116739,3,low,0.1447,2
T-116740,3,mid,0.1472,2
T-116741,1,mid,0.1429,3
T-116742,0,mid,0.08,3
T-116743,0,mid,0.0556,1
T-116744,4,none,0.3401,3
T-116745,0,low,0.1667,2
T-116746,2,mid,0.1515,2
T-116747,0,mid,0.0411,3
T-116748,3,mid,0.1299,3
T-116749,0,high,0.0,3
T-116750,0,low,0.05,1
T-116751,5,low,0.1611,1
T-116752,0,mid,0.0,2
T-116753,1,mid,0.12,1
T-116754,3,mid,0.1015,3
T-116755,0,mid,0.0,3
T-116756,0,mid,0.0333,1
T-116757,2,none,0.1849,1
T-116758,2,mid,0.1515,2
T-116759,1,low,0.1417,2
T-116760,0,mid,0.1538,2
T-116761,2,none,0.1818,3
T-116762,15,mid,0.338,1
T-116763,0,low,0.0714,2
T-116764,0,mid,0.4,1
T-116765,0,high,0.0909,3
T-116766,3,low,0.3125,1
T-116767,0,mid,0.0,3
T-116768,0,low,0.0,3
T-116769,0,mid,0.3846,1
T-116770,1,mid,0.02,3
T-116771,0,mid,0.0,2
T-116772,0,mid,0.0,2
T-116773,5,mid,0.1611,2
T-116774,0,high,0.0,2
T-116775,3,low,0.1355,2
T-116776,2,none,0.3125,1
T-116777,1,mid,0.0541,3
T-116778,0,mid,0.08,1
T-116779,0,low,0.0,3
T-116780,1,mid,0.0781,3
T-116781,1,mid,0.0959,1
T-116782,0,low,0.0,3
T-116783,0,low,0.0,3
T-116784,0,low,0.0,2
T-116785,0,mid,0.2222,1
T-116786,2,mid,0.1333,1
T-116787,0,low,0.0667,3
T-116788,0,none,0.1667,3
T-116789,0,mid,0.0,3
T-116790,0,none,0.0,3
T-116791,1,mid,0.0222,3
T-116792,1,mid,0.02,3
T-116793,1,mid,0.1429,3
T-116794,3,high,0.0943,3
T-116795,2,mid,0.1429,3
T-116796,0,mid,0.0,3
T-116797,0,high,0.4,3
T-116798,1,mid,0.0759,2
T-116799,0,mid,0.0,3
T-116800,1,mid,0.1277,1
T-116801,2,high,0.1515,3
T-116802,0,mid,0.1818,1
T-116803,0,none,0.0,1
T-116804,0,mid,0.1159,3
T-116805,0,low,0.0,3
T-116806,0,high,0.1159,3
T-116807,0,mid,0.1778,2
T-116808,0,mid,0.0,1
T-116809,0,high,0.0,2
T-116810,0,mid,0.125,3
T-116811,3,high,0.0943,2
T-116812,0,high,0.1159,1
T-116813,1,none,0.1071,2
T-116814,1,mid,0.3077,3
T-116815,0,mid,0.125,3
T-116816,0,mid,0.1667,2
T-116817,1,high,0.1412,3
T-116818,0,low,0.0,3
T-116819,3,mid,0.1355,3
T-116820,0,low,0.0783,3
T-116821,0,low,0.0,3
T-116822,0,low,0.1538,3
T-116823,0,low,0.0392,2
T-116824,2,mid,0.0659,2
T-116825,1,mid,0.0893,1
T-116826,1,low,0.2667,2
T-116827,2,mid,0.1746,1
T-116828,3,low,0.1333,2
T-116829,0,mid,0.1765,3
T-116830,0,high,0.0783,3
T-116831,0,none,0.0638,3
T-116832,2,mid,0.1333,3
T-116833,0,high,0.1515,3
T-116834,1,none,0.1417,2
T-116835,0,mid,0.069,3
T-116836,0,low,0.0698,2
T-116837,0,mid,0.04,2
T-116838,1,low,0.1429,3
T-116839,0,mid,0.0263,2
T-116840,0,mid,0.0769,2
T-116841,2,none,0.1447,2
T-116842,2,low,0.3333,2
T-116843,0,low,0.0303,3
T-116844,3,mid,0.1216,1
T-116845,0,mid,0.1429,3
T-116846,1,none,0.0541,3
T-116847,4,none,0.213,2
T-116848,1,high,0.0222,2
T-116849,0,mid,0.15,2
T-116850,0,mid,0.0,3
T-116851,1,mid,0.1011,2
T-116852,0,mid,0.0,2
T-116853,0,low,0.1538,3
T-116854,0,low,0.0625,3
T-116855,1,low,0.0588,3
T-116856,1,low,0.0952,1
T-116857,1,mid,0.1771,1
T-116858,2,mid,0.6667,1
T-116859,1,low,0.08,3
T-116860,2,none,0.0769,2
T-116861,0,mid,0.0,3
T-116862,0,mid,0.0,2
T-116863,1,mid,0.12,1
T-116864,0,mid,0.1176,3
T-116865,0,mid,0.0,3
T-116866,2,high,0.2121,2
T-116867,0,mid,0.0909,3
T-116868,0,mid,0.0,3
T-116869,0,mid,0.0,3
T-116870,1,mid,0.2963,1
T-116871,0,mid,0.0625,2
T-116872,1,high,0.0471,2
T-116873,0,none,0.0588,2
T-116874,1,mid,0.1429,2
T-116875,2,low,0.1579,1
T-116876,4,high,0.213,2
T-116877,0,none,0.2,2
T-116878,1,mid,0.0784,1
T-116879,0,mid,0.0455,3
T-116880,0,mid,0.0,3
T-116881,0,low,0.0,1
T-116882,0,mid,0.0,3
T-116883,0,mid,0.0,3
T-116884,0,mid,0.0,2
T-116885,0,none,0.0435,3
T-116886,3,mid,0.1333,2
T-116887,0,mid,0.1778,3
T-116888,0,mid,0.0833,3
T-116889,0,none,0.0435,3
T-116890,0,mid,0.087,1
T-116891,0,mid,0.1053,1
T-116892,0,low,0.0566,2
T-116893,0,mid,0.0,3
T-116894,0,low,,2
T-116895,3,high,0.1355,3
T-116896,2,mid,0.3333,1
T-116897,0,mid,0.1778,3
T-116898,5,mid,0.3578,3
T-116899,0,mid,0.0645,2
T-116900,0,mid,0.0759,3
T-116901,4,mid,0.1978,2
T-116902,0,low,0.1429,3
T-116903,1,high,0.08,1
T-116904,0,high,0.0345,2
T-116905,2,low,0.1515,1
T-116906,0,mid,0.0,3
T-116907,17,low,0.338,3
T-116908,2,high,0.12,3
T-116909,2,high,0.1196,1
T-116910,0,high,0.2,3
T-116911,0,mid,0.0,3
T-116912,2,mid,0.1472,3
T-116913,0,low,0.0,1
T-116914,2,none,0.1196,1
T-116915,0,none,0.1765,3
T-116916,2,high,0.2208,1
T-116917,0,none,0.0,2
T-116918,0,mid,0.0909,1
T-116919,0,low,0.069,3
T-116920,0,mid,0.1304,3
T-116921,1,mid,0.1429,3
T-116922,0,mid,0.0,3
T-116923,1,mid,0.0333,1
T-116924,0,low,0.0769,3
T-116925,3,none,0.1355,3
T-116926,1,mid,0.2128,3
T-116927,5,mid,0.3881,1
T-116928,0,mid,0.0,3
T-116929,0,none,0.1538,1
T-116930,0,mid,0.1778,2
T-116931,1,mid,0.4,3
T-116932,0,none,0.2083,3
T-116933,0,low,0.1515,2
T-116934,0,high,0.0,2
T-116935,1,none,0.1852,3
T-116936,1,mid,0.3478,3
T-116937,0,mid,0.1034,1
T-116938,3,mid,0.1015,1
T-116939,1,mid,0.1351,3
T-116940,1,mid,0.1064,2
T-116941,0,mid,0.1667,3
T-116942,0,low,0.0,2
T-116943,0,low,0.0294,1
T-116944,0,high,0.1739,1
T-116945,0,high,0.0789,2
T-116946,1,mid,0.1852,3
T-116947,0,mid,0.0403,3
T-116948,0,mid,0.0392,1
T-116949,0,mid,0.0723,3
T-116950,2,high,0.2121,3
T-116951,0,mid,1.0,1
T-116952,0,mid,0.1905,1
T-116953,1,mid,0.1071,2
T-116954,0,low,0.1429,1
T-116955,0,mid,0.1111,1
T-116956,1,mid,0.0588,2
T-116957,0,low,0.0526,3
T-116958,2,mid,0.1074,2
T-116959,1,mid,0.3846,1
T-116960,1,mid,0.02,3
T-116961,0,mid,0.0926,3
T-116962,0,low,0.0,2
T-116963,0,low,0.0714,3
T-116964,0,mid,0.2812,1
T-116965,0,none,0.0,2
T-116966,0,mid,0.0541,3
T-116967,3,mid,0.2208,3
T-116968,1,low,0.0392,3
T-116969,0,mid,0.0909,1
T-116970,1,mid,0.1412,3
T-116971,0,low,0.1,3
T-116972,0,mid,0.0759,1
T-116973,0,low,0.0588,3
T-116974,0,mid,0.1111,1
T-116975,1,mid,0.1412,1
T-116976,4,none,0.1978,3
T-116977,0,mid,0.1364,3
T-116978,0,low,0.0,2
T-116979,0,low,0.0,2
T-116980,4,mid,0.1176,3
T-116981,1,high,0.0959,2
T-116982,1,mid,0.0773,3
T-116983,1,high,0.1429,3
T-116984,0,mid,0.0,2
T-116985,1,mid,0.3636,2
T-116986,0,high,0.2381,1
T-116987,0,mid,0.0566,2
T-116988,0,none,0.1111,3
T-116989,1,none,0.2,2
T-116990,1,mid,0.0588,3
T-116991,0,mid,0.0263,1
T-116992,0,low,0.0667,3
T-116993,0,mid,0.0789,2
T-116994,0,mid,0.1,3
T-116995,5,low,0.3684,1
T-116996,3,mid,0.3401,2
T-116997,0,none,0.1111,2
T-116998,2,low,0.1472,3
T-116999,3,high,0.3125,1
T-117000,1,low,0.0893,1
T-117001,3,mid,0.1299,3
T-117002,0,mid,0.129,1
T-117003,2,mid,0.1472,3
T-117004,0,none,,3
T-117005,0,mid,,3
T-117006,2,mid,0.1765,1
T-117007,0,mid,0.1429,1
T-117008,0,mid,0.0333,1
T-117009,1,none,0.1923,3
T-117010,0,low,0.0,2
T-117011,1,mid,0.1429,2
T-117012,2,low,0.0659,3
T-117013,0,none,0.0,3
T-117014,1,mid,0.1053,1
T-117015,0,low,0.1429,1
T-117016,0,mid,0.1,3
T-117017,0,low,0.0455,2
T-117018,2,none,0.0333,3
T-117019,1,mid,0.2128,3
T-117020,0,mid,0.0783,3
T-117021,0,mid,0.0,3
T-117022,1,low,0.2195,1
T-117023,0,mid,0.1053,3
T-117024,0,low,0.0714,2
T-117025,1,mid,0.15,1
T-117026,0,mid,0.25,3
T-117027,3,high,0.3061,1
T-117028,0,none,0.0,3
T-117029,2,high,0.1746,3
T-117030,0,low,0.1379,3
T-117031,0,low,0.0714,3
T-117032,2,low,0.1746,1
T-117033,3,mid,0.1355,1
T-117034,1,none,0.1071,3
T-117035,0,mid,0.125,2
T-117036,0,mid,0.1,1
T-117037,1,mid,0.1429,3
T-117038,3,mid,0.0943,2
T-117039,0,low,0.1667,1
T-117040,0,mid,0.1111,3
T-117041,1,high,0.0976,2
T-117042,1,mid,0.0959,1
T-117043,3,mid,0.6667,1
T-117044,0,mid,0.1111,2
T-117045,0,none,0.0333,2
T-117046,1,high,0.2128,2
T-117047,2,mid,0.1074,1
T-117048,1,mid,0.1311,1
T-117049,2,mid,0.1039,3
T-117050,2,high,0.3333,1
T-117051,0,low,0.0,1
T-117052,1,high,0.2778,2
T-117053,3,low,0.1015,3
T-117054,5,mid,0.1611,2
T-117055,4,mid,0.3125,3
T-117056,0,mid,0.0,1
T-117057,1,low,0.1538,2
T-117058,2,mid,0.2899,1
T-117059,0,mid,0.0,2
T-117060,1,mid,0.1429,2
T-117061,0,mid,0.0,2
T-117062,1,none,0.163,2
T-117063,0,low,0.0723,2
T-117064,1,mid,0.1667,3
T-117065,1,high,0.0935,3
T-117066,2,mid,0.2372,2
T-117067,0,mid,0.125,1
T-117068,1,mid,0.1159,2
T-117069,0,mid,0.0833,3
T-117070,0,high,0.0385,1
T-117071,1,high,0.2381,1
T-117072,5,mid,0.3578,2
T-117073,0,low,0.0,3
T-117074,4,mid,0.213,1
T-117075,4,mid,0.1355,1
T-117076,3,mid,0.1074,3
T-117077,0,mid,0.0833,2
T-117078,1,mid,0.1159,1
T-117079,0,low,0.0698,3
T-117080,0,none,0.1481,3
T-117081,0,low,0.2,1
T-117082,3,mid,0.1196,3
T-117083,0,none,0.1,2
T-117084,3,mid,0.0943,2
T-117085,0,low,0.0625,3
T-117086,0,low,0.0403,3
T-117087,2,mid,0.1472,2
T-117088,0,mid,0.0,3
T-117089,3,low,0.1081,1
T-117090,1,high,0.0773,3
T-117091,0,none,0.2,1
T-117092,0,mid,0.0,2
T-117093,1,mid,0.0784,3
T-117094,2,none,0.1472,3
T-117095,2,none,0.1472,1
T-117096,0,none,0.0303,3
T-117097,0,low,0.0,3
T-117098,1,mid,0.1714,2
T-117099,0,mid,0.0,1
T-117100,5,none,0.1355,3
T-117101,0,mid,0.0385,2
T-117102,3,high,0.2208,3
T-117103,0,mid,0.125,1
T-117104,0,low,0.0769,3
T-117105,0,low,0.1923,1
T-117106,0,mid,0.0625,3
T-117107,0,mid,0.0723,3
T-117108,2,mid,0.125,3
T-117109,0,mid,,2
T-117110,2,mid,0.2308,1
T-117111,0,mid,0.0435,3
T-117112,1,none,0.1538,2
T-117113,3,mid,0.1316,1
T-117114,1,high,0.1654,3
T-117115,0,low,0.0,2
T-117116,2,none,0.6,1
T-117117,0,mid,0.1429,1
T-117118,1,none,0.3846,3
T-117119,5,mid,0.1355,1
T-117120,1,mid,0.125,2
T-117121,1,mid,0.1429,2
T-117122,0,mid,0.0417,2
T-117123,0,mid,0.0,3
T-117124,0,mid,0.1071,2
T-117125,2,high,0.1556,3
T-117126,1,none,0.0519,3
T-117127,0,mid,0.0588,2
T-117128,3,mid,0.1316,3
T-117129,0,mid,0.0,1
T-117130,1,mid,0.1667,3
T-117131,0,high,0.0909,3
T-117132,1,mid,0.1011,3
T-117133,1,high,0.1538,3
T-117134,0,mid,0.2093,1
T-117135,0,low,0.0,3
T-117136,5,high,0.3881,2
T-117137,0,low,0.1429,3
T-117138,0,mid,0.0,3
T-117139,0,mid,0.1034,1
T-117140,0,high,0.0,2
T-117141,1,none,0.1071,1
T-117142,0,low,0.0476,3
T-117143,0,mid,0.1364,2
T-117144,0,low,0.0,2
T-117145,5,mid,0.213,1
T-117146,0,none,0.0,2
T-117147,1,mid,0.1905,3
T-117148,1,mid,0.0959,3
T-117149,3,mid,0.1333,2
T-117150,5,mid,0.213,3
T-117151,1,high,0.2667,1
T-117152,0,none,0.0357,1
T-117153,0,mid,0.0,1
T-117154,2,mid,0.12,3
T-117155,4,low,0.1176,2
T-117156,0,mid,0.0909,2
T-117157,1,low,0.1654,2
T-117158,0,mid,0.0333,3
T-117159,0,low,0.0345,3
T-117160,1,mid,0.1905,1
T-117161,0,low,0.0435,3
T-117162,0,mid,0.0345,2
T-117163,0,high,0.0,2
T-117164,0,mid,,3
T-117165,0,none,0.0769,3
T-117166,2,high,0.0659,2
T-117167,1,mid,0.0773,2
T-117168,0,low,0.0541,3
T-117169,5,mid,0.3578,1
T-117170,0,low,0.0,3
T-117171,1,mid,0.0781,3
T-117172,0,low,0.0403,3
T-117173,0,high,0.0,3
T-117174,0,none,0.0625,3
T-117175,2,none,0.1071,3
T-117176,1,mid,0.1364,1
T-117177,1,low,0.0222,2
T-117178,1,mid,0.1064,3
T-117179,0,none,0.0,3
T-117180,2,high,0.2372,3
T-117181,1,high,0.0588,3
T-117182,0,low,0.129,3
T-117183,0,low,0.2,2
T-117184,0,none,,3
T-117185,0,none,0.0,2
T-117186,0,low,,2
T-117187,0,high,0.0345,1
T-117188,1,mid,0.1429,1
T-117189,0,mid,0.0,2
T-117190,0,mid,0.0,2
T-117191,1,high,0.0339,3
T-117192,1,none,0.0769,2
T-117193,0,high,0.0926,3
T-117194,5,high,0.213,2
T-117195,2,mid,0.1429,1
T-117196,2,high,0.1579,1
T-117197,1,low,0.0222,1
T-117198,0,mid,0.05,2
T-117199,2,high,0.2372,1
T-117200,1,high,0.0773,2
T-117201,1,mid,0.163,1
T-117202,1,mid,0.1667,2
T-117203,0,low,0.1667,3
T-117204,0,none,0.0909,1
T-117205,1,mid,0.0519,3
T-117206,1,mid,0.0773,3
T-117207,3,none,0.1333,3
T-117208,1,mid,0.0976,2
T-117209,1,mid,0.2222,3
T-117210,0,mid,0.0,2
T-117211,0,high,0.0,2
T-117212,3,none,0.1472,1
T-117213,1,low,0.0471,3
T-117214,0,none,0.0,2
T-117215,0,mid,0.0435,3
T-117216,0,mid,0.25,1
T-117217,0,mid,0.0435,3
T-117218,0,none,0.0645,3
T-117219,1,none,0.0588,3
T-117220,0,mid,0.0,3
T-117221,0,mid,0.1304,2
T-117222,1,none,0.0784,2
T-117223,0,mid,0.25,3
T-117224,0,mid,0.0,2
T-117225,2,mid,0.1333,3
T-117226,1,low,0.0759,3
T-117227,1,mid,0.2,3
T-117228,1,mid,0.1429,3
T-117229,0,mid,0.0938,1
T-117230,1,none,0.0759,2
T-117231,6,low,0.3578,2
T-117232,0,low,0.0,3
T-117233,2,low,0.1412,2
T-117234,0,mid,0.0,2
T-117235,1,mid,0.1064,1
T-117236,5,high,0.2671,1
T-117237,1,none,0.4,2
T-117238,3,low,0.1515,2
T-117239,0,low,0.0714,3
T-117240,1,low,0.1447,3
T-117241,2,mid,0.2027,3
T-117242,1,none,0.0759,3
T-117243,6,mid,0.2671,3
T-117244,0,low,0.037,3
T-117245,2,mid,0.2372,1
T-117246,0,mid,0.0323,1
T-117247,1,mid,0.1654,2
T-117248,0,low,0.0588,3
T-117249,0,mid,0.0714,2
T-117250,0,mid,0.0833,3
T-117251,1,mid,0.3478,3
T-117252,3,mid,0.1746,3
T-117253,0,mid,0.1667,1
T-117254,0,mid,0.0,3
T-117255,0,mid,0.0588,1
T-117256,17,mid,0.338,1
T-117257,0,none,0.0323,3
T-117258,0,mid,0.0,3
T-117259,1,mid,0.25,1
T-117260,1,low,0.1923,3
T-117261,1,none,0.0959,3
T-117262,1,mid,0.4211,1
T-117263,1,none,0.1447,2
T-117264,1,mid,0.1429,2
T-117265,0,high,0.0667,3
T-117266,0,mid,0.0645,3
T-117267,1,mid,0.1364,2
T-117268,0,low,0.0,1
T-117269,0,mid,0.0256,3
T-117270,0,none,0.0,3
T-117271,17,mid,0.338,1
T-117272,0,mid,0.0667,3
T-117273,6,none,0.2671,3
T-117274,1,high,0.12,3
T-117275,4,mid,0.1472,2
T-117276,4,mid,0.1472,2
T-117277,1,high,0.0773,2
T-117278,2,mid,0.1765,3
T-117279,17,mid,0.338,1
T-117280,0,low,0.1818,3
T-117281,0,mid,0.0909,2
T-117282,1,low,0.0339,3
T-117283,3,mid,0.1316,3
T-117284,1,mid,0.02,3
T-117285,0,mid,0.0,2
T-117286,2,low,0.2381,3
T-117287,6,mid,0.1355,3
T-117288,2,low,0.0659,2
T-117289,6,low,0.2671,3
T-117290,0,none,0.0,3
T-117291,0,high,0.0,3
T-117292,2,none,0.0659,2
T-117293,0,low,0.1,1
T-117294,1,low,0.1538,2
T-117295,4,mid,0.1472,3
T-117296,0,none,0.0938,1
T-117297,1,mid,0.0759,3
T-117298,0,high,0.0783,2
T-117299,0,mid,0.1304,3
T-117300,4,none,0.1472,1
T-117301,0,low,0.0625,3
T-117302,0,low,0.1111,2
T-117303,3,high,0.1074,1
T-117304,3,low,0.4545,2
T-117305,6,none,0.3578,1
T-117306,3,mid,0.3401,1
T-117307,0,mid,0.0,3
T-117308,1,mid,0.1654,1
T-117309,0,low,0.0606,1
T-117310,1,mid,0.0519,3
T-117311,1,mid,0.0339,3
T-117312,4,mid,0.1472,3
T-117313,1,mid,0.1447,1
T-117314,0,mid,0.0435,2
T-117315,1,mid,0.2128,2
T-117316,6,low,0.3578,1
T-117317,3,mid,0.1015,1
T-117318,0,high,0.1,1
T-117319,4,mid,0.1074,3
T-117320,1,mid,0.125,2
T-117321,0,high,0.1778,1
T-117322,0,high,0.25,1
T-117323,0,low,0.1818,3
T-117324,0,mid,0.0,3
T-117325,0,low,0.0,3
T-117326,2,none,0.1849,3
T-117327,0,mid,0.1667,1
T-117328,0,low,0.0,3
T-117329,1,mid,0.3125,1
T-117330,1,high,0.0773,1
T-117331,2,mid,0.1064,3
T-117332,0,mid,0.0256,1
T-117333,1,mid,0.3846,1
T-117334,2,mid,0.2899,1
T-117335,2,mid,0.1311,2
T-117336,1,none,0.2812,3
T-117337,4,low,0.1472,3
T-117338,4,mid,0.1978,1
T-117339,0,mid,0.1667,3
T-117340,0,mid,0.0698,3
T-117341,3,high,0.0943,3
T-117342,6,mid,0.1355,2
T-117343,6,high,0.1355,1
T-117344,1,mid,0.163,1
T-117345,0,high,0.0403,3
T-117346,0,low,0.1818,2
T-117347,1,mid,0.1,2
T-117348,0,low,0.0,2
T-117349,0,mid,0.0,1
T-117350,0,none,0.0714,3
T-117351,0,high,0.2273,3
T-117352,0,low,0.0588,1
T-117353,0,mid,0.0571,2
T-117354,0,none,0.0698,3
T-117355,1,high,0.0222,2
T-117356,0,mid,0.0,3
T-117357,1,mid,0.1818,2
T-117358,1,mid,0.1351,3
T-117359,2,high,0.1071,3
T-117360,0,low,0.125,1
T-117361,2,high,0.1071,2
T-117362,0,mid,0.0,1
T-117363,1,mid,0.1538,2
T-117364,0,mid,0.0789,3
T-117365,0,mid,0.1,3
T-117366,1,low,0.1429,1
T-117367,1,mid,0.1667,2
T-117368,0,mid,0.0,2
T-117369,2,high,0.1277,1
T-117370,1,low,0.2195,3
T-117371,0,low,0.0263,3
T-117372,4,low,0.1074,1
T-117373,0,low,0.0455,1
T-117374,3,mid,0.3333,1
T-117375,0,mid,0.125,3
T-117376,0,none,0.0,2
T-117377,1,high,0.0773,1
T-117378,4,mid,0.1472,3
T-117379,5,mid,0.1611,2
T-117380,0,low,0.025,3
T-117381,0,high,0.0403,3
T-117382,0,low,0.0345,2
T-117383,0,low,0.0,3
T-117384,0,low,0.069,3
T-117385,0,low,0.3333,1
T-117386,0,low,0.1111,2
T-117387,0,low,0.0,3
T-117388,2,low,0.1311,3
T-117389,0,mid,0.0476,3
T-117390,0,mid,0.0526,2
T-117391,3,high,0.2372,3
T-117392,2,mid,0.1447,2
T-117393,2,none,0.1412,2
T-117394,0,mid,0.25,3
T-117395,0,high,0.1667,1
T-117396,6,mid,0.3684,1
T-117397,4,high,0.1176,2
T-117398,0,mid,0.25,1
T-117399,1,low,0.12,3
T-117400,2,mid,0.1579,3
T-117401,0,high,0.0566,1
T-117402,0,high,0.0256,3
T-117403,2,mid,0.1064,3
T-117404,3,low,0.2372,3
T-117405,0,low,0.4,2
T-117406,0,none,0.0714,1
T-117407,3,high,0.2372,3
T-117408,2,low,0.1064,3
T-117409,1,low,0.1333,3
T-117410,0,mid,0.0417,2
T-117411,3,high,0.1316,2
T-117412,0,low,0.0,3
T-117413,2,mid,0.163,3
T-117414,4,mid,0.3401,3
T-117415,0,low,0.2093,3
T-117416,2,mid,0.1311,1
T-117417,1,low,0.0488,3
T-117418,1,high,0.1915,1
T-117419,0,mid,0.0,1
T-117420,0,low,0.0385,3
T-117421,2,none,0.0659,3
T-117422,2,low,0.1071,1
T-117423,0,mid,0.0,2
T-117424,0,none,0.0667,3
T-117425,0,mid,0.0526,3
T-117426,2,mid,0.125,3
T-117427,2,high,0.0659,3
T-117428,0,mid,0.0,2
T-117429,1,mid,0.0345,2
T-117430,4,none,0.1611,1
T-117431,0,high,0.0337,3
T-117432,2,mid,0.0333,3
T-117433,0,mid,0.0935,1
T-117434,0,mid,0.0,3
T-117435,0,low,0.0,3
T-117436,1,low,0.1923,3
T-117437,2,none,0.1333,2
T-117438,2,mid,0.1039,2
T-117439,1,mid,0.4,3
T-117440,1,mid,0.1364,2
T-117441,0,high,0.037,3
T-117442,2,mid,0.15,1
T-117443,0,mid,0.0323,2
T-117444,1,mid,0.0588,3
T-117445,3,mid,0.3333,3
T-117446,0,none,0.0556,3
T-117447,2,mid,0.0773,3
T-117448,3,mid,0.1429,2
T-117449,0,mid,0.0,2
T-117450,0,mid,0.0,3
T-117451,1,mid,0.1417,3
T-117452,2,mid,0.163,3
T-117453,0,low,0.0,3
T-117454,2,none,0.1159,2
T-117455,0,high,0.0926,1
T-117456,0,low,0.0741,3
T-117457,0,mid,0.0,3
T-117458,0,low,0.0714,3
T-117459,0,low,0.1111,2
T-117460,1,mid,0.1417,1
T-117461,3,high,0.0943,3
T-117462,7,none,0.1355,2
T-117463,2,mid,0.0773,3
T-117464,0,mid,0.125,1
T-117465,5,high,0.1611,1
T-117466,2,mid,0.0773,2
T-117467,0,high,0.25,1
T-117468,3,mid,0.2372,1
T-117469,0,low,0.025,3
T-117470,0,none,0.0411,1
T-117471,0,none,0.0417,3
T-117472,0,none,0.0476,2
T-117473,2,none,0.1556,3
T-117474,1,mid,0.02,3
T-117475,1,mid,0.0222,2
T-117476,1,mid,0.0222,3
T-117477,0,high,0.0,3
T-117478,6,none,0.2671,2
T-117479,0,mid,0.0417,1
T-117480,0,low,0.0526,3
T-117481,0,mid,0.0323,3
T-117482,0,low,0.1579,2
T-117483,0,mid,0.0,3
T-117484,1,none,0.0392,3
T-117485,1,mid,0.2195,3
T-117486,2,mid,0.0659,2
T-117487,2,mid,0.1654,3
T-117488,4,none,0.3125,3
T-117489,0,low,0.0938,3
T-117490,1,mid,0.1176,2
T-117491,2,mid,0.0773,1
T-117492,0,mid,0.0,2
T-117493,0,none,0.0,3
T-117494,0,mid,0.0,2
T-117495,6,mid,0.2671,1
T-117496,0,mid,0.1818,1
T-117497,3,none,0.15,3
T-117498,1,mid,0.1538,3
T-117499,2,mid,0.0959,3
T-117500,4,none,0.1015,3
T-117501,0,mid,0.0,3
T-117502,0,low,0.0476,3
T-117503,0,high,0.1667,1
T-117504,0,low,0.0588,2
T-117505,1,mid,0.0606,3
T-117506,3,mid,0.3333,1
T-117507,0,high,0.1071,3
T-117508,2,mid,0.2963,1
T-117509,0,low,0.1111,2
T-117510,0,mid,0.0625,2
T-117511,6,mid,0.1611,1
T-117512,3,mid,0.1311,3
T-117513,3,high,0.1746,1
T-117514,3,mid,0.1333,1
T-117515,0,low,0.0333,1
T-117516,0,none,0.0645,3
T-117517,0,none,0.1053,3
T-117518,0,mid,0.0455,3
T-117519,0,mid,0.0,2
T-117520,1,mid,0.0435,1
T-117521,0,low,0.0541,2
T-117522,0,mid,0.0,3
T-117523,0,mid,0.0256,2
T-117524,1,mid,0.1011,2
T-117525,0,none,0.2093,3
T-117526,2,none,0.1412,3
T-117527,3,none,0.0773,2
T-117528,2,high,0.163,2
T-117529,0,mid,0.125,1
T-117530,0,mid,0.1778,1
T-117531,1,mid,0.1277,2
T-117532,1,mid,0.0909,1
T-117533,3,none,0.1277,2
T-117534,0,mid,0.1111,3
T-117535,0,mid,0.2059,1
T-117536,0,mid,0.0323,3
T-117537,0,mid,0.0337,2
T-117538,7,mid,0.1611,2
T-117539,2,mid,0.2941,2
T-117540,0,mid,0.1515,2
T-117541,4,high,0.1074,1
T-117542,1,high,0.0222,1
T-117543,0,none,0.0645,3
T-117544,0,low,0.0,3
T-117545,0,none,,3
T-117546,0,mid,0.0303,2
T-117547,2,none,0.1447,3
T-117548,2,mid,0.0909,3
T-117549,2,none,0.1196,3
T-117550,1,mid,0.1915,3
T-117551,1,low,0.1333,1
T-117552,0,low,0.0,3
T-117553,3,none,0.1429,3
T-117554,1,mid,0.1429,2
T-117555,0,mid,0.0625,2
T-117556,3,low,0.0773,3
T-117557,4,mid,0.1746,3
T-117558,0,mid,0.0789,2
T-117559,4,high,0.1074,3
T-117560,0,mid,0.0256,3
T-117561,7,high,0.2671,2
T-117562,2,mid,0.125,3
T-117563,3,mid,0.2372,3
T-117564,4,mid,0.3333,3
T-117565,1,mid,0.0976,2
T-117566,0,mid,0.2,1
T-117567,0,none,0.1127,3
T-117568,0,none,0.0,2
T-117569,7,mid,0.1611,2
T-117570,1,mid,0.0488,1
T-117571,5,mid,0.213,3
T-117572,0,mid,0.2,2
T-117573,3,mid,0.1515,3
T-117574,0,mid,0.025,3
T-117575,2,low,0.3846,2
T-117576,1,none,0.2,3
T-117577,0,mid,0.0,3
T-117578,2,none,0.1316,1
T-117579,1,mid,0.0784,2
T-117580,4,none,0.1015,2
T-117581,0,low,0.1429,2
T-117582,0,mid,0.2857,3
T-117583,0,mid,0.0909,3
T-117584,0,low,0.0,2
T-117585,2,mid,0.0659,3
T-117586,0,low,0.0,3
T-117587,3,mid,0.1333,3
T-117588,0,none,0.0333,3
T-117589,1,mid,0.0588,1
T-117590,0,mid,0.0526,2
T-117591,4,mid,0.1015,3
T-117592,4,mid,0.3125,3
T-117593,0,mid,0.2093,3
T-117594,3,low,0.1429,1
T-117595,0,mid,0.0952,3
T-117596,0,high,0.0769,3
T-117597,3,none,0.2372,3
T-117598,0,mid,0.0,3
T-117599,7,low,0.1611,2
T-117600,3,mid,0.2372,3
T-117601,3,none,0.0943,3
T-117602,2,low,0.1849,3
T-117603,3,mid,0.1311,3
T-117604,0,low,0.0,3
T-117605,1,mid,0.1778,1
T-117606,0,low,0.0,1
T-117607,3,low,0.1333,1
T-117608,18,none,0.338,1
T-117609,0,none,0.125,2
T-117610,1,mid,0.1538,1
T-117611,1,high,0.1818,3
T-117612,0,low,0.1071,3
T-117613,0,mid,0.25,1
T-117614,0,none,0.0,3
T-117615,2,low,0.1447,1
T-117616,1,none,0.0781,1
T-117617,0,mid,0.2222,3
T-117618,3,mid,0.2899,1
T-117619,2,high,0.0659,3
T-117620,3,mid,0.1429,2
T-117621,1,low,0.2857,1
T-117622,0,high,0.0303,1
T-117623,3,mid,0.0773,2
T-117624,2,none,0.0959,3
T-117625,0,mid,0.2,1
T-117626,1,mid,0.125,2
T-117627,0,high,0.1111,3
T-117628,0,mid,0.0,2
T-117629,0,low,0.0,1
T-117630,2,mid,0.2963,1
T-117631,0,none,0.0833,3
T-117632,2,mid,0.1159,1
T-117633,0,mid,0.0,3
T-117634,0,low,0.1667,3
T-117635,0,none,0.025,1
T-117636,1,mid,0.1,1
T-117637,0,none,0.0455,3
T-117638,18,mid,0.338,1
T-117639,1,high,0.0339,2
T-117640,2,mid,0.1316,3
T-117641,2,mid,0.1316,3
T-117642,1,mid,0.1714,2
T-117643,0,low,0.1333,3
T-117644,1,mid,0.125,3
T-117645,1,high,0.1852,1
T-117646,4,high,0.3125,3
T-117647,3,mid,0.2372,3
T-117648,3,mid,0.1447,3
T-117649,1,low,0.0926,3
T-117650,0,none,0.069,3
T-117651,1,mid,0.4,1
T-117652,4,mid,0.1015,2
T-117653,3,low,0.2963,1
T-117654,3,low,0.0943,3
T-117655,0,low,0.1053,3
T-117656,1,high,0.1011,1
T-117657,0,mid,0.0,2
T-117658,0,mid,0.0,2
T-117659,1,low,0.02,2
T-117660,2,mid,0.0959,1
T-117661,0,none,0.0,3
T-117662,0,low,0.0,3
T-117663,1,high,0.0926,3
T-117664,0,low,0.0667,2
T-117665,1,mid,0.0339,3
T-117666,0,mid,0.375,1
T-117667,1,none,0.0488,3
T-117668,0,mid,0.1429,3
T-117669,0,mid,0.0783,3
T-117670,2,high,0.0333,3
T-117671,0,high,0.0645,2
T-117672,0,mid,0.1111,1
T-117673,0,mid,0.1481,2
T-117674,0,none,0.0625,3
T-117675,0,high,0.0541,2
T-117676,0,mid,0.0625,3
T-117677,0,mid,0.125,3
T-117678,3,mid,0.2372,1
T-117679,1,mid,0.0769,3
T-117680,3,high,0.1765,2
T-117681,0,low,0.0333,2
T-117682,0,high,0.0471,2
T-117683,3,high,0.15,2
T-117684,2,mid,0.1778,3
T-117685,0,high,0.0,2
T-117686,6,mid,0.3578,3
T-117687,0,mid,0.0,3
T-117688,2,mid,0.1316,3
T-117689,1,mid,0.0784,3
T-117690,0,low,0.0714,2
T-117691,0,high,0.125,3
T-117692,2,mid,0.1196,2
T-117693,0,mid,0.1765,3
T-117694,0,low,0.1778,3
T-117695,0,mid,0.0,3
T-117696,2,none,0.0588,3
T-117697,4,mid,0.1746,1
T-117698,2,mid,0.0222,3
T-117699,0,low,0.0435,3
T-117700,2,none,0.0909,2
T-117701,0,low,0.0833,3
T-117702,0,none,0.1176,1
T-117703,0,mid,0.04,3
T-117704,0,none,0.0723,1
T-117705,1,mid,0.02,3
T-117706,0,mid,0.0,3
T-117707,0,mid,0.1515,3
T-117708,0,mid,0.0,2
T-117709,1,mid,0.125,2
T-117710,1,mid,0.2121,1
T-117711,0,none,0.1481,1
T-117712,0,low,1.0,1
T-117713,0,high,0.0526,2
T-117714,3,mid,0.1447,2
T-117715,20,low,0.338,2
T-117716,4,high,0.3401,1
T-117717,0,mid,0.0,3
T-117718,0,mid,0.0,2
T-117719,0,none,0.0,3
T-117720,0,high,0.0,1
T-117721,2,none,0.1515,2
T-117722,2,high,0.0222,3
T-117723,0,mid,0.0337,2
T-117724,2,mid,0.1039,1
T-117725,0,low,0.0645,3
T-117726,5,high,0.1472,3
T-117727,0,mid,0.0411,3
T-117728,0,low,0.0,3
T-117729,5,high,0.213,3
T-117730,0,low,0.0,1
T-117731,0,mid,0.0,3
T-117732,0,low,0.0,3
T-117733,3,none,0.2372,2
T-117734,3,mid,0.1277,2
T-117735,4,none,0.1978,1
T-117736,2,high,0.1579,3
T-117737,0,low,0.1667,2
T-117738,0,low,0.0455,3
T-117739,1,low,0.1667,3
T-117740,20,none,0.338,3
T-117741,0,mid,0.0,3
T-117742,0,mid,0.0417,1
T-117743,0,mid,0.0476,1
T-117744,0,none,0.0411,3
T-117745,0,high,0.0851,2
T-117746,0,mid,0.0645,3
T-117747,2,high,0.0959,1
T-117748,2,low,0.2857,2
T-117749,0,mid,0.0645,3
T-117750,0,high,0.0541,3
T-117751,0,high,0.0,1
T-117752,2,mid,0.1654,1
T-117753,2,low,0.1064,1
T-117754,1,mid,0.0392,3
T-117755,1,high,0.2174,2
T-117756,0,low,0.0714,2
T-117757,3,mid,0.1429,2
T-117758,2,mid,0.2208,3
T-117759,2,low,0.1011,1
T-117760,3,mid,0.4,2
T-117761,0,mid,0.0,3
T-117762,0,mid,0.0952,1
T-117763,2,none,0.0659,2
T-117764,0,low,0.0,1
T-117765,0,high,0.0789,1
T-117766,1,mid,0.1538,3
T-117767,5,mid,0.1472,3
T-117768,0,high,0.2,1
T-117769,1,mid,0.1176,1
T-117770,4,mid,0.6667,2
T-117771,1,mid,0.1,3
T-117772,5,low,0.3881,2
T-117773,3,mid,0.1071,2
T-117774,3,low,0.1071,3
T-117775,3,high,0.1447,2
T-117776,1,mid,0.0781,2
T-117777,3,mid,0.4,2
T-117778,1,low,0.0488,2
T-117779,3,mid,0.0773,2
T-117780,3,none,0.1299,3
T-117781,0,low,0.0667,3
T-117782,0,none,0.0,3
T-117783,0,mid,0.0625,3
T-117784,1,none,0.2059,1
T-117785,0,mid,0.0,3
T-117786,1,none,0.1667,3
T-117787,0,low,0.0,3
T-117788,2,high,0.1316,1
T-117789,0,mid,0.04,2
T-117790,0,mid,0.1111,2
T-117791,6,none,0.3684,2
T-117792,0,none,0.1538,1
T-117793,0,mid,0.1818,3
T-117794,1,low,0.0339,3
T-117795,1,mid,0.1667,3
T-117796,2,mid,0.0909,1
T-117797,1,none,0.0959,2
T-117798,1,high,0.2128,3
T-117799,1,mid,0.0588,1
T-117800,0,mid,,1
T-117801,0,low,0.1667,2
T-117802,1,high,0.1429,3
T-117803,0,high,0.0323,1
T-117804,1,mid,0.1429,3
T-117805,4,mid,0.3333,3
T-117806,0,none,0.2308,2
T-117807,1,high,0.0345,2
T-117808,3,mid,0.0773,2
T-117809,4,low,0.3125,2
T-117810,0,low,0.0,3
T-117811,0,low,0.0833,3
T-117812,3,mid,0.0943,2
T-117813,3,none,0.1316,3
T-117814,0,none,0.0,3
T-117815,4,mid,0.1176,1
T-117816,4,mid,0.1176,2
T-117817,2,high,0.1515,1
T-117818,0,low,0.0741,1
T-117819,0,mid,0.3478,1
T-117820,0,low,0.0323,3
T-117821,2,mid,0.0333,1
T-117822,2,mid,0.1778,3
T-117823,4,mid,0.1333,3
T-117824,0,low,0.0,2
T-117825,4,mid,0.2899,3
T-117826,3,high,0.1429,1
T-117827,1,low,0.0926,2
T-117828,0,mid,0.0,1
T-117829,7,high,0.1611,3
T-117830,7,none,0.1611,2
T-117831,0,mid,0.0566,3
T-117832,0,mid,0.1778,3
T-117833,2,mid,0.0659,3
T-117834,3,mid,0.1015,3
T-117835,0,mid,0.1379,3
T-117836,3,mid,0.15,3
T-117837,0,high,0.1429,3
T-117838,1,mid,0.1923,1
T-117839,1,mid,0.2667,3
T-117840,1,none,0.1923,2
T-117841,3,mid,0.1159,1
T-117842,0,low,0.1667,3
T-117843,2,mid,0.1064,3
T-117844,1,mid,0.1771,1
T-117845,1,none,0.0392,3
T-117846,0,high,0.0789,2
T-117847,0,high,0.0625,2
T-117848,1,mid,0.0714,2
T-117849,0,mid,0.2308,1
T-117850,0,mid,0.16,3
T-117851,3,mid,0.1071,3
T-117852,0,mid,0.1818,3
T-117853,1,high,0.1429,3
T-117854,0,mid,0.0403,2
T-117855,2,low,0.2381,3
T-117856,4,mid,0.1074,2
T-117857,2,mid,0.0222,2
T-117858,0,low,0.0851,2
T-117859,3,none,0.1654,3
T-117860,5,none,0.213,2
T-117861,0,high,0.0556,2
T-117862,2,high,0.2208,1
T-117863,1,high,0.0784,3
T-117864,0,mid,0.0403,3
T-117865,0,mid,0.0,3
T-117866,0,high,0.3333,1
T-117867,0,high,0.1429,3
T-117868,5,high,0.213,3
T-117869,0,mid,0.0,3
T-117870,0,low,0.069,3
T-117871,3,mid,0.1447,3
T-117872,1,high,0.1667,2
T-117873,1,high,0.4,1
T-117874,2,none,0.163,2
T-117875,5,mid,0.3401,3
T-117876,0,mid,0.04,3
T-117877,0,mid,0.0566,1
T-117878,1,mid,0.1176,2
T-117879,3,high,0.1011,3
T-117880,0,none,0.0909,1
T-117881,0,low,0.0,3
T-117882,0,mid,,2
T-117883,1,low,0.1304,3
T-117884,1,high,0.1556,1
T-117885,2,mid,0.0222,3
T-117886,1,mid,0.1111,3
T-117887,4,low,0.1074,2
T-117888,2,low,0.1015,1
T-117889,0,low,0.0,3
T-117890,2,mid,0.1905,1
T-117891,4,mid,0.1074,2
T-117892,1,mid,0.1739,3
T-117893,0,mid,0.0909,2
T-117894,1,low,0.2812,1
T-117895,0,mid,0.1333,2
T-117896,0,none,0.0625,3
T-117897,1,low,0.1818,1
T-117898,0,mid,0.1053,2
T-117899,3,mid,0.1159,1
T-117900,2,mid,0.1818,3
T-117901,2,high,0.0588,1
T-117902,0,mid,0.025,3
T-117903,0,mid,0.0,2
T-117904,6,low,0.3578,1
T-117905,1,low,0.1538,2
T-117906,7,mid,0.1611,3
T-117907,4,mid,0.1978,1
T-117908,0,mid,0.1034,3
T-117909,1,mid,0.1169,2
T-117910,4,mid,0.1978,1
T-117911,0,none,0.0,2
T-117912,0,low,0.0625,2
T-117913,3,none,0.1765,2
T-117914,1,high,0.1915,1
T-117915,3,mid,0.1015,3
T-117916,2,low,0.1778,3
T-117917,0,mid,0.1429,3
T-117918,0,mid,0.0294,3
T-117919,0,low,0.0,3
T-117920,0,mid,0.0833,3
T-117921,0,low,0.0,1
T-117922,1,high,0.0784,2
T-117923,0,low,0.0526,1
T-117924,0,mid,0.0723,3
T-117925,1,low,0.2195,1
T-117926,2,mid,0.1771,3
T-117927,0,mid,0.0,3
T-117928,0,low,0.0,3
T-117929,2,low,0.1429,3
T-117930,0,mid,0.1778,2
T-117931,0,high,0.0411,3
T-117932,3,mid,0.1011,1
T-117933,1,none,0.1176,1
T-117934,1,mid,0.2174,1
T-117935,2,mid,0.1429,3
T-117936,0,mid,0.0,2
T-117937,0,mid,0.0,2
T-117938,0,mid,0.1111,3
T-117939,5,none,0.1074,2
T-117940,1,high,0.0345,3
T-117941,0,mid,0.0789,3
T-117942,0,mid,0.0385,2
T-117943,2,none,0.4,3
T-117944,0,mid,0.0,3
T-117945,2,high,0.0333,2
T-117946,4,none,0.1746,3
T-117947,0,none,0.2083,2
T-117948,0,none,0.0,3
T-117949,2,mid,0.1778,3
T-117950,0,high,0.125,1
T-117951,1,high,0.0519,3
T-117952,2,none,0.0659,2
T-117953,1,high,0.2027,1
T-117954,1,low,0.1714,2
T-117955,0,low,0.5455,3
T-117956,1,high,0.0345,3
T-117957,1,mid,0.25,1
T-117958,3,high,0.1447,3
T-117959,0,high,0.1538,3
T-117960,0,low,0.0,3
T-117961,1,none,0.0759,3
T-117962,3,mid,0.3896,1
T-117963,1,none,0.1,3
T-117964,2,high,0.1429,1
T-117965,2,none,0.1412,1
T-117966,2,low,0.1818,2
T-117967,0,mid,0.0,2
T-117968,0,mid,0.0638,3
T-117969,3,mid,0.0773,3
T-117970,0,mid,0.0,3
T-117971,5,high,0.1746,2
T-117972,0,none,0.0667,2
T-117973,1,mid,0.0759,3
T-117974,2,none,0.1429,3
T-117975,3,high,0.0773,2
T-117976,5,none,0.1746,1
T-117977,1,high,0.125,2
T-117978,0,low,0.0,2
T-117979,1,mid,0.0759,2
T-117980,0,low,0.0323,1
T-117981,3,high,0.0773,3
T-117982,0,high,0.0667,2
T-117983,2,mid,0.4,2
T-117984,0,mid,0.1111,3
T-117985,0,low,0.0541,1
T-117986,1,mid,0.0759,2
T-117987,0,mid,0.0455,1
T-117988,1,low,0.0488,3
T-117989,3,mid,0.1216,1
T-117990,0,mid,0.1667,1
T-117991,2,none,0.0222,3
T-117992,0,mid,0.0,2
T-117993,2,low,0.1771,3
T-117994,5,mid,0.213,2
T-117995,2,mid,0.0588,3
T-117996,1,mid,0.2,3
T-117997,0,low,0.0,2
T-117998,0,none,0.0303,3
T-117999,2,mid,0.0909,2
T-118000,0,low,0.0345,3
T-118001,0,mid,0.0,2
T-118002,2,none,0.1196,3
T-118003,2,none,0.1579,2
T-118004,2,low,0.2381,1
T-118005,3,low,0.4,1
T-118006,0,low,0.0,2
T-118007,2,none,0.2381,2
T-118008,0,high,0.0403,3
T-118009,0,mid,0.1538,1
T-118010,0,mid,0.15,3
T-118011,1,low,0.0345,1
T-118012,0,mid,0.0526,3
T-118013,0,none,0.0625,3
T-118014,3,high,0.3125,1
T-118015,1,mid,0.2,3
T-118016,0,none,0.0476,3
T-118017,0,mid,0.0909,3
T-118018,0,mid,0.0,3
T-118019,3,high,0.0943,1
T-118020,0,mid,0.1111,1
T-118021,1,mid,0.0784,3
T-118022,3,none,0.1515,3
T-118023,2,high,0.0222,3
T-118024,7,high,0.1611,3
T-118025,3,mid,0.1447,2
T-118026,0,low,0.0,3
T-118027,0,low,0.0,2
T-118028,3,mid,0.1015,3
T-118029,1,none,0.1,2
T-118030,6,mid,0.2671,1
T-118031,0,low,0.0909,1
T-118032,0,none,0.1429,3
T-118033,0,low,0.0526,1
T-118034,3,mid,0.0773,3
T-118035,1,mid,0.2857,2
T-118036,1,none,0.1176,1
T-118037,0,mid,0.4,1
T-118038,2,high,0.2857,2
T-118039,3,mid,0.1071,3
T-118040,1,high,0.0926,3
T-118041,0,high,0.0,3
T-118042,1,low,0.1538,3
T-118043,1,mid,0.0759,1
T-118044,0,mid,0.0,3
T-118045,3,none,0.0773,3
T-118046,0,none,0.0,3
T-118047,0,low,0.0723,1
T-118048,2,high,0.1417,3
T-118049,3,none,0.1515,2
T-118050,1,mid,0.1,3
T-118051,1,none,0.0741,3
T-118052,1,low,0.0759,3
T-118053,4,mid,0.1216,3
T-118054,0,mid,0.1333,2
T-118055,4,mid,0.1011,3
T-118056,3,low,0.1654,2
T-118057,2,mid,0.0333,3
T-118058,3,mid,0.1515,3
T-118059,0,mid,0.1053,1
T-118060,0,mid,0.0698,1
T-118061,0,low,0.0,3
T-118062,5,none,0.1074,3
T-118063,0,high,0.1515,3
T-118064,1,low,0.1538,1
T-118065,2,none,0.1064,2
T-118066,5,low,0.1074,1
T-118067,0,low,0.0,3
T-118068,3,none,0.1447,2
T-118069,0,high,0.2093,3
T-118070,0,mid,0.0556,3
T-118071,0,low,0.25,3
T-118072,5,mid,0.1074,3
T-118073,0,mid,0.3333,2
T-118074,0,mid,0.1667,2
T-118075,1,mid,0.12,2
T-118076,0,mid,0.0403,3
T-118077,1,high,0.1538,1
T-118078,2,mid,0.1852,1
T-118079,1,none,0.0789,3
T-118080,0,low,0.0,1
T-118081,4,mid,0.1011,2
T-118082,0,none,0.0,3
T-118083,0,mid,0.0294,2
T-118084,0,mid,0.0,3
T-118085,5,high,0.213,3
T-118086,3,mid,0.0959,3
T-118087,1,low,0.1111,2
T-118088,0,mid,0.0,3
T-118089,2,mid,0.1778,2
T-118090,0,high,0.1111,2
T-118091,0,none,0.0,3
T-118092,2,mid,0.1429,2
T-118093,0,none,0.0909,3
T-118094,0,mid,0.0345,2
T-118095,1,high,0.1169,2
T-118096,0,mid,0.0,2
T-118097,18,mid,0.338,2
T-118098,0,none,0.0,3
T-118099,2,none,0.2381,3
T-118100,1,low,0.0769,2
T-118101,18,mid,0.338,1
T-118102,1,low,0.0893,1
T-118103,4,mid,0.1472,3
T-118104,1,low,0.3125,1
T-118105,0,low,0.0,1
T-118106,0,mid,0.0,3
T-118107,0,low,0.0952,3
T-118108,0,mid,0.0,3
T-118109,2,mid,0.1849,2
T-118110,2,low,0.1333,1
T-118111,1,mid,0.2778,2
T-118112,2,mid,0.1654,3
T-118113,0,mid,0.1379,2
T-118114,1,low,0.0519,2
T-118115,4,low,0.2963,3
T-118116,0,none,0.0,2
T-118117,0,none,0.0667,3
T-118118,0,mid,0.04,1
T-118119,0,low,0.0625,1
T-118120,0,low,0.0783,3
T-118121,0,mid,0.0,3
T-118122,1,mid,0.0345,2
T-118123,4,mid,0.1011,3
T-118124,4,none,0.3333,3
T-118125,1,high,0.1538,1
T-118126,0,mid,0.0,3
T-118127,1,low,0.0392,2
T-118128,2,low,0.0222,2
T-118129,5,low,0.3401,3
T-118130,1,low,0.1667,2
T-118131,3,mid,0.0588,3
T-118132,0,none,0.0333,3
T-118133,2,mid,0.163,1
T-118134,1,low,0.1143,3
T-118135,0,none,0.0,2
T-118136,2,mid,0.2941,3
T-118137,2,high,0.1429,3
T-118138,1,high,0.3333,2
T-118139,6,mid,0.1074,2
T-118140,5,mid,0.1978,3
T-118141,0,mid,0.0,2
T-118142,0,mid,0.0938,1
T-118143,0,low,0.04,3
T-118144,0,mid,0.0476,1
T-118145,0,mid,0.0625,3
T-118146,1,low,0.1277,2
T-118147,0,mid,,3
T-118148,5,low,0.1978,3
T-118149,3,none,0.1316,1
T-118150,1,none,0.0789,3
T-118151,0,none,0.0556,3
T-118152,2,none,0.1923,2
T-118153,6,high,0.1074,3
T-118154,0,mid,0.0755,1
T-118155,4,mid,0.1216,3
T-118156,0,low,0.1875,3
T-118157,0,mid,0.037,3
T-118158,0,none,0.0,3
T-118159,5,high,0.1978,3
T-118160,1,mid,0.1667,3
T-118161,2,mid,0.1299,3
T-118162,0,low,0.1071,2
T-118163,1,mid,0.1481,3
T-118164,0,mid,0.0,2
T-118165,0,low,0.0403,3
T-118166,1,mid,0.1667,1
T-118167,19,high,0.338,1
T-118168,0,low,0.0,3
T-118169,3,high,0.0773,3
T-118170,0,low,0.0755,1
T-118171,3,mid,0.0773,2
T-118172,1,mid,0.0659,3
T-118173,1,low,0.2059,3
T-118174,5,mid,0.1176,3
T-118175,4,high,0.2899,3
T-118176,6,mid,0.3578,1
T-118177,3,mid,0.1515,3
T-118178,1,low,0.1176,1
T-118179,0,low,0.0,2
T-118180,3,low,0.2372,2
T-118181,4,mid,0.3125,1
T-118182,0,high,0.1127,1
T-118183,2,mid,0.1923,3
T-118184,0,mid,0.1667,3
T-118185,19,high,0.338,3
T-118186,0,low,0.25,1
T-118187,0,low,0.1034,3
T-118188,3,mid,0.0588,3
T-118189,0,mid,0.1515,1
T-118190,2,high,0.15,3
T-118191,3,none,0.0959,2
T-118192,0,mid,0.0783,3
T-118193,3,mid,0.0588,3
T-118194,1,low,0.1169,3
T-118195,0,none,0.0,2
T-118196,7,mid,0.1355,3
T-118197,0,low,0.3333,2
T-118198,0,none,0.0,3
T-118199,1,mid,0.1429,1
T-118200,0,mid,0.0,3
T-118201,2,high,0.1654,3
T-118202,2,high,0.1429,2
T-118203,0,mid,0.0,3
T-118204,1,mid,0.12,2
T-118205,2,high,0.1915,1
T-118206,2,mid,0.1538,3
T-118207,0,high,0.0,3
T-118208,0,none,0.2093,3
T-118209,2,high,0.3061,1
T-118210,0,low,0.0,2
T-118211,7,mid,0.1611,1
T-118212,0,mid,0.0638,3
T-118213,4,mid,0.3333,3
T-118214,3,high,0.1515,3
T-118215,0,low,0.1304,1
T-118216,0,low,0.0476,1
T-118217,1,low,0.1304,2
T-118218,2,mid,0.1412,2
T-118219,0,mid,0.0638,3
T-118220,18,none,0.338,3
T-118221,2,mid,0.0759,3
T-118222,4,high,0.1472,3
T-118223,1,mid,0.0935,1
T-118224,0,high,0.0323,1
T-118225,0,mid,0.3333,1
T-118226,0,none,0.0,3
T-118227,2,mid,0.1039,3
T-118228,5,low,0.213,1
T-118229,0,high,0.0256,2
T-118230,4,high,0.1472,3
T-118231,2,mid,0.15,1
T-118232,0,mid,0.1081,2
T-118233,2,none,0.2121,2
T-118234,2,low,0.0333,2
T-118235,0,mid,0.0,2
T-118236,0,low,0.0588,2
T-118237,1,low,0.1923,1
T-118238,2,mid,0.1417,2
T-118239,0,low,0.0471,3
T-118240,2,mid,0.1064,3
T-118241,1,none,0.0976,3
T-118242,3,high,0.2372,1
T-118243,0,mid,0.3333,3
T-118244,0,low,0.0,2
T-118245,0,high,0.0385,2
T-118246,0,low,0.0,3
T-118247,1,mid,0.3125,3
T-118248,1,mid,0.1556,3
T-118249,0,mid,0.1429,3
T-118250,1,high,0.0488,3
T-118251,2,none,0.2308,3
T-118252,1,mid,0.0659,3
T-118253,4,none,0.1333,2
T-118254,0,low,0.0755,2
T-118255,0,high,0.5,1
T-118256,1,none,0.25,3
T-118257,0,low,0.0,2
T-118258,3,high,0.0588,3
T-118259,0,mid,,3
T-118260,3,high,0.1515,1
T-118261,0,none,0.0,2
T-118262,0,none,0.0,1
T-118263,1,none,0.1429,1
T-118264,0,low,0.0,3
T-118265,0,high,0.0337,3
T-118266,2,mid,0.1299,1
T-118267,0,mid,0.1818,1
T-118268,0,mid,0.1429,3
T-118269,7,mid,0.1611,2
T-118270,3,low,0.1515,3
T-118271,1,high,0.0769,2
T-118272,6,mid,0.1074,2
T-118273,6,mid,0.1746,3
T-118274,0,low,0.0909,1
T-118275,0,mid,0.0526,3
T-118276,1,none,0.0784,3
T-118277,0,mid,0.0,3
T-118278,0,low,0.0,3
T-118279,3,high,0.1311,2
T-118280,2,mid,0.1771,1
T-118281,0,mid,0.0783,3
T-118282,0,mid,0.0,2
T-118283,0,mid,0.1071,3
T-118284,1,mid,0.1111,3
T-118285,18,mid,0.338,1
T-118286,0,low,0.025,1
T-118287,2,low,0.1039,3
T-118288,2,mid,0.0759,1
T-118289,1,mid,0.1277,3
T-118290,0,mid,0.1875,3
T-118291,2,low,0.1923,2
T-118292,1,low,0.1,1
T-118293,0,mid,0.0,1
T-118294,0,mid,0.1081,1
T-118295,4,low,0.1011,2
T-118296,1,mid,0.0784,3
T-118297,1,mid,0.1667,1
T-118298,5,mid,0.1978,2
T-118299,2,mid,0.2027,3
T-118300,2,none,0.2308,3
T-118301,2,low,0.0222,3
T-118302,4,low,0.2372,1
T-118303,2,high,0.1417,3
T-118304,1,low,0.0339,1
T-118305,0,mid,0.1429,1
T-118306,0,low,0.1778,3
T-118307,3,mid,0.1015,1
T-118308,0,low,0.1429,3
T-118309,0,low,0.0714,1
T-118310,3,mid,0.1277,1
T-118311,0,mid,0.0,2
T-118312,3,mid,0.1915,2
T-118313,0,mid,0.04,2
T-118314,0,mid,0.4,1
T-118315,0,none,0.0645,2
T-118316,0,mid,0.0,3
T-118317,0,low,0.25,1
T-118318,0,low,0.0,1
T-118319,1,none,0.0976,3
T-118320,1,mid,0.1667,3
T-118321,3,mid,0.0759,3
T-118322,4,mid,0.1216,1
T-118323,4,low,0.0943,3
T-118324,0,mid,0.0,3
T-118325,3,none,0.163,3
T-118326,0,mid,0.0,2
T-118327,4,mid,0.1333,1
T-118328,1,mid,0.1169,3
T-118329,0,low,0.0,2
T-118330,0,low,0.0,2
T-118331,0,mid,0.0,3
T-118332,0,low,0.0,3
T-118333,0,mid,0.0256,3
T-118334,0,high,0.1778,3
T-118335,0,mid,0.2,1
T-118336,0,none,0.2857,1
T-118337,0,low,0.0471,3
T-118338,3,mid,0.1316,3
T-118339,0,mid,0.0781,3
T-118340,2,none,0.1429,3
T-118341,1,low,0.02,1
T-118342,1,high,0.0959,2
T-118343,0,mid,0.1364,1
T-118344,3,mid,0.1915,1
T-118345,1,none,0.1429,2
T-118346,0,low,0.0,2
T-118347,3,high,0.0959,3
T-118348,0,low,0.0471,3
T-118349,6,mid,0.2671,2
T-118350,0,mid,0.0,3
T-118351,5,mid,0.1333,3
T-118352,3,mid,0.1447,2
T-118353,0,mid,0.0638,1
T-118354,2,mid,0.1538,1
T-118355,6,mid,0.2671,2
T-118356,0,mid,0.25,1
T-118357,1,low,0.2667,2
T-118358,0,high,0.0471,3
T-118359,1,high,0.0659,3
T-118360,0,mid,0.069,2
T-118361,0,mid,0.0,2
T-118362,2,none,0.2027,3
T-118363,4,low,0.1015,3
T-118364,0,mid,0.0833,3
T-118365,0,none,0.0,3
T-118366,4,high,0.1015,3
T-118367,0,low,0.0909,3
T-118368,4,mid,0.1472,3
T-118369,1,mid,0.1169,1
T-118370,1,mid,0.12,3
T-118371,0,low,,3
T-118372,3,high,0.163,1
T-118373,0,mid,0.0,1
T-118374,0,mid,0.0,2
T-118375,4,mid,0.0943,3
T-118376,1,mid,0.0723,1
T-118377,5,mid,0.3125,2
T-118378,0,mid,0.0,3
T-118379,7,none,0.1355,3
T-118380,0,mid,0.1429,3
T-118381,19,high,0.338,2
T-118382,4,mid,0.1159,2
T-118383,0,none,0.0403,2
T-118384,1,none,0.0659,3
T-118385,0,mid,0.0,2
T-118386,1,mid,0.0976,3
T-118387,0,none,0.1818,1
T-118388,7,mid,0.1611,3
T-118389,3,high,0.1447,2
T-118390,2,mid,0.1778,1
T-118391,1,low,0.0526,3
T-118392,0,mid,0.0645,1
T-118393,3,low,0.1316,2
T-118394,2,mid,0.1429,1
T-118395,7,low,0.3578,1
T-118396,0,mid,0.0411,3
T-118397,4,mid,0.3125,2
T-118398,0,mid,0.0,3
T-118399,1,mid,0.0723,3
T-118400,3,mid,0.0588,3
T-118401,2,none,0.1515,3
T-118402,4,mid,0.1472,3
T-118403,0,low,0.0263,3
T-118404,0,low,0.0,2
T-118405,0,none,0.0,1
T-118406,0,mid,0.1064,1
T-118407,7,low,0.1355,1
T-118408,1,low,0.12,2
T-118409,0,mid,0.129,3
T-118410,2,high,0.1299,2
T-118411,3,none,0.3896,3
T-118412,0,high,0.0667,2
T-118413,0,mid,0.0938,3
T-118414,5,none,0.3401,3
T-118415,0,low,0.037,2
T-118416,0,mid,0.0,3
T-118417,1,mid,0.0606,2
T-118418,5,low,0.3125,1
T-118419,0,low,0.0909,3
T-118420,0,low,0.0667,2
T-118421,0,mid,0.1034,1
T-118422,1,low,0.1818,2
T-118423,1,low,0.125,3
T-118424,4,mid,0.1015,3
T-118425,0,mid,0.0667,1
T-118426,2,mid,0.1176,3
T-118427,0,high,0.0,3
T-118428,2,mid,0.1081,3
T-118429,0,high,0.0909,3
T-118430,0,mid,0.0,3
T-118431,3,low,0.3881,1
T-118432,0,mid,0.125,3
T-118433,5,mid,0.2372,1
T-118434,3,mid,0.1447,2
T-118435,2,high,0.1429,1
T-118436,2,high,0.1818,1
T-118437,2,high,0.2174,2
T-118438,0,low,0.0,1
T-118439,0,none,0.0,2
T-118440,2,low,0.3846,1
T-118441,1,mid,0.0339,2
T-118442,0,none,0.0781,2
T-118443,0,mid,0.0411,3
T-118444,2,low,0.1417,2
T-118445,0,low,0.0625,3
T-118446,0,mid,0.0783,1
T-118447,2,mid,0.1849,3
T-118448,0,mid,0.0741,3
T-118449,5,mid,0.3401,2
T-118450,0,low,0.0,2
T-118451,0,mid,0.0,3
T-118452,1,low,0.02,2
T-118453,0,mid,0.0833,3
T-118454,0,mid,0.0,3
T-118455,0,low,0.1053,1
T-118456,2,mid,0.0723,3
T-118457,3,high,0.1429,2
T-118458,4,mid,0.6667,2
T-118459,0,mid,0.0,3
T-118460,1,low,0.0938,2
T-118461,6,mid,0.1074,3
T-118462,0,none,0.0,3
T-118463,1,none,0.02,3
T-118464,4,mid,0.1015,1
T-118465,4,mid,0.3333,2
T-118466,1,mid,0.2857,3
T-118467,0,mid,0.1071,3
T-118468,2,mid,0.1654,2
T-118469,3,mid,0.15,2
T-118470,0,low,0.0,3
T-118471,2,none,0.0935,3
T-118472,1,low,0.087,2
T-118473,0,low,0.1351,1
T-118474,2,mid,0.2195,3
T-118475,0,mid,0.0519,3
T-118476,0,low,0.0,3
T-118477,0,none,0.0,2
T-118478,4,mid,0.1515,1
T-118479,1,mid,0.1,3
T-118480,0,none,0.0,3
T-118481,0,low,0.0455,2
T-118482,1,low,0.4,1
T-118483,1,mid,0.1556,3
T-118484,3,high,0.3896,3
T-118485,0,none,0.0,3
T-118486,2,high,0.1429,1
T-118487,1,mid,0.0566,2
T-118488,1,mid,0.1,3
T-118489,5,mid,0.2372,1
T-118490,4,high,0.1015,2
T-118491,3,mid,0.1771,1
T-118492,0,low,0.0625,3
T-118493,0,mid,0.0,3
T-118494,0,mid,0.1778,3
T-118495,6,mid,0.1746,3
T-118496,3,high,0.1071,2
T-118497,0,mid,0.0,3
T-118498,0,mid,0.0769,3
T-118499,3,low,0.0588,2
T-118500,0,high,0.0645,1
T-118501,0,low,0.1778,3
T-118502,5,mid,0.1333,1
T-118503,0,mid,0.0,3
T-118504,2,high,0.0333,3
T-118505,0,low,0.0476,1
T-118506,2,mid,0.1579,3
T-118507,5,mid,0.2671,3
T-118508,6,mid,0.213,3
T-118509,0,low,0.0556,3
T-118510,0,low,0.0,2
T-118511,0,mid,0.1667,1
T-118512,6,mid,0.1746,3
T-118513,2,low,0.1417,2
T-118514,0,mid,0.0625,2
T-118515,0,none,0.1778,3
T-118516,2,mid,0.2027,1
T-118517,4,low,0.1472,3
T-118518,1,none,0.0566,2
T-118519,1,none,0.1034,3
T-118520,4,mid,0.1015,1
T-118521,0,low,0.4,2
T-118522,6,high,0.1746,3
T-118523,0,mid,0.3,2
T-118524,0,none,0.0403,2
T-118525,0,mid,0.0625,2
T-118526,6,high,0.1746,2
T-118527,2,low,0.3125,3
T-118528,1,mid,0.1429,1
T-118529,6,none,0.2372,2
T-118530,6,high,0.1333,2
T-118531,4,high,0.1015,3
T-118532,0,mid,0.0,2
T-118533,0,low,0.0638,3
T-118534,0,low,0.0345,3
T-118535,0,low,0.1429,1
T-118536,3,mid,0.1071,3
T-118537,1,low,0.3478,1
T-118538,6,mid,0.1611,3
T-118539,0,high,0.0,1
T-118540,1,high,0.0659,2
T-118541,4,low,0.1472,3
T-118542,1,low,0.0783,1
T-118543,1,low,0.02,3
T-118544,3,none,0.0588,2
T-118545,3,none,0.1852,1
T-118546,0,low,0.0,2
T-118547,1,mid,0.2128,2
T-118548,3,high,0.1818,2
T-118549,1,none,0.12,1
T-118550,2,high,0.1412,3
T-118551,0,mid,0.0,2
T-118552,1,mid,0.0323,3
T-118553,1,none,0.2308,3
T-118554,1,mid,0.4211,1
T-118555,5,mid,0.1515,2
T-118556,19,none,0.338,3
T-118557,0,mid,0.125,3
T-118558,1,mid,0.1714,1
T-118559,1,none,0.3333,2
T-118560,0,mid,0.0323,2
T-118561,0,high,0.0,3
T-118562,0,none,0.0476,3
T-118563,6,none,0.2372,2
T-118564,2,high,0.0909,3
T-118565,3,none,0.3896,1
T-118566,0,mid,0.0476,3
T-118567,4,high,0.1472,1
T-118568,3,mid,0.1447,2
T-118569,3,mid,0.1818,2
T-118570,4,low,0.1472,1
T-118571,3,low,0.0773,2
T-118572,6,none,0.1074,3
T-118573,0,mid,0.0667,3
T-118574,3,high,0.1429,3
T-118575,0,low,0.0385,3
T-118576,2,mid,0.1216,1
T-118577,1,high,0.1064,1
T-118578,3,mid,0.0588,2
T-118579,3,mid,0.1429,2
T-118580,1,low,0.0783,2
T-118581,0,none,0.2778,2
T-118582,1,mid,0.025,1
T-118583,3,mid,0.0943,3
T-118584,3,none,0.0588,2
T-118585,0,low,0.0,1
T-118586,0,mid,0.1818,1
T-118587,0,none,0.0,1
T-118588,4,mid,0.1852,2
T-118589,4,mid,0.1176,2
T-118590,3,mid,0.1071,3
T-118591,0,mid,0.4,1
T-118592,1,high,0.1765,1
T-118593,0,low,0.125,1
T-118594,1,high,0.0926,3
T-118595,0,low,0.0,2
T-118596,1,high,0.1143,3
T-118597,0,mid,0.2941,1
T-118598,1,mid,0.12,1
T-118599,0,mid,0.0,2
T-118600,0,mid,0.0,2
T-118601,0,none,0.0625,2
T-118602,1,low,0.1277,2
T-118603,0,low,0.0,3
T-118604,6,high,0.1746,1
T-118605,0,mid,0.0638,3
T-118606,6,high,0.1074,1
T-118607,3,low,0.15,2
T-118608,0,mid,0.0323,1
T-118609,4,mid,0.1978,3
T-118610,1,none,0.1111,1
T-118611,0,low,0.1304,1
T-118612,3,mid,0.1447,1
T-118613,0,high,0.0403,2
T-118614,2,mid,0.1538,2
T-118615,0,high,0.0,3
T-118616,1,low,0.0435,2
T-118617,0,low,0.0403,3
T-118618,6,high,0.1611,3
T-118619,0,mid,0.1169,2
T-118620,2,mid,0.1538,3
T-118621,0,mid,0.4,1
T-118622,1,mid,0.0893,3
T-118623,0,low,0.1667,1
T-118624,0,none,0.0659,2
T-118625,0,high,0.1429,1
T-118626,0,none,0.3333,3
T-118627,0,low,0.0403,3
T-118628,3,high,0.1316,2
T-118629,0,mid,0.0,2
T-118630,2,mid,0.1039,3
T-118631,6,none,0.1355,2
T-118632,5,low,0.3401,1
T-118633,0,mid,0.1389,1
T-118634,0,high,0.0659,3
T-118635,0,mid,0.25,1
T-118636,1,mid,0.1277,3
T-118637,2,mid,0.4,2
T-118638,19,high,0.338,1
T-118639,0,mid,0.0519,2
T-118640,0,mid,0.0,2
T-118641,1,high,0.1081,3
T-118642,3,mid,0.2899,1
T-118643,0,mid,0.0659,1
T-118644,7,low,0.1074,3
T-118645,1,mid,0.2,3
T-118646,2,none,0.1333,2
T-118647,0,low,,3
T-118648,0,mid,0.0,2
T-118649,0,mid,0.0659,2
T-118650,3,mid,0.1316,3
T-118651,0,none,0.0769,2
T-118652,6,none,0.1472,1
T-118653,1,none,0.025,1
T-118654,0,mid,0.0357,3
T-118655,1,none,0.0392,2
T-118656,0,high,0.0667,2
T-118657,3,mid,0.0759,3
T-118658,0,none,0.0,3
T-118659,0,low,0.1481,1
T-118660,1,high,0.1556,2
T-118661,1,low,0.0909,1
T-118662,0,high,0.0638,3
T-118663,0,mid,0.0471,3
T-118664,0,mid,0.1034,2
T-118665,3,high,0.0588,3
T-118666,3,mid,0.163,3
T-118667,2,mid,0.0333,2
T-118668,3,low,0.1277,3
T-118669,0,mid,0.1538,1
T-118670,0,low,0.0909,2
T-118671,0,mid,0.0,2
T-118672,2,mid,0.1654,2
T-118673,1,high,0.1,1
T-118674,6,mid,0.2372,3
T-118675,0,high,0.0,2
T-118676,0,mid,0.0588,3
T-118677,2,mid,0.02,1
T-118678,0,low,0.0385,2
T-118679,0,mid,0.0,3
T-118680,0,low,0.0,3
T-118681,3,high,0.0588,3
T-118682,6,mid,0.2372,3
T-118683,3,mid,0.0759,2
T-118684,3,low,0.1429,2
T-118685,0,low,0.125,1
T-118686,0,mid,0.15,3
T-118687,0,low,0.0,3
T-118688,0,low,0.0323,2
T-118689,1,low,0.1429,3
T-118690,3,mid,0.0759,2
T-118691,0,low,0.0,3
T-118692,1,none,0.0392,3
T-118693,0,high,0.0,3
T-118694,3,mid,0.0773,1
T-118695,3,low,0.1818,1
T-118696,3,mid,0.0759,3
T-118697,5,mid,0.213,3
T-118698,0,none,0.0,2
T-118699,4,mid,0.1978,3
T-118700,0,mid,0.0755,3
T-118701,2,none,0.0222,2
T-118702,2,mid,0.1849,3
T-118703,3,mid,0.1311,1
T-118704,1,high,0.1127,1
T-118705,1,low,0.0893,2
T-118706,0,low,0.0,3
T-118707,0,mid,0.0256,2
T-118708,1,none,0.0345,3
T-118709,0,high,0.1111,1
T-118710,0,mid,0.0,3
T-118711,1,mid,0.1667,2
T-118712,3,high,0.0943,1
T-118713,0,none,0.1765,1
T-118714,5,low,0.2671,3
T-118715,4,mid,0.1447,3
T-118716,0,mid,0.0,2
T-118717,0,high,0.0263,2
T-118718,0,none,0.0909,2
T-118719,1,mid,0.0893,3
T-118720,0,mid,0.0403,3
T-118721,1,mid,0.0392,3
T-118722,4,none,0.1447,3
T-118723,0,low,0.0294,2
T-118724,3,high,0.1429,2
T-118725,2,mid,0.1127,2
T-118726,1,low,0.1667,3
T-118727,2,mid,0.0723,2
T-118728,0,low,0.1765,3
T-118729,4,mid,0.2899,3
T-118730,0,mid,,3
T-118731,5,high,0.1333,3
T-118732,0,none,0.0,2
T-118733,7,low,0.3578,1
T-118734,0,mid,0.0851,3
T-118735,3,high,0.1277,2
T-118736,0,low,0.0625,3
T-118737,4,high,0.0943,3
T-118738,7,none,0.1472,3
T-118739,4,mid,0.1818,3
T-118740,0,none,0.0833,3
T-118741,6,none,0.1355,1
T-118742,0,low,0.0,3
T-118743,7,none,0.1746,3
T-118744,5,none,0.213,1
T-118745,6,high,0.1355,2
T-118746,1,mid,0.0938,3
T-118747,6,high,0.1355,2
T-118748,4,mid,0.1447,1
T-118749,2,mid,0.1579,3
T-118750,4,high,0.0943,1
T-118751,1,low,0.1053,2
T-118752,6,mid,0.1611,1
T-118753,0,mid,0.2308,3
T-118754,1,mid,0.12,3
T-118755,0,mid,0.1778,1
T-118756,0,mid,0.0938,3
T-118757,7,high,0.1746,2
T-118758,0,mid,0.0455,1
T-118759,0,low,0.0541,3
T-118760,3,mid,0.0773,2
T-118761,4,none,0.2899,3
T-118762,1,none,0.2059,3
T-118763,2,mid,0.1654,1
T-118764,2,mid,0.2121,3
T-118765,5,mid,0.213,3
T-118766,0,mid,0.0,3
T-118767,0,none,0.0385,1
T-118768,0,high,0.125,3
T-118769,2,none,0.1176,2
T-118770,1,high,0.1216,3
T-118771,0,mid,0.0,3
T-118772,0,none,0.4286,1
T-118773,4,mid,0.1818,1
T-118774,1,mid,0.2778,2
T-118775,0,low,0.0,3
T-118776,0,mid,0.25,1
T-118777,0,none,0.0403,2
T-118778,0,none,0.0263,3
T-118779,1,low,0.1277,1
T-118780,4,low,0.1447,2
T-118781,0,mid,0.0345,1
T-118782,0,mid,0.0755,2
T-118783,0,low,0.2941,1
T-118784,1,none,0.2727,3
T-118785,0,high,0.1667,2
T-118786,1,mid,0.0909,3
T-118787,0,high,0.2222,1
T-118788,0,low,0.4,1
T-118789,3,high,0.163,3
T-118790,0,mid,0.0,1
T-118791,7,mid,0.1472,1
T-118792,1,mid,0.0783,2
T-118793,0,mid,0.0,2
T-118794,0,mid,0.3333,1
T-118795,2,high,0.1277,3
T-118796,4,mid,0.1011,1
T-118797,0,low,0.0,1
T-118798,0,none,0.1778,2
T-118799,4,high,0.1915,1
T-118800,0,none,0.0,3
T-118801,4,mid,0.3333,1
T-118802,0,none,0.0,3
T-118803,1,none,0.1818,3
T-118804,0,none,0.0,2
T-118805,1,high,0.2,1
T-118806,6,mid,0.213,2
T-118807,7,mid,0.1074,2
T-118808,2,low,0.1196,1
T-118809,1,mid,0.08,3
T-118810,1,mid,0.1,3
T-118811,4,low,0.1015,1
T-118812,0,mid,0.0411,3
T-118813,0,mid,0.1,1
T-118814,1,high,0.0759,3
T-118815,1,mid,0.4,3
T-118816,0,none,0.1304,2
T-118817,1,mid,0.0784,2
T-118818,4,low,0.1978,3
T-118819,0,mid,0.0,2
T-118820,2,mid,0.2195,1
T-118821,0,mid,0.0,3
T-118822,0,mid,0.0,1
T-118823,0,low,0.0,2
T-118824,2,high,0.1417,1
T-118825,0,low,0.125,1
T-118826,4,high,0.1015,3
T-118827,3,low,0.0759,3
T-118828,2,mid,0.1579,1
T-118829,1,mid,0.1143,3
T-118830,0,low,0.4,3
T-118831,3,high,0.3881,2
T-118832,2,mid,0.0773,2
T-118833,7,mid,0.1074,1
T-118834,0,mid,0.0,3
T-118835,0,high,0.0625,1
T-118836,1,none,0.4,3
T-118837,1,high,0.1515,3
T-118838,0,low,0.0,3
T-118839,0,mid,0.0,3
T-118840,0,mid,0.129,3
T-118841,0,mid,0.0,3
T-118842,6,mid,0.2372,2
T-118843,4,high,0.1818,1
T-118844,4,high,0.1015,2
T-118845,5,mid,0.1011,2
T-118846,2,none,0.1333,1
T-118847,3,low,0.0759,2
T-118848,0,mid,0.0667,3
T-118849,0,none,0.0714,3
T-118850,3,mid,0.1538,3
T-118851,0,low,0.0,3
T-118852,0,mid,0.0385,2
T-118853,0,low,0.0,2
T-118854,0,mid,0.0385,3
T-118855,0,low,0.0588,3
T-118856,0,mid,0.0959,2
T-118857,0,low,0.0,3
T-118858,1,none,0.0759,3
T-118859,0,mid,0.0,3
T-118860,1,mid,0.1667,2
T-118861,0,mid,0.0385,2
T-118862,0,low,0.125,3
T-118863,0,mid,0.0,3
T-118864,1,low,0.0385,3
T-118865,3,low,0.2381,1
T-118866,5,mid,0.3401,3
T-118867,1,high,0.1,3
T-118868,1,mid,0.0345,2
T-118869,3,mid,0.1277,1
T-118870,1,high,0.1176,3
T-118871,3,mid,0.1316,2
T-118872,0,low,0.1778,1
T-118873,0,mid,0.0303,1
T-118874,0,mid,0.0526,3
T-118875,0,none,0.0337,3
T-118876,1,mid,0.0323,2
T-118877,0,low,0.0,2
T-118878,0,high,0.0,2
T-118879,0,mid,0.0,3
T-118880,0,low,0.2308,3
T-118881,0,mid,0.0,1
T-118882,3,low,0.2381,1
T-118883,4,high,0.1515,1
T-118884,0,none,0.2273,2
T-118885,0,none,,3
T-118886,0,none,0.125,1
T-118887,19,mid,0.338,3
T-118888,0,none,0.0,3
T-118889,3,mid,0.1538,3
T-118890,4,none,0.1852,3
T-118891,1,high,0.1778,1
T-118892,0,mid,0.0,1
T-118893,0,mid,0.0303,1
T-118894,0,mid,0.0,3
T-118895,0,mid,0.0,2
T-118896,0,mid,0.0,2
T-118897,0,mid,0.0625,2
T-118898,0,mid,,3
T-118899,3,none,0.1429,3
T-118900,1,low,0.1216,2
T-118901,1,high,0.0345,3
T-118902,1,high,0.12,3
T-118903,7,mid,0.1472,1
T-118904,0,mid,0.0,3
T-118905,0,high,0.0714,3
T-118906,2,none,0.1277,3
T-118907,0,mid,0.0,3
T-118908,19,mid,0.338,1
T-118909,1,low,0.0893,3
T-118910,5,mid,0.1447,2
T-118911,4,mid,0.3896,1
T-118912,0,none,0.0,2
T-118913,0,low,0.2,3
T-118914,0,none,0.0,2
T-118915,5,none,0.1447,3
T-118916,1,high,0.125,3
T-118917,3,mid,0.0588,1
T-118918,6,none,0.2372,2
T-118919,0,none,0.1538,2
T-118920,3,low,0.3881,3
T-118921,0,high,0.0345,3
T-118922,1,mid,0.08,3
T-118923,0,high,0.0769,2
T-118924,2,mid,0.0909,1
T-118925,0,mid,0.069,3
T-118926,1,low,0.0789,3
T-118927,1,mid,0.0784,3
T-118928,6,mid,0.2372,3
T-118929,0,high,0.0,1
T-118930,0,mid,0.0403,1
T-118931,0,mid,0.0403,3
T-118932,0,high,0.0256,3
T-118933,0,high,0.0,3
T-118934,4,mid,0.1852,3
T-118935,0,high,0.0541,3
T-118936,0,mid,0.1818,3
T-118937,0,low,0.1169,2
T-118938,1,low,0.2,2
T-118939,0,high,0.2083,3
T-118940,2,mid,0.0909,1
T-118941,5,mid,0.1818,2
T-118942,5,high,0.1447,3
T-118943,1,none,0.0783,3
T-118944,4,high,0.4,3
T-118945,0,high,0.0323,2
T-118946,0,high,0.1169,1
T-118947,0,low,0.0,2
T-118948,1,low,0.1667,2
T-118949,1,mid,0.0392,2
T-118950,0,low,0.0,2
T-118951,3,mid,0.15,3
T-118952,2,mid,0.2174,1
T-118953,3,low,0.1071,3
T-118954,0,low,0.0,3
T-118955,3,high,0.163,2
T-118956,1,mid,0.2727,1
T-118957,7,mid,0.1611,1
T-118958,1,low,0.0566,2
T-118959,1,mid,0.1556,3
T-118960,4,mid,0.0943,3
T-118961,0,mid,0.1429,3
T-118962,0,low,0.0625,2
T-118963,4,mid,0.1852,1
T-118964,0,high,0.0337,3
T-118965,5,low,0.1818,2
T-118966,3,high,0.1333,2
T-118967,1,mid,0.0339,2
T-118968,0,none,0.0,1
T-118969,2,mid,0.1277,3
T-118970,1,low,0.1667,3
T-118971,2,high,0.1417,1
T-118972,1,mid,0.1429,2
T-118973,4,high,0.2671,3
T-118974,2,low,0.3061,3
T-118975,20,low,0.338,1
T-118976,0,mid,0.25,1
T-118977,0,none,0.0,2
T-118978,0,low,0.0,1
T-118979,0,low,0.1333,1
T-118980,1,mid,0.0759,1
T-118981,5,mid,0.3896,1
T-118982,0,mid,0.04,3
T-118983,1,low,0.1515,1
T-118984,0,low,0.25,1
T-118985,5,high,0.1333,1
T-118986,1,high,0.0345,3
T-118987,8,low,0.3578,1
T-118988,8,mid,0.1472,1
T-118989,3,mid,0.0759,3
T-118990,8,mid,0.1074,3
T-118991,0,low,0.0625,3
T-118992,0,high,0.0,3
T-118993,0,mid,0.069,2
T-118994,4,mid,0.0943,2
T-118995,1,low,0.1667,1
T-118996,0,none,0.04,2
T-118997,6,high,0.3896,1
T-118998,0,low,0.0,2
T-118999,1,mid,0.1196,2
T-119000,0,mid,0.0833,2
T-119001,0,high,0.0638,2
T-119002,1,none,0.0625,3
T-119003,21,none,0.338,1
T-119004,1,mid,0.0769,2
T-119005,0,mid,,2
T-119006,1,mid,0.1351,2
T-119007,0,mid,0.0256,2
T-119008,7,none,0.1355,3
T-119009,0,low,0.0,2
T-119010,0,high,0.0781,1
T-119011,6,low,0.1746,1
T-119012,1,none,0.125,3
T-119013,0,high,0.0,2
T-119014,1,high,0.0759,2
T-119015,1,mid,0.1111,3
T-119016,0,mid,0.0,3
T-119017,6,low,0.1746,3
T-119018,0,mid,0.0471,2
T-119019,2,mid,0.1333,3
T-119020,4,none,0.1311,2
T-119021,3,mid,0.163,2
T-119022,0,mid,0.0,3
T-119023,0,mid,0.0659,3
T-119024,1,mid,0.0455,2
T-119025,2,low,0.0935,3
T-119026,21,low,0.338,3
T-119027,0,high,0.25,3
T-119028,1,mid,0.2667,1
T-119029,0,high,0.3333,1
T-119030,0,low,0.0667,1
T-119031,0,mid,0.1538,3
T-119032,0,mid,0.0411,3
T-119033,0,mid,0.0,2
T-119034,6,mid,0.213,2
T-119035,0,mid,0.0588,3
T-119036,1,mid,0.1556,1
T-119037,2,none,0.0222,2
T-119038,21,mid,0.338,3
T-119039,2,none,0.02,1
T-119040,6,high,0.3896,3
T-119041,5,mid,0.1515,2
T-119042,0,mid,0.0,1
T-119043,7,mid,0.1611,3
T-119044,4,none,0.1978,1
T-119045,0,low,0.4,1
T-119046,0,low,0.1538,1
T-119047,0,low,0.2308,1
T-119048,4,low,0.1015,2
T-119049,2,mid,0.0773,3
T-119050,0,mid,0.0345,3
T-119051,2,low,0.025,2
T-119052,2,high,0.0935,3
T-119053,0,mid,0.3,2
T-119054,3,mid,0.2208,1
T-119055,0,mid,0.0519,1
T-119056,3,high,0.1277,3
T-119057,5,mid,0.1333,2
T-119058,5,low,0.1447,1
T-119059,5,low,0.3333,1
T-119060,3,high,0.2027,2
T-119061,0,low,0.1333,2
T-119062,0,mid,0.0294,2
T-119063,0,mid,0.0,1
T-119064,3,high,0.0759,3
T-119065,0,mid,0.0,3
T-119066,3,none,0.0759,2
T-119067,0,mid,0.2128,3
T-119068,3,high,0.2027,3
T-119069,2,mid,0.02,2
T-119070,1,mid,0.1667,3
T-119071,0,mid,0.1111,3
T-119072,2,mid,0.1765,2
T-119073,4,none,0.1015,1
T-119074,4,mid,0.0943,3
T-119075,0,mid,0.0471,2
T-119076,0,mid,0.1379,3
T-119077,2,mid,0.0222,3
T-119078,0,low,0.0,1
T-119079,1,low,0.1196,2
T-119080,4,mid,0.1978,3
T-119081,4,high,0.6667,1
T-119082,2,mid,0.0935,1
T-119083,0,mid,0.0256,2
T-119084,2,mid,0.0222,3
T-119085,3,mid,0.15,3
T-119086,0,low,0.0,3
T-119087,1,none,0.0783,1
T-119088,3,low,0.1771,1
T-119089,1,low,0.0345,1
T-119090,4,mid,0.0943,1
T-119091,1,none,0.0784,2
T-119092,1,mid,0.2941,3
T-119093,2,mid,0.0723,3
T-119094,0,none,0.0,3
T-119095,0,none,0.1481,2
T-119096,0,none,0.0659,3
T-119097,2,mid,0.1064,1
T-119098,2,mid,0.0222,3
T-119099,6,none,0.3896,3
T-119100,0,mid,0.0,2
T-119101,0,high,0.0,3
T-119102,8,mid,0.1472,3
T-119103,0,mid,0.0952,1
T-119104,0,low,0.1333,3
T-119105,0,low,0.1818,1
T-119106,4,mid,0.1015,2
T-119107,1,low,0.125,2
T-119108,4,none,0.2208,3
T-119109,7,mid,0.1355,1
T-119110,0,low,0.0,3
T-119111,1,low,0.1,3
T-119112,8,none,0.1472,2
T-119113,0,mid,0.0,3
T-119114,1,mid,0.2,1
T-119115,2,low,0.1923,3
T-119116,0,mid,0.0952,2
T-119117,0,high,0.0659,3
T-119118,6,none,0.1746,3
T-119119,3,high,0.2174,2
T-119120,0,mid,0.0714,1
